ISO-10303-21;
HEADER;
/* Generated by software containing ST-Developer
 * from STEP Tools, Inc. (www.steptools.com) 
 */

FILE_DESCRIPTION(
/* description */ (''),
/* implementation_level */ '2;1');

FILE_NAME(
/* name */ '2020 Shelf Bracket Spacer v7.step',
/* time_stamp */ '2025-10-19T14:51:47-07:00',
/* author */ (''),
/* organization */ (''),
/* preprocessor_version */ 'ST-DEVELOPER v20.1',
/* originating_system */ 'Autodesk Translation Framework v14.17.0.0',
/* authorisation */ '');

FILE_SCHEMA (('AUTOMOTIVE_DESIGN { 1 0 10303 214 3 1 1 }'));
ENDSEC;

DATA;
#10=MECHANICAL_DESIGN_GEOMETRIC_PRESENTATION_REPRESENTATION('',(#17),#7421);
#11=ITEM_DEFINED_TRANSFORMATION($,$,#3689,#3763);
#12=(
REPRESENTATION_RELATIONSHIP($,$,#7432,#7431)
REPRESENTATION_RELATIONSHIP_WITH_TRANSFORMATION(#11)
SHAPE_REPRESENTATION_RELATIONSHIP()
);
#13=CONTEXT_DEPENDENT_SHAPE_REPRESENTATION(#12,#7430);
#14=NEXT_ASSEMBLY_USAGE_OCCURRENCE('Spacer:1','Spacer:1','Spacer:1',#7434,
#7435,'Spacer:1');
#15=SHAPE_REPRESENTATION_RELATIONSHIP('SRR','None',#7432,#16);
#16=ADVANCED_BREP_SHAPE_REPRESENTATION('',(#18),#7420);
#17=STYLED_ITEM('',(#7446),#18);
#18=MANIFOLD_SOLID_BREP('Body1',#3675);
#19=B_SPLINE_SURFACE_WITH_KNOTS('',3,1,((#4395,#4396),(#4397,#4398),(#4399,
#4400),(#4401,#4402),(#4403,#4404)),.UNSPECIFIED.,.F.,.F.,.F.,(4,1,4),(2,
2),(0.,0.0862454805918633,0.16464264647961),(-0.1,0.),.UNSPECIFIED.);
#20=B_SPLINE_SURFACE_WITH_KNOTS('',3,1,((#4414,#4415),(#4416,#4417),(#4418,
#4419),(#4420,#4421),(#4422,#4423)),.UNSPECIFIED.,.F.,.F.,.F.,(4,1,4),(2,
2),(0.,0.0796198950375703,0.163141549223739),(-0.1,0.),.UNSPECIFIED.);
#21=B_SPLINE_SURFACE_WITH_KNOTS('',3,1,((#4431,#4432),(#4433,#4434),(#4435,
#4436),(#4437,#4438),(#4439,#4440)),.UNSPECIFIED.,.F.,.F.,.F.,(4,1,4),(2,
2),(0.,0.0899420319762882,0.172036174429097),(-0.1,0.),.UNSPECIFIED.);
#22=B_SPLINE_SURFACE_WITH_KNOTS('',3,1,((#4448,#4449),(#4450,#4451),(#4452,
#4453),(#4454,#4455),(#4456,#4457)),.UNSPECIFIED.,.F.,.F.,.F.,(4,1,4),(2,
2),(0.,0.138041030456837,0.247608181249233),(-0.1,0.),.UNSPECIFIED.);
#23=B_SPLINE_SURFACE_WITH_KNOTS('',3,1,((#4465,#4466),(#4467,#4468),(#4469,
#4470),(#4471,#4472),(#4473,#4474)),.UNSPECIFIED.,.F.,.F.,.F.,(4,1,4),(2,
2),(0.,0.0982843333054126,0.22843669689002),(-0.1,0.),.UNSPECIFIED.);
#24=B_SPLINE_SURFACE_WITH_KNOTS('',3,1,((#4482,#4483),(#4484,#4485),(#4486,
#4487),(#4488,#4489),(#4490,#4491)),.UNSPECIFIED.,.F.,.F.,.F.,(4,1,4),(2,
2),(0.,0.0765200612845496,0.156911733188211),(-0.1,0.),.UNSPECIFIED.);
#25=B_SPLINE_SURFACE_WITH_KNOTS('',3,1,((#4499,#4500),(#4501,#4502),(#4503,
#4504),(#4505,#4506),(#4507,#4508)),.UNSPECIFIED.,.F.,.F.,.F.,(4,1,4),(2,
2),(0.,0.0753607547165034,0.150130085131411),(-0.1,0.),.UNSPECIFIED.);
#26=B_SPLINE_SURFACE_WITH_KNOTS('',3,1,((#4516,#4517),(#4518,#4519),(#4520,
#4521),(#4522,#4523),(#4524,#4525)),.UNSPECIFIED.,.F.,.F.,.F.,(4,1,4),(2,
2),(0.,0.0983114832326539,0.199079605668761),(-0.1,0.),.UNSPECIFIED.);
#27=B_SPLINE_SURFACE_WITH_KNOTS('',3,1,((#4533,#4534),(#4535,#4536),(#4537,
#4538),(#4539,#4540),(#4541,#4542)),.UNSPECIFIED.,.F.,.F.,.F.,(4,1,4),(2,
2),(0.,0.111267200583949,0.21268309339116),(-0.1,0.),.UNSPECIFIED.);
#28=B_SPLINE_SURFACE_WITH_KNOTS('',3,1,((#4550,#4551),(#4552,#4553),(#4554,
#4555),(#4556,#4557),(#4558,#4559)),.UNSPECIFIED.,.F.,.F.,.F.,(4,1,4),(2,
2),(0.,0.0981340998493782,0.205925660018743),(-0.1,0.),.UNSPECIFIED.);
#29=B_SPLINE_SURFACE_WITH_KNOTS('',3,1,((#4567,#4568),(#4569,#4570),(#4571,
#4572),(#4573,#4574),(#4575,#4576)),.UNSPECIFIED.,.F.,.F.,.F.,(4,1,4),(2,
2),(0.,0.0934295920324005,0.186999706272118),(-0.1,0.),.UNSPECIFIED.);
#30=B_SPLINE_SURFACE_WITH_KNOTS('',3,1,((#4584,#4585),(#4586,#4587),(#4588,
#4589),(#4590,#4591),(#4592,#4593)),.UNSPECIFIED.,.F.,.F.,.F.,(4,1,4),(2,
2),(0.,0.0572053699000939,0.11495891870179),(-0.1,0.),.UNSPECIFIED.);
#31=B_SPLINE_SURFACE_WITH_KNOTS('',3,1,((#4601,#4602),(#4603,#4604),(#4605,
#4606),(#4607,#4608),(#4609,#4610)),.UNSPECIFIED.,.F.,.F.,.F.,(4,1,4),(2,
2),(0.,0.0550594744953274,0.112032002288757),(-0.1,0.),.UNSPECIFIED.);
#32=B_SPLINE_SURFACE_WITH_KNOTS('',3,1,((#4618,#4619),(#4620,#4621),(#4622,
#4623),(#4624,#4625),(#4626,#4627)),.UNSPECIFIED.,.F.,.F.,.F.,(4,1,4),(2,
2),(0.,0.00818664183630382,0.0196537700243701),(-0.1,0.),.UNSPECIFIED.);
#33=B_SPLINE_SURFACE_WITH_KNOTS('',3,1,((#4635,#4636),(#4637,#4638),(#4639,
#4640),(#4641,#4642),(#4643,#4644)),.UNSPECIFIED.,.F.,.F.,.F.,(4,1,4),(2,
2),(0.,0.0604992857647977,0.121184166867941),(-0.1,0.),.UNSPECIFIED.);
#34=B_SPLINE_SURFACE_WITH_KNOTS('',3,1,((#4652,#4653),(#4654,#4655),(#4656,
#4657),(#4658,#4659),(#4660,#4661)),.UNSPECIFIED.,.F.,.F.,.F.,(4,1,4),(2,
2),(0.,0.0455769005276039,0.101024359967269),(-0.1,0.),.UNSPECIFIED.);
#35=B_SPLINE_SURFACE_WITH_KNOTS('',3,1,((#4669,#4670),(#4671,#4672),(#4673,
#4674),(#4675,#4676),(#4677,#4678)),.UNSPECIFIED.,.F.,.F.,.F.,(4,1,4),(2,
2),(0.,0.0394857270338572,0.0792647129814766),(-0.1,0.),.UNSPECIFIED.);
#36=B_SPLINE_SURFACE_WITH_KNOTS('',3,1,((#4686,#4687),(#4688,#4689),(#4690,
#4691),(#4692,#4693),(#4694,#4695)),.UNSPECIFIED.,.F.,.F.,.F.,(4,1,4),(2,
2),(0.,0.0427440372029562,0.0826018991754925),(-0.1,0.),.UNSPECIFIED.);
#37=B_SPLINE_SURFACE_WITH_KNOTS('',3,1,((#4703,#4704),(#4705,#4706),(#4707,
#4708),(#4709,#4710),(#4711,#4712)),.UNSPECIFIED.,.F.,.F.,.F.,(4,1,4),(2,
2),(0.,0.0446915358287408,0.0934307406606387),(-0.1,0.),.UNSPECIFIED.);
#38=B_SPLINE_SURFACE_WITH_KNOTS('',3,1,((#4720,#4721),(#4722,#4723),(#4724,
#4725),(#4726,#4727),(#4728,#4729)),.UNSPECIFIED.,.F.,.F.,.F.,(4,1,4),(2,
2),(0.,0.0600310529630784,0.108386812004718),(-0.1,0.),.UNSPECIFIED.);
#39=B_SPLINE_SURFACE_WITH_KNOTS('',3,1,((#4741,#4742),(#4743,#4744),(#4745,
#4746),(#4747,#4748),(#4749,#4750)),.UNSPECIFIED.,.F.,.F.,.F.,(4,1,4),(2,
2),(0.,0.0788821570880726,0.166114531864676),(-0.1,0.),.UNSPECIFIED.);
#40=B_SPLINE_SURFACE_WITH_KNOTS('',3,1,((#4756,#4757),(#4758,#4759),(#4760,
#4761),(#4762,#4763),(#4764,#4765)),.UNSPECIFIED.,.F.,.F.,.F.,(4,1,4),(2,
2),(0.,0.0631982487869581,0.124414444160852),(-0.1,0.),.UNSPECIFIED.);
#41=B_SPLINE_SURFACE_WITH_KNOTS('',3,1,((#4775,#4776),(#4777,#4778),(#4779,
#4780),(#4781,#4782),(#4783,#4784)),.UNSPECIFIED.,.F.,.F.,.F.,(4,1,4),(2,
2),(0.,0.0627798183165727,0.126245996484438),(-0.1,0.),.UNSPECIFIED.);
#42=B_SPLINE_SURFACE_WITH_KNOTS('',3,1,((#4792,#4793),(#4794,#4795),(#4796,
#4797),(#4798,#4799),(#4800,#4801)),.UNSPECIFIED.,.F.,.F.,.F.,(4,1,4),(2,
2),(0.,0.0702453104451694,0.135204394926837),(-0.1,0.),.UNSPECIFIED.);
#43=B_SPLINE_SURFACE_WITH_KNOTS('',3,1,((#4809,#4810),(#4811,#4812),(#4813,
#4814),(#4815,#4816),(#4817,#4818)),.UNSPECIFIED.,.F.,.F.,.F.,(4,1,4),(2,
2),(0.,0.0713844793872511,0.149550163825955),(-0.1,0.),.UNSPECIFIED.);
#44=B_SPLINE_SURFACE_WITH_KNOTS('',3,1,((#4826,#4827),(#4828,#4829),(#4830,
#4831),(#4832,#4833),(#4834,#4835)),.UNSPECIFIED.,.F.,.F.,.F.,(4,1,4),(2,
2),(0.,0.0626975333786462,0.129001383599304),(-0.1,0.),.UNSPECIFIED.);
#45=B_SPLINE_SURFACE_WITH_KNOTS('',3,1,((#4843,#4844),(#4845,#4846),(#4847,
#4848),(#4849,#4850),(#4851,#4852)),.UNSPECIFIED.,.F.,.F.,.F.,(4,1,4),(2,
2),(0.,0.0618555567408431,0.121817719217656),(-0.1,0.),.UNSPECIFIED.);
#46=B_SPLINE_SURFACE_WITH_KNOTS('',3,1,((#4860,#4861),(#4862,#4863),(#4864,
#4865),(#4866,#4867),(#4868,#4869)),.UNSPECIFIED.,.F.,.F.,.F.,(4,1,4),(2,
2),(0.,0.0766931706588555,0.144246116990509),(-0.1,0.),.UNSPECIFIED.);
#47=B_SPLINE_SURFACE_WITH_KNOTS('',3,1,((#4877,#4878),(#4879,#4880),(#4881,
#4882),(#4883,#4884),(#4885,#4886)),.UNSPECIFIED.,.F.,.F.,.F.,(4,1,4),(2,
2),(0.,0.0660799816058726,0.142328408753641),(-0.1,0.),.UNSPECIFIED.);
#48=B_SPLINE_SURFACE_WITH_KNOTS('',3,1,((#4939,#4940),(#4941,#4942),(#4943,
#4944),(#4945,#4946),(#4947,#4948)),.UNSPECIFIED.,.F.,.F.,.F.,(4,1,4),(2,
2),(0.,0.133572652249161,0.253168785482903),(-0.1,0.),.UNSPECIFIED.);
#49=B_SPLINE_SURFACE_WITH_KNOTS('',3,1,((#4958,#4959),(#4960,#4961),(#4962,
#4963),(#4964,#4965),(#4966,#4967)),.UNSPECIFIED.,.F.,.F.,.F.,(4,1,4),(2,
2),(0.,0.138140728773336,0.277312503336151),(-0.1,0.),.UNSPECIFIED.);
#50=B_SPLINE_SURFACE_WITH_KNOTS('',3,1,((#4975,#4976),(#4977,#4978),(#4979,
#4980),(#4981,#4982),(#4983,#4984)),.UNSPECIFIED.,.F.,.F.,.F.,(4,1,4),(2,
2),(0.,0.1047169979463,0.23150236519843),(-0.1,0.),.UNSPECIFIED.);
#51=B_SPLINE_SURFACE_WITH_KNOTS('',3,1,((#4996,#4997),(#4998,#4999),(#5000,
#5001),(#5002,#5003),(#5004,#5005)),.UNSPECIFIED.,.F.,.F.,.F.,(4,1,4),(2,
2),(0.,0.107920316086511,0.223446443009225),(-0.1,0.),.UNSPECIFIED.);
#52=B_SPLINE_SURFACE_WITH_KNOTS('',3,1,((#5013,#5014),(#5015,#5016),(#5017,
#5018),(#5019,#5020),(#5021,#5022)),.UNSPECIFIED.,.F.,.F.,.F.,(4,1,4),(2,
2),(0.,0.151929162973605,0.300873473742899),(-0.1,0.),.UNSPECIFIED.);
#53=B_SPLINE_SURFACE_WITH_KNOTS('',3,1,((#5030,#5031),(#5032,#5033),(#5034,
#5035),(#5036,#5037),(#5038,#5039)),.UNSPECIFIED.,.F.,.F.,.F.,(4,1,4),(2,
2),(0.,0.12148754553103,0.264508407832568),(-0.1,0.),.UNSPECIFIED.);
#54=B_SPLINE_SURFACE_WITH_KNOTS('',3,1,((#5192,#5193),(#5194,#5195),(#5196,
#5197),(#5198,#5199),(#5200,#5201)),.UNSPECIFIED.,.F.,.F.,.F.,(4,1,4),(2,
2),(0.,0.0526516031334263,0.122613438267275),(-0.1,0.),.UNSPECIFIED.);
#55=B_SPLINE_SURFACE_WITH_KNOTS('',3,1,((#5209,#5210),(#5211,#5212),(#5213,
#5214),(#5215,#5216),(#5217,#5218)),.UNSPECIFIED.,.F.,.F.,.F.,(4,1,4),(2,
2),(0.,0.0403894124227382,0.0827126026218672),(-0.1,0.),.UNSPECIFIED.);
#56=B_SPLINE_SURFACE_WITH_KNOTS('',3,1,((#5226,#5227),(#5228,#5229),(#5230,
#5231),(#5232,#5233),(#5234,#5235)),.UNSPECIFIED.,.F.,.F.,.F.,(4,1,4),(2,
2),(0.,0.0403430851100691,0.0807775036555511),(-0.1,0.),.UNSPECIFIED.);
#57=B_SPLINE_SURFACE_WITH_KNOTS('',3,1,((#5243,#5244),(#5245,#5246),(#5247,
#5248),(#5249,#5250),(#5251,#5252)),.UNSPECIFIED.,.F.,.F.,.F.,(4,1,4),(2,
2),(0.,0.0400597715558161,0.0876985876088458),(-0.1,0.),.UNSPECIFIED.);
#58=B_SPLINE_SURFACE_WITH_KNOTS('',3,1,((#5260,#5261),(#5262,#5263),(#5264,
#5265),(#5266,#5267),(#5268,#5269)),.UNSPECIFIED.,.F.,.F.,.F.,(4,1,4),(2,
2),(0.,0.0576122592846542,0.102327000334799),(-0.1,0.),.UNSPECIFIED.);
#59=B_SPLINE_SURFACE_WITH_KNOTS('',3,1,((#5289,#5290),(#5291,#5292),(#5293,
#5294),(#5295,#5296),(#5297,#5298)),.UNSPECIFIED.,.F.,.F.,.F.,(4,1,4),(2,
2),(0.,0.0607482004827362,0.13862223398633),(-0.1,0.),.UNSPECIFIED.);
#60=B_SPLINE_SURFACE_WITH_KNOTS('',3,1,((#5306,#5307),(#5308,#5309),(#5310,
#5311),(#5312,#5313),(#5314,#5315)),.UNSPECIFIED.,.F.,.F.,.F.,(4,1,4),(2,
2),(0.,0.0568621055659016,0.111803342519311),(-0.1,0.),.UNSPECIFIED.);
#61=B_SPLINE_SURFACE_WITH_KNOTS('',3,1,((#5323,#5324),(#5325,#5326),(#5327,
#5328),(#5329,#5330),(#5331,#5332)),.UNSPECIFIED.,.F.,.F.,.F.,(4,1,4),(2,
2),(0.,0.0297552943561004,0.0616521490130986),(-0.1,0.),.UNSPECIFIED.);
#62=B_SPLINE_SURFACE_WITH_KNOTS('',3,1,((#5340,#5341),(#5342,#5343),(#5344,
#5345),(#5346,#5347),(#5348,#5349)),.UNSPECIFIED.,.F.,.F.,.F.,(4,1,4),(2,
2),(0.,0.0270583130622766,0.0551002318808248),(-0.1,0.),.UNSPECIFIED.);
#63=B_SPLINE_SURFACE_WITH_KNOTS('',3,1,((#5357,#5358),(#5359,#5360),(#5361,
#5362),(#5363,#5364),(#5365,#5366)),.UNSPECIFIED.,.F.,.F.,.F.,(4,1,4),(2,
2),(0.,0.0506734188988838,0.0854331585823464),(-0.1,0.),.UNSPECIFIED.);
#64=B_SPLINE_SURFACE_WITH_KNOTS('',3,1,((#5386,#5387),(#5388,#5389),(#5390,
#5391),(#5392,#5393),(#5394,#5395)),.UNSPECIFIED.,.F.,.F.,.F.,(4,1,4),(2,
2),(0.,0.0697337099081546,0.156866287382475),(-0.1,0.),.UNSPECIFIED.);
#65=B_SPLINE_SURFACE_WITH_KNOTS('',3,1,((#5403,#5404),(#5405,#5406),(#5407,
#5408),(#5409,#5410),(#5411,#5412)),.UNSPECIFIED.,.F.,.F.,.F.,(4,1,4),(2,
2),(0.,0.0772016563270401,0.144072605998811),(-0.1,0.),.UNSPECIFIED.);
#66=B_SPLINE_SURFACE_WITH_KNOTS('',3,1,((#5420,#5421),(#5422,#5423),(#5424,
#5425),(#5426,#5427),(#5428,#5429)),.UNSPECIFIED.,.F.,.F.,.F.,(4,1,4),(2,
2),(0.,0.109800148813518,0.212837616941795),(-0.1,0.),.UNSPECIFIED.);
#67=B_SPLINE_SURFACE_WITH_KNOTS('',3,1,((#5437,#5438),(#5439,#5440),(#5441,
#5442),(#5443,#5444),(#5445,#5446)),.UNSPECIFIED.,.F.,.F.,.F.,(4,1,4),(2,
2),(0.,0.0477114072777426,0.096239510489911),(-0.1,0.),.UNSPECIFIED.);
#68=B_SPLINE_SURFACE_WITH_KNOTS('',3,1,((#5454,#5455),(#5456,#5457),(#5458,
#5459),(#5460,#5461),(#5462,#5463)),.UNSPECIFIED.,.F.,.F.,.F.,(4,1,4),(2,
2),(0.,0.0589075204716284,0.109817821334802),(-0.1,0.),.UNSPECIFIED.);
#69=B_SPLINE_SURFACE_WITH_KNOTS('',3,1,((#5471,#5472),(#5473,#5474),(#5475,
#5476),(#5477,#5478),(#5479,#5480)),.UNSPECIFIED.,.F.,.F.,.F.,(4,1,4),(2,
2),(0.,0.0522641300081217,0.107361233259075),(-0.1,0.),.UNSPECIFIED.);
#70=B_SPLINE_SURFACE_WITH_KNOTS('',3,1,((#5488,#5489),(#5490,#5491),(#5492,
#5493),(#5494,#5495),(#5496,#5497)),.UNSPECIFIED.,.F.,.F.,.F.,(4,1,4),(2,
2),(0.,0.0498004888641116,0.100362488856722),(-0.1,0.),.UNSPECIFIED.);
#71=B_SPLINE_SURFACE_WITH_KNOTS('',3,1,((#5560,#5561),(#5562,#5563),(#5564,
#5565),(#5566,#5567),(#5568,#5569)),.UNSPECIFIED.,.F.,.F.,.F.,(4,1,4),(2,
2),(0.,0.0528594926621754,0.116154594935546),(-0.1,0.),.UNSPECIFIED.);
#72=B_SPLINE_SURFACE_WITH_KNOTS('',3,1,((#5577,#5578),(#5579,#5580),(#5581,
#5582),(#5583,#5584),(#5585,#5586)),.UNSPECIFIED.,.F.,.F.,.F.,(4,1,4),(2,
2),(0.,0.0604852125521007,0.122554613284167),(-0.1,0.),.UNSPECIFIED.);
#73=B_SPLINE_SURFACE_WITH_KNOTS('',3,1,((#5649,#5650),(#5651,#5652),(#5653,
#5654),(#5655,#5656),(#5657,#5658)),.UNSPECIFIED.,.F.,.F.,.F.,(4,1,4),(2,
2),(0.,0.0756395225545407,0.138678264824596),(-0.1,0.),.UNSPECIFIED.);
#74=B_SPLINE_SURFACE_WITH_KNOTS('',3,1,((#5666,#5667),(#5668,#5669),(#5670,
#5671),(#5672,#5673),(#5674,#5675)),.UNSPECIFIED.,.F.,.F.,.F.,(4,1,4),(2,
2),(0.,0.0883036948132105,0.172399222108339),(-0.1,0.),.UNSPECIFIED.);
#75=B_SPLINE_SURFACE_WITH_KNOTS('',3,1,((#5687,#5688),(#5689,#5690),(#5691,
#5692),(#5693,#5694),(#5695,#5696)),.UNSPECIFIED.,.F.,.F.,.F.,(4,1,4),(2,
2),(0.,0.06196337698118,0.11505996124013),(-0.1,0.),.UNSPECIFIED.);
#76=B_SPLINE_SURFACE_WITH_KNOTS('',3,1,((#5704,#5705),(#5706,#5707),(#5708,
#5709),(#5710,#5711),(#5712,#5713)),.UNSPECIFIED.,.F.,.F.,.F.,(4,1,4),(2,
2),(0.,0.0532069887618302,0.115455383117862),(-0.1,0.),.UNSPECIFIED.);
#77=B_SPLINE_SURFACE_WITH_KNOTS('',3,1,((#5862,#5863),(#5864,#5865),(#5866,
#5867),(#5868,#5869),(#5870,#5871)),.UNSPECIFIED.,.F.,.F.,.F.,(4,1,4),(2,
2),(0.,0.0526513881342953,0.122613223268144),(-0.1,0.),.UNSPECIFIED.);
#78=B_SPLINE_SURFACE_WITH_KNOTS('',3,1,((#5879,#5880),(#5881,#5882),(#5883,
#5884),(#5885,#5886),(#5887,#5888)),.UNSPECIFIED.,.F.,.F.,.F.,(4,1,4),(2,
2),(0.,0.0403901243164036,0.0827133145155326),(-0.1,0.),.UNSPECIFIED.);
#79=B_SPLINE_SURFACE_WITH_KNOTS('',3,1,((#5896,#5897),(#5898,#5899),(#5900,
#5901),(#5902,#5903),(#5904,#5905)),.UNSPECIFIED.,.F.,.F.,.F.,(4,1,4),(2,
2),(0.,0.0403430851100691,0.0807766316455824),(-0.1,0.),.UNSPECIFIED.);
#80=B_SPLINE_SURFACE_WITH_KNOTS('',3,1,((#5913,#5914),(#5915,#5916),(#5917,
#5918),(#5919,#5920),(#5921,#5922)),.UNSPECIFIED.,.F.,.F.,.F.,(4,1,4),(2,
2),(0.,0.0400605250419162,0.0876993410949458),(-0.1,0.),.UNSPECIFIED.);
#81=B_SPLINE_SURFACE_WITH_KNOTS('',3,1,((#5930,#5931),(#5932,#5933),(#5934,
#5935),(#5936,#5937),(#5938,#5939)),.UNSPECIFIED.,.F.,.F.,.F.,(4,1,4),(2,
2),(0.,0.0576122592846542,0.102326616244081),(-0.1,0.),.UNSPECIFIED.);
#82=B_SPLINE_SURFACE_WITH_KNOTS('',3,1,((#5959,#5960),(#5961,#5962),(#5963,
#5964),(#5965,#5966),(#5967,#5968)),.UNSPECIFIED.,.F.,.F.,.F.,(4,1,4),(2,
2),(0.,0.0607482004827362,0.13862223398633),(-0.1,0.),.UNSPECIFIED.);
#83=B_SPLINE_SURFACE_WITH_KNOTS('',3,1,((#5976,#5977),(#5978,#5979),(#5980,
#5981),(#5982,#5983),(#5984,#5985)),.UNSPECIFIED.,.F.,.F.,.F.,(4,1,4),(2,
2),(0.,0.0568630436737671,0.111804280627177),(-0.1,0.),.UNSPECIFIED.);
#84=B_SPLINE_SURFACE_WITH_KNOTS('',3,1,((#5993,#5994),(#5995,#5996),(#5997,
#5998),(#5999,#6000),(#6001,#6002)),.UNSPECIFIED.,.F.,.F.,.F.,(4,1,4),(2,
2),(0.,0.0297544198401153,0.0616512744971135),(-0.1,0.),.UNSPECIFIED.);
#85=B_SPLINE_SURFACE_WITH_KNOTS('',3,1,((#6010,#6011),(#6012,#6013),(#6014,
#6015),(#6016,#6017),(#6018,#6019)),.UNSPECIFIED.,.F.,.F.,.F.,(4,1,4),(2,
2),(0.,0.0270583130622766,0.0551009510335444),(-0.1,0.),.UNSPECIFIED.);
#86=B_SPLINE_SURFACE_WITH_KNOTS('',3,1,((#6027,#6028),(#6029,#6030),(#6031,
#6032),(#6033,#6034),(#6035,#6036)),.UNSPECIFIED.,.F.,.F.,.F.,(4,1,4),(2,
2),(0.,0.0506734188988838,0.0854331585823464),(-0.1,0.),.UNSPECIFIED.);
#87=B_SPLINE_SURFACE_WITH_KNOTS('',3,1,((#6056,#6057),(#6058,#6059),(#6060,
#6061),(#6062,#6063),(#6064,#6065)),.UNSPECIFIED.,.F.,.F.,.F.,(4,1,4),(2,
2),(0.,0.0697341856735963,0.156866636226285),(-0.1,0.),.UNSPECIFIED.);
#88=B_SPLINE_SURFACE_WITH_KNOTS('',3,1,((#6073,#6074),(#6075,#6076),(#6077,
#6078),(#6079,#6080),(#6081,#6082)),.UNSPECIFIED.,.F.,.F.,.F.,(4,1,4),(2,
2),(0.,0.0772007142546121,0.144072467460341),(-0.1,0.),.UNSPECIFIED.);
#89=B_SPLINE_SURFACE_WITH_KNOTS('',3,1,((#6090,#6091),(#6092,#6093),(#6094,
#6095),(#6096,#6097),(#6098,#6099)),.UNSPECIFIED.,.F.,.F.,.F.,(4,1,4),(2,
2),(0.,0.109800836071184,0.21283737989773),(-0.1,0.),.UNSPECIFIED.);
#90=B_SPLINE_SURFACE_WITH_KNOTS('',3,1,((#6107,#6108),(#6109,#6110),(#6111,
#6112),(#6113,#6114),(#6115,#6116)),.UNSPECIFIED.,.F.,.F.,.F.,(4,1,4),(2,
2),(0.,0.0477114072777426,0.096239510489911),(-0.1,0.),.UNSPECIFIED.);
#91=B_SPLINE_SURFACE_WITH_KNOTS('',3,1,((#6124,#6125),(#6126,#6127),(#6128,
#6129),(#6130,#6131),(#6132,#6133)),.UNSPECIFIED.,.F.,.F.,.F.,(4,1,4),(2,
2),(0.,0.0589065729579061,0.109816873821079),(-0.1,0.),.UNSPECIFIED.);
#92=B_SPLINE_SURFACE_WITH_KNOTS('',3,1,((#6141,#6142),(#6143,#6144),(#6145,
#6146),(#6147,#6148),(#6149,#6150)),.UNSPECIFIED.,.F.,.F.,.F.,(4,1,4),(2,
2),(0.,0.0522641300081217,0.107361233259075),(-0.1,0.),.UNSPECIFIED.);
#93=B_SPLINE_SURFACE_WITH_KNOTS('',3,1,((#6158,#6159),(#6160,#6161),(#6162,
#6163),(#6164,#6165),(#6166,#6167)),.UNSPECIFIED.,.F.,.F.,.F.,(4,1,4),(2,
2),(0.,0.0497998801349882,0.100362649501164),(-0.1,0.),.UNSPECIFIED.);
#94=B_SPLINE_SURFACE_WITH_KNOTS('',3,1,((#6294,#6295),(#6296,#6297),(#6298,
#6299),(#6300,#6301),(#6302,#6303)),.UNSPECIFIED.,.F.,.F.,.F.,(4,1,4),(2,
2),(0.,0.100352191901964,0.191915292388526),(-0.1,0.),.UNSPECIFIED.);
#95=B_SPLINE_SURFACE_WITH_KNOTS('',3,1,((#6313,#6314),(#6315,#6316),(#6317,
#6318),(#6319,#6320),(#6321,#6322)),.UNSPECIFIED.,.F.,.F.,.F.,(4,1,4),(2,
2),(0.,0.116566371850724,0.23811550979259),(-0.1,0.),.UNSPECIFIED.);
#96=B_SPLINE_SURFACE_WITH_KNOTS('',3,1,((#6330,#6331),(#6332,#6333),(#6334,
#6335),(#6336,#6337),(#6338,#6339)),.UNSPECIFIED.,.F.,.F.,.F.,(4,1,4),(2,
2),(0.,0.102457360629141,0.201124168817534),(-0.1,0.),.UNSPECIFIED.);
#97=B_SPLINE_SURFACE_WITH_KNOTS('',3,1,((#6347,#6348),(#6349,#6350),(#6351,
#6352),(#6353,#6354),(#6355,#6356)),.UNSPECIFIED.,.F.,.F.,.F.,(4,1,4),(2,
2),(0.,0.0989890685249331,0.204224856560934),(-0.1,0.),.UNSPECIFIED.);
#98=B_SPLINE_SURFACE_WITH_KNOTS('',3,1,((#6364,#6365),(#6366,#6367),(#6368,
#6369),(#6370,#6371),(#6372,#6373)),.UNSPECIFIED.,.F.,.F.,.F.,(4,1,4),(2,
2),(0.,0.0982795147452301,0.195222106645516),(-0.1,0.),.UNSPECIFIED.);
#99=B_SPLINE_SURFACE_WITH_KNOTS('',3,1,((#6381,#6382),(#6383,#6384),(#6385,
#6386),(#6387,#6388),(#6389,#6390)),.UNSPECIFIED.,.F.,.F.,.F.,(4,1,4),(2,
2),(0.,0.0828557750298222,0.161220899989375),(-0.1,0.),.UNSPECIFIED.);
#100=B_SPLINE_SURFACE_WITH_KNOTS('',3,1,((#6422,#6423),(#6424,#6425),(#6426,
#6427),(#6428,#6429),(#6430,#6431)),.UNSPECIFIED.,.F.,.F.,.F.,(4,1,4),(2,
2),(0.,0.0420269209599276,0.0825166110140854),(-0.1,0.),.UNSPECIFIED.);
#101=B_SPLINE_SURFACE_WITH_KNOTS('',3,1,((#6439,#6440),(#6441,#6442),(#6443,
#6444),(#6445,#6446),(#6447,#6448)),.UNSPECIFIED.,.F.,.F.,.F.,(4,1,4),(2,
2),(0.,0.0454850185267558,0.0891860705039312),(-0.1,0.),.UNSPECIFIED.);
#102=B_SPLINE_SURFACE_WITH_KNOTS('',3,1,((#6456,#6457),(#6458,#6459),(#6460,
#6461),(#6462,#6463),(#6464,#6465)),.UNSPECIFIED.,.F.,.F.,.F.,(4,1,4),(2,
2),(0.,0.065383795848696,0.135474247376138),(-0.1,0.),.UNSPECIFIED.);
#103=B_SPLINE_SURFACE_WITH_KNOTS('',3,1,((#6473,#6474),(#6475,#6476),(#6477,
#6478),(#6479,#6480),(#6481,#6482)),.UNSPECIFIED.,.F.,.F.,.F.,(4,1,4),(2,
2),(0.,0.0761018396794289,0.143679102001195),(-0.1,0.),.UNSPECIFIED.);
#104=B_SPLINE_SURFACE_WITH_KNOTS('',3,1,((#6490,#6491),(#6492,#6493),(#6494,
#6495),(#6496,#6497),(#6498,#6499)),.UNSPECIFIED.,.F.,.F.,.F.,(4,1,4),(2,
2),(0.,0.0722972391543751,0.15291040287047),(-0.1,0.),.UNSPECIFIED.);
#105=B_SPLINE_SURFACE_WITH_KNOTS('',3,1,((#6507,#6508),(#6509,#6510),(#6511,
#6512),(#6513,#6514),(#6515,#6516)),.UNSPECIFIED.,.F.,.F.,.F.,(4,1,4),(2,
2),(0.,0.0668349364609786,0.134559790229363),(-0.1,0.),.UNSPECIFIED.);
#106=B_SPLINE_SURFACE_WITH_KNOTS('',3,1,((#6524,#6525),(#6526,#6527),(#6528,
#6529),(#6530,#6531),(#6532,#6533)),.UNSPECIFIED.,.F.,.F.,.F.,(4,1,4),(2,
2),(0.,0.0541883702629249,0.109699384762353),(-0.1,0.),.UNSPECIFIED.);
#107=B_SPLINE_SURFACE_WITH_KNOTS('',3,1,((#6541,#6542),(#6543,#6544),(#6545,
#6546),(#6547,#6548),(#6549,#6550)),.UNSPECIFIED.,.F.,.F.,.F.,(4,1,4),(2,
2),(0.,0.0686992758209684,0.12707678844468),(-0.1,0.),.UNSPECIFIED.);
#108=B_SPLINE_SURFACE_WITH_KNOTS('',3,1,((#6562,#6563),(#6564,#6565),(#6566,
#6567),(#6568,#6569),(#6570,#6571)),.UNSPECIFIED.,.F.,.F.,.F.,(4,1,4),(2,
2),(0.,0.0892791095660028,0.183530158504311),(-0.1,0.),.UNSPECIFIED.);
#109=B_SPLINE_SURFACE_WITH_KNOTS('',3,1,((#6801,#6802),(#6803,#6804),(#6805,
#6806),(#6807,#6808),(#6809,#6810)),.UNSPECIFIED.,.F.,.F.,.F.,(4,1,4),(2,
2),(0.,0.0722939460904677,0.138064047407038),(-0.1,0.),.UNSPECIFIED.);
#110=B_SPLINE_SURFACE_WITH_KNOTS('',3,1,((#6820,#6821),(#6822,#6823),(#6824,
#6825),(#6826,#6827),(#6828,#6829)),.UNSPECIFIED.,.F.,.F.,.F.,(4,1,4),(2,
2),(0.,0.0959297884538548,0.19380641914158),(-0.1,0.),.UNSPECIFIED.);
#111=B_SPLINE_SURFACE_WITH_KNOTS('',3,1,((#6837,#6838),(#6839,#6840),(#6841,
#6842),(#6843,#6844),(#6845,#6846)),.UNSPECIFIED.,.F.,.F.,.F.,(4,1,4),(2,
2),(0.,0.10837404514494,0.207403314725153),(-0.1,0.),.UNSPECIFIED.);
#112=B_SPLINE_SURFACE_WITH_KNOTS('',3,1,((#6854,#6855),(#6856,#6857),(#6858,
#6859),(#6860,#6861),(#6862,#6863)),.UNSPECIFIED.,.F.,.F.,.F.,(4,1,4),(2,
2),(0.,0.0990296742319739,0.207403719376914),(-0.1,0.),.UNSPECIFIED.);
#113=B_SPLINE_SURFACE_WITH_KNOTS('',3,1,((#6871,#6872),(#6873,#6874),(#6875,
#6876),(#6877,#6878),(#6879,#6880)),.UNSPECIFIED.,.F.,.F.,.F.,(4,1,4),(2,
2),(0.,0.0961343983826106,0.191279376803071),(-0.1,0.),.UNSPECIFIED.);
#114=B_SPLINE_SURFACE_WITH_KNOTS('',3,1,((#6888,#6889),(#6890,#6891),(#6892,
#6893),(#6894,#6895),(#6896,#6897)),.UNSPECIFIED.,.F.,.F.,.F.,(4,1,4),(2,
2),(0.,0.065465795759517,0.135173376545771),(-0.1,0.),.UNSPECIFIED.);
#115=B_SPLINE_SURFACE_WITH_KNOTS('',3,1,((#6905,#6906),(#6907,#6908),(#6909,
#6910),(#6911,#6912),(#6913,#6914)),.UNSPECIFIED.,.F.,.F.,.F.,(4,1,4),(2,
2),(0.,0.0719992676706671,0.137889925634053),(-0.1,0.),.UNSPECIFIED.);
#116=B_SPLINE_SURFACE_WITH_KNOTS('',3,1,((#6922,#6923),(#6924,#6925),(#6926,
#6927),(#6928,#6929),(#6930,#6931)),.UNSPECIFIED.,.F.,.F.,.F.,(4,1,4),(2,
2),(0.,0.0515139251588068,0.109970997517067),(-0.1,0.),.UNSPECIFIED.);
#117=B_SPLINE_SURFACE_WITH_KNOTS('',3,1,((#6939,#6940),(#6941,#6942),(#6943,
#6944),(#6945,#6946),(#6947,#6948)),.UNSPECIFIED.,.F.,.F.,.F.,(4,1,4),(2,
2),(0.,0.0526326874445291,0.102785382502992),(-0.1,0.),.UNSPECIFIED.);
#118=B_SPLINE_SURFACE_WITH_KNOTS('',3,1,((#6956,#6957),(#6958,#6959),(#6960,
#6961),(#6962,#6963),(#6964,#6965)),.UNSPECIFIED.,.F.,.F.,.F.,(4,1,4),(2,
2),(0.,0.0825628961518599,0.164755188376036),(-0.1,0.),.UNSPECIFIED.);
#119=B_SPLINE_SURFACE_WITH_KNOTS('',3,1,((#6973,#6974),(#6975,#6976),(#6977,
#6978),(#6979,#6980),(#6981,#6982)),.UNSPECIFIED.,.F.,.F.,.F.,(4,1,4),(2,
2),(0.,0.0957697433424148,0.182884158930754),(-0.1,0.),.UNSPECIFIED.);
#120=B_SPLINE_SURFACE_WITH_KNOTS('',3,1,((#6990,#6991),(#6992,#6993),(#6994,
#6995),(#6996,#6997),(#6998,#6999)),.UNSPECIFIED.,.F.,.F.,.F.,(4,1,4),(2,
2),(0.,0.0856578657849526,0.180689626885996),(-0.1,0.),.UNSPECIFIED.);
#121=B_SPLINE_SURFACE_WITH_KNOTS('',3,1,((#7007,#7008),(#7009,#7010),(#7011,
#7012),(#7013,#7014),(#7015,#7016)),.UNSPECIFIED.,.F.,.F.,.F.,(4,1,4),(2,
2),(0.,0.0818719595282197,0.163293393422166),(-0.1,0.),.UNSPECIFIED.);
#122=B_SPLINE_SURFACE_WITH_KNOTS('',3,1,((#7024,#7025),(#7026,#7027),(#7028,
#7029),(#7030,#7031),(#7032,#7033)),.UNSPECIFIED.,.F.,.F.,.F.,(4,1,4),(2,
2),(0.,0.0506428977201517,0.104897120398732),(-0.1,0.),.UNSPECIFIED.);
#123=B_SPLINE_SURFACE_WITH_KNOTS('',3,1,((#7041,#7042),(#7043,#7044),(#7045,
#7046),(#7047,#7048),(#7049,#7050)),.UNSPECIFIED.,.F.,.F.,.F.,(4,1,4),(2,
2),(0.,0.0597321634351607,0.112116258284551),(-0.1,0.),.UNSPECIFIED.);
#124=B_SPLINE_SURFACE_WITH_KNOTS('',3,1,((#7058,#7059),(#7060,#7061),(#7062,
#7063),(#7064,#7065),(#7066,#7067)),.UNSPECIFIED.,.F.,.F.,.F.,(4,1,4),(2,
2),(0.,0.0655531893129413,0.135971649862352),(-0.1,0.),.UNSPECIFIED.);
#125=B_SPLINE_SURFACE_WITH_KNOTS('',3,1,((#7073,#7074),(#7075,#7076),(#7077,
#7078),(#7079,#7080),(#7081,#7082)),.UNSPECIFIED.,.F.,.F.,.F.,(4,1,4),(2,
2),(0.,0.0644646955907287,0.126556375412932),(-0.1,0.),.UNSPECIFIED.);
#126=B_SPLINE_SURFACE_WITH_KNOTS('',3,1,((#7092,#7093),(#7094,#7095),(#7096,
#7097),(#7098,#7099),(#7100,#7101)),.UNSPECIFIED.,.F.,.F.,.F.,(4,1,4),(2,
2),(0.,0.0633416478853916,0.129307446423361),(-0.1,0.),.UNSPECIFIED.);
#127=B_SPLINE_SURFACE_WITH_KNOTS('',3,1,((#7109,#7110),(#7111,#7112),(#7113,
#7114),(#7115,#7116),(#7117,#7118)),.UNSPECIFIED.,.F.,.F.,.F.,(4,1,4),(2,
2),(0.,0.065880287773947,0.129335544188475),(-0.1,0.),.UNSPECIFIED.);
#128=B_SPLINE_SURFACE_WITH_KNOTS('',3,1,((#7126,#7127),(#7128,#7129),(#7130,
#7131),(#7132,#7133),(#7134,#7135)),.UNSPECIFIED.,.F.,.F.,.F.,(4,1,4),(2,
2),(0.,0.0618647212339811,0.126597895634253),(-0.1,0.),.UNSPECIFIED.);
#129=B_SPLINE_SURFACE_WITH_KNOTS('',3,1,((#7143,#7144),(#7145,#7146),(#7147,
#7148),(#7149,#7150),(#7151,#7152)),.UNSPECIFIED.,.F.,.F.,.F.,(4,1,4),(2,
2),(0.,0.0652467413709607,0.127340902444693),(-0.1,0.),.UNSPECIFIED.);
#130=B_SPLINE_SURFACE_WITH_KNOTS('',3,1,((#7160,#7161),(#7162,#7163),(#7164,
#7165),(#7166,#7167),(#7168,#7169)),.UNSPECIFIED.,.F.,.F.,.F.,(4,1,4),(2,
2),(0.,0.0438028137608611,0.0879175759049032),(-0.1,0.),.UNSPECIFIED.);
#131=B_SPLINE_SURFACE_WITH_KNOTS('',3,1,((#7177,#7178),(#7179,#7180),(#7181,
#7182),(#7183,#7184),(#7185,#7186)),.UNSPECIFIED.,.F.,.F.,.F.,(4,1,4),(2,
2),(0.,0.042930963675241,0.0862602081346893),(-0.1,0.),.UNSPECIFIED.);
#132=B_SPLINE_SURFACE_WITH_KNOTS('',3,1,((#7194,#7195),(#7196,#7197),(#7198,
#7199),(#7200,#7201),(#7202,#7203)),.UNSPECIFIED.,.F.,.F.,.F.,(4,1,4),(2,
2),(0.,0.0416276485738941,0.0842294936693768),(-0.1,0.),.UNSPECIFIED.);
#133=B_SPLINE_SURFACE_WITH_KNOTS('',3,1,((#7211,#7212),(#7213,#7214),(#7215,
#7216),(#7217,#7218),(#7219,#7220)),.UNSPECIFIED.,.F.,.F.,.F.,(4,1,4),(2,
2),(0.,0.0617520275125567,0.125789685998003),(-0.1,0.),.UNSPECIFIED.);
#134=B_SPLINE_SURFACE_WITH_KNOTS('',3,1,((#7226,#7227),(#7228,#7229),(#7230,
#7231),(#7232,#7233),(#7234,#7235)),.UNSPECIFIED.,.F.,.F.,.F.,(4,1,4),(2,
2),(0.,0.0522148149021185,0.102052623668089),(-0.1,0.),.UNSPECIFIED.);
#135=B_SPLINE_SURFACE_WITH_KNOTS('',3,1,((#7245,#7246),(#7247,#7248),(#7249,
#7250),(#7251,#7252),(#7253,#7254)),.UNSPECIFIED.,.F.,.F.,.F.,(4,1,4),(2,
2),(0.,0.0501726430906041,0.102032625391154),(-0.1,0.),.UNSPECIFIED.);
#136=B_SPLINE_SURFACE_WITH_KNOTS('',3,1,((#7262,#7263),(#7264,#7265),(#7266,
#7267),(#7268,#7269),(#7270,#7271)),.UNSPECIFIED.,.F.,.F.,.F.,(4,1,4),(2,
2),(0.,0.0505432572949336,0.100268094916641),(-0.1,0.),.UNSPECIFIED.);
#137=B_SPLINE_SURFACE_WITH_KNOTS('',3,1,((#7279,#7280),(#7281,#7282),(#7283,
#7284),(#7285,#7286),(#7287,#7288)),.UNSPECIFIED.,.F.,.F.,.F.,(4,1,4),(2,
2),(0.,0.0484742307082585,0.0972242238951036),(-0.1,0.),.UNSPECIFIED.);
#138=B_SPLINE_SURFACE_WITH_KNOTS('',3,1,((#7296,#7297),(#7298,#7299),(#7300,
#7301),(#7302,#7303),(#7304,#7305)),.UNSPECIFIED.,.F.,.F.,.F.,(4,1,4),(2,
2),(0.,0.0523253934473244,0.101368346930123),(-0.1,0.),.UNSPECIFIED.);
#139=B_SPLINE_SURFACE_WITH_KNOTS('',3,1,((#7313,#7314),(#7315,#7316),(#7317,
#7318),(#7319,#7320),(#7321,#7322)),.UNSPECIFIED.,.F.,.F.,.F.,(4,1,4),(2,
2),(0.,0.0499528551246194,0.103646425243853),(-0.1,0.),.UNSPECIFIED.);
#140=B_SPLINE_SURFACE_WITH_KNOTS('',3,1,((#7330,#7331),(#7332,#7333),(#7334,
#7335),(#7336,#7337),(#7338,#7339)),.UNSPECIFIED.,.F.,.F.,.F.,(4,1,4),(2,
2),(0.,0.0523727281084264,0.101864343509018),(-0.1,0.),.UNSPECIFIED.);
#141=B_SPLINE_SURFACE_WITH_KNOTS('',3,1,((#7347,#7348),(#7349,#7350),(#7351,
#7352),(#7353,#7354),(#7355,#7356)),.UNSPECIFIED.,.F.,.F.,.F.,(4,1,4),(2,
2),(0.,0.0483715934501787,0.0959425638282891),(-0.1,0.),.UNSPECIFIED.);
#142=FACE_BOUND('',#351,.T.);
#143=FACE_BOUND('',#501,.T.);
#144=FACE_BOUND('',#502,.T.);
#145=FACE_BOUND('',#542,.T.);
#146=FACE_BOUND('',#543,.T.);
#147=FACE_BOUND('',#544,.T.);
#148=FACE_BOUND('',#545,.T.);
#149=FACE_BOUND('',#546,.T.);
#150=FACE_BOUND('',#547,.T.);
#151=FACE_BOUND('',#548,.T.);
#152=FACE_BOUND('',#549,.T.);
#153=FACE_BOUND('',#550,.T.);
#154=FACE_OUTER_BOUND('',#350,.T.);
#155=FACE_OUTER_BOUND('',#352,.T.);
#156=FACE_OUTER_BOUND('',#353,.T.);
#157=FACE_OUTER_BOUND('',#354,.T.);
#158=FACE_OUTER_BOUND('',#355,.T.);
#159=FACE_OUTER_BOUND('',#356,.T.);
#160=FACE_OUTER_BOUND('',#357,.T.);
#161=FACE_OUTER_BOUND('',#358,.T.);
#162=FACE_OUTER_BOUND('',#359,.T.);
#163=FACE_OUTER_BOUND('',#360,.T.);
#164=FACE_OUTER_BOUND('',#361,.T.);
#165=FACE_OUTER_BOUND('',#362,.T.);
#166=FACE_OUTER_BOUND('',#363,.T.);
#167=FACE_OUTER_BOUND('',#364,.T.);
#168=FACE_OUTER_BOUND('',#365,.T.);
#169=FACE_OUTER_BOUND('',#366,.T.);
#170=FACE_OUTER_BOUND('',#367,.T.);
#171=FACE_OUTER_BOUND('',#368,.T.);
#172=FACE_OUTER_BOUND('',#369,.T.);
#173=FACE_OUTER_BOUND('',#370,.T.);
#174=FACE_OUTER_BOUND('',#371,.T.);
#175=FACE_OUTER_BOUND('',#372,.T.);
#176=FACE_OUTER_BOUND('',#373,.T.);
#177=FACE_OUTER_BOUND('',#374,.T.);
#178=FACE_OUTER_BOUND('',#375,.T.);
#179=FACE_OUTER_BOUND('',#376,.T.);
#180=FACE_OUTER_BOUND('',#377,.T.);
#181=FACE_OUTER_BOUND('',#378,.T.);
#182=FACE_OUTER_BOUND('',#379,.T.);
#183=FACE_OUTER_BOUND('',#380,.T.);
#184=FACE_OUTER_BOUND('',#381,.T.);
#185=FACE_OUTER_BOUND('',#382,.T.);
#186=FACE_OUTER_BOUND('',#383,.T.);
#187=FACE_OUTER_BOUND('',#384,.T.);
#188=FACE_OUTER_BOUND('',#385,.T.);
#189=FACE_OUTER_BOUND('',#386,.T.);
#190=FACE_OUTER_BOUND('',#387,.T.);
#191=FACE_OUTER_BOUND('',#388,.T.);
#192=FACE_OUTER_BOUND('',#389,.T.);
#193=FACE_OUTER_BOUND('',#390,.T.);
#194=FACE_OUTER_BOUND('',#391,.T.);
#195=FACE_OUTER_BOUND('',#392,.T.);
#196=FACE_OUTER_BOUND('',#393,.T.);
#197=FACE_OUTER_BOUND('',#394,.T.);
#198=FACE_OUTER_BOUND('',#395,.T.);
#199=FACE_OUTER_BOUND('',#396,.T.);
#200=FACE_OUTER_BOUND('',#397,.T.);
#201=FACE_OUTER_BOUND('',#398,.T.);
#202=FACE_OUTER_BOUND('',#399,.T.);
#203=FACE_OUTER_BOUND('',#400,.T.);
#204=FACE_OUTER_BOUND('',#401,.T.);
#205=FACE_OUTER_BOUND('',#402,.T.);
#206=FACE_OUTER_BOUND('',#403,.T.);
#207=FACE_OUTER_BOUND('',#404,.T.);
#208=FACE_OUTER_BOUND('',#405,.T.);
#209=FACE_OUTER_BOUND('',#406,.T.);
#210=FACE_OUTER_BOUND('',#407,.T.);
#211=FACE_OUTER_BOUND('',#408,.T.);
#212=FACE_OUTER_BOUND('',#409,.T.);
#213=FACE_OUTER_BOUND('',#410,.T.);
#214=FACE_OUTER_BOUND('',#411,.T.);
#215=FACE_OUTER_BOUND('',#412,.T.);
#216=FACE_OUTER_BOUND('',#413,.T.);
#217=FACE_OUTER_BOUND('',#414,.T.);
#218=FACE_OUTER_BOUND('',#415,.T.);
#219=FACE_OUTER_BOUND('',#416,.T.);
#220=FACE_OUTER_BOUND('',#417,.T.);
#221=FACE_OUTER_BOUND('',#418,.T.);
#222=FACE_OUTER_BOUND('',#419,.T.);
#223=FACE_OUTER_BOUND('',#420,.T.);
#224=FACE_OUTER_BOUND('',#421,.T.);
#225=FACE_OUTER_BOUND('',#422,.T.);
#226=FACE_OUTER_BOUND('',#423,.T.);
#227=FACE_OUTER_BOUND('',#424,.T.);
#228=FACE_OUTER_BOUND('',#425,.T.);
#229=FACE_OUTER_BOUND('',#426,.T.);
#230=FACE_OUTER_BOUND('',#427,.T.);
#231=FACE_OUTER_BOUND('',#428,.T.);
#232=FACE_OUTER_BOUND('',#429,.T.);
#233=FACE_OUTER_BOUND('',#430,.T.);
#234=FACE_OUTER_BOUND('',#431,.T.);
#235=FACE_OUTER_BOUND('',#432,.T.);
#236=FACE_OUTER_BOUND('',#433,.T.);
#237=FACE_OUTER_BOUND('',#434,.T.);
#238=FACE_OUTER_BOUND('',#435,.T.);
#239=FACE_OUTER_BOUND('',#436,.T.);
#240=FACE_OUTER_BOUND('',#437,.T.);
#241=FACE_OUTER_BOUND('',#438,.T.);
#242=FACE_OUTER_BOUND('',#439,.T.);
#243=FACE_OUTER_BOUND('',#440,.T.);
#244=FACE_OUTER_BOUND('',#441,.T.);
#245=FACE_OUTER_BOUND('',#442,.T.);
#246=FACE_OUTER_BOUND('',#443,.T.);
#247=FACE_OUTER_BOUND('',#444,.T.);
#248=FACE_OUTER_BOUND('',#445,.T.);
#249=FACE_OUTER_BOUND('',#446,.T.);
#250=FACE_OUTER_BOUND('',#447,.T.);
#251=FACE_OUTER_BOUND('',#448,.T.);
#252=FACE_OUTER_BOUND('',#449,.T.);
#253=FACE_OUTER_BOUND('',#450,.T.);
#254=FACE_OUTER_BOUND('',#451,.T.);
#255=FACE_OUTER_BOUND('',#452,.T.);
#256=FACE_OUTER_BOUND('',#453,.T.);
#257=FACE_OUTER_BOUND('',#454,.T.);
#258=FACE_OUTER_BOUND('',#455,.T.);
#259=FACE_OUTER_BOUND('',#456,.T.);
#260=FACE_OUTER_BOUND('',#457,.T.);
#261=FACE_OUTER_BOUND('',#458,.T.);
#262=FACE_OUTER_BOUND('',#459,.T.);
#263=FACE_OUTER_BOUND('',#460,.T.);
#264=FACE_OUTER_BOUND('',#461,.T.);
#265=FACE_OUTER_BOUND('',#462,.T.);
#266=FACE_OUTER_BOUND('',#463,.T.);
#267=FACE_OUTER_BOUND('',#464,.T.);
#268=FACE_OUTER_BOUND('',#465,.T.);
#269=FACE_OUTER_BOUND('',#466,.T.);
#270=FACE_OUTER_BOUND('',#467,.T.);
#271=FACE_OUTER_BOUND('',#468,.T.);
#272=FACE_OUTER_BOUND('',#469,.T.);
#273=FACE_OUTER_BOUND('',#470,.T.);
#274=FACE_OUTER_BOUND('',#471,.T.);
#275=FACE_OUTER_BOUND('',#472,.T.);
#276=FACE_OUTER_BOUND('',#473,.T.);
#277=FACE_OUTER_BOUND('',#474,.T.);
#278=FACE_OUTER_BOUND('',#475,.T.);
#279=FACE_OUTER_BOUND('',#476,.T.);
#280=FACE_OUTER_BOUND('',#477,.T.);
#281=FACE_OUTER_BOUND('',#478,.T.);
#282=FACE_OUTER_BOUND('',#479,.T.);
#283=FACE_OUTER_BOUND('',#480,.T.);
#284=FACE_OUTER_BOUND('',#481,.T.);
#285=FACE_OUTER_BOUND('',#482,.T.);
#286=FACE_OUTER_BOUND('',#483,.T.);
#287=FACE_OUTER_BOUND('',#484,.T.);
#288=FACE_OUTER_BOUND('',#485,.T.);
#289=FACE_OUTER_BOUND('',#486,.T.);
#290=FACE_OUTER_BOUND('',#487,.T.);
#291=FACE_OUTER_BOUND('',#488,.T.);
#292=FACE_OUTER_BOUND('',#489,.T.);
#293=FACE_OUTER_BOUND('',#490,.T.);
#294=FACE_OUTER_BOUND('',#491,.T.);
#295=FACE_OUTER_BOUND('',#492,.T.);
#296=FACE_OUTER_BOUND('',#493,.T.);
#297=FACE_OUTER_BOUND('',#494,.T.);
#298=FACE_OUTER_BOUND('',#495,.T.);
#299=FACE_OUTER_BOUND('',#496,.T.);
#300=FACE_OUTER_BOUND('',#497,.T.);
#301=FACE_OUTER_BOUND('',#498,.T.);
#302=FACE_OUTER_BOUND('',#499,.T.);
#303=FACE_OUTER_BOUND('',#500,.T.);
#304=FACE_OUTER_BOUND('',#503,.T.);
#305=FACE_OUTER_BOUND('',#504,.T.);
#306=FACE_OUTER_BOUND('',#505,.T.);
#307=FACE_OUTER_BOUND('',#506,.T.);
#308=FACE_OUTER_BOUND('',#507,.T.);
#309=FACE_OUTER_BOUND('',#508,.T.);
#310=FACE_OUTER_BOUND('',#509,.T.);
#311=FACE_OUTER_BOUND('',#510,.T.);
#312=FACE_OUTER_BOUND('',#511,.T.);
#313=FACE_OUTER_BOUND('',#512,.T.);
#314=FACE_OUTER_BOUND('',#513,.T.);
#315=FACE_OUTER_BOUND('',#514,.T.);
#316=FACE_OUTER_BOUND('',#515,.T.);
#317=FACE_OUTER_BOUND('',#516,.T.);
#318=FACE_OUTER_BOUND('',#517,.T.);
#319=FACE_OUTER_BOUND('',#518,.T.);
#320=FACE_OUTER_BOUND('',#519,.T.);
#321=FACE_OUTER_BOUND('',#520,.T.);
#322=FACE_OUTER_BOUND('',#521,.T.);
#323=FACE_OUTER_BOUND('',#522,.T.);
#324=FACE_OUTER_BOUND('',#523,.T.);
#325=FACE_OUTER_BOUND('',#524,.T.);
#326=FACE_OUTER_BOUND('',#525,.T.);
#327=FACE_OUTER_BOUND('',#526,.T.);
#328=FACE_OUTER_BOUND('',#527,.T.);
#329=FACE_OUTER_BOUND('',#528,.T.);
#330=FACE_OUTER_BOUND('',#529,.T.);
#331=FACE_OUTER_BOUND('',#530,.T.);
#332=FACE_OUTER_BOUND('',#531,.T.);
#333=FACE_OUTER_BOUND('',#532,.T.);
#334=FACE_OUTER_BOUND('',#533,.T.);
#335=FACE_OUTER_BOUND('',#534,.T.);
#336=FACE_OUTER_BOUND('',#535,.T.);
#337=FACE_OUTER_BOUND('',#536,.T.);
#338=FACE_OUTER_BOUND('',#537,.T.);
#339=FACE_OUTER_BOUND('',#538,.T.);
#340=FACE_OUTER_BOUND('',#539,.T.);
#341=FACE_OUTER_BOUND('',#540,.T.);
#342=FACE_OUTER_BOUND('',#541,.T.);
#343=FACE_OUTER_BOUND('',#551,.T.);
#344=FACE_OUTER_BOUND('',#552,.T.);
#345=FACE_OUTER_BOUND('',#553,.T.);
#346=FACE_OUTER_BOUND('',#554,.T.);
#347=FACE_OUTER_BOUND('',#555,.T.);
#348=FACE_OUTER_BOUND('',#556,.T.);
#349=FACE_OUTER_BOUND('',#557,.T.);
#350=EDGE_LOOP('',(#2314,#2315,#2316,#2317,#2318,#2319,#2320,#2321,#2322,
#2323,#2324,#2325,#2326,#2327,#2328,#2329,#2330,#2331,#2332,#2333,#2334,
#2335));
#351=EDGE_LOOP('',(#2336,#2337,#2338,#2339,#2340,#2341,#2342,#2343));
#352=EDGE_LOOP('',(#2344,#2345,#2346,#2347));
#353=EDGE_LOOP('',(#2348,#2349,#2350,#2351));
#354=EDGE_LOOP('',(#2352,#2353,#2354,#2355));
#355=EDGE_LOOP('',(#2356,#2357,#2358,#2359));
#356=EDGE_LOOP('',(#2360,#2361,#2362,#2363));
#357=EDGE_LOOP('',(#2364,#2365,#2366,#2367));
#358=EDGE_LOOP('',(#2368,#2369,#2370,#2371));
#359=EDGE_LOOP('',(#2372,#2373,#2374,#2375));
#360=EDGE_LOOP('',(#2376,#2377,#2378,#2379));
#361=EDGE_LOOP('',(#2380,#2381,#2382,#2383));
#362=EDGE_LOOP('',(#2384,#2385,#2386,#2387));
#363=EDGE_LOOP('',(#2388,#2389,#2390,#2391));
#364=EDGE_LOOP('',(#2392,#2393,#2394,#2395));
#365=EDGE_LOOP('',(#2396,#2397,#2398,#2399));
#366=EDGE_LOOP('',(#2400,#2401,#2402,#2403));
#367=EDGE_LOOP('',(#2404,#2405,#2406,#2407));
#368=EDGE_LOOP('',(#2408,#2409,#2410,#2411));
#369=EDGE_LOOP('',(#2412,#2413,#2414,#2415));
#370=EDGE_LOOP('',(#2416,#2417,#2418,#2419));
#371=EDGE_LOOP('',(#2420,#2421,#2422,#2423));
#372=EDGE_LOOP('',(#2424,#2425,#2426,#2427));
#373=EDGE_LOOP('',(#2428,#2429,#2430,#2431));
#374=EDGE_LOOP('',(#2432,#2433,#2434,#2435));
#375=EDGE_LOOP('',(#2436,#2437,#2438,#2439));
#376=EDGE_LOOP('',(#2440,#2441,#2442,#2443));
#377=EDGE_LOOP('',(#2444,#2445,#2446,#2447));
#378=EDGE_LOOP('',(#2448,#2449,#2450,#2451));
#379=EDGE_LOOP('',(#2452,#2453,#2454,#2455));
#380=EDGE_LOOP('',(#2456,#2457,#2458,#2459));
#381=EDGE_LOOP('',(#2460,#2461,#2462,#2463));
#382=EDGE_LOOP('',(#2464,#2465,#2466,#2467,#2468,#2469,#2470,#2471,#2472,
#2473,#2474));
#383=EDGE_LOOP('',(#2475,#2476,#2477,#2478));
#384=EDGE_LOOP('',(#2479,#2480,#2481,#2482));
#385=EDGE_LOOP('',(#2483,#2484,#2485,#2486));
#386=EDGE_LOOP('',(#2487,#2488,#2489,#2490));
#387=EDGE_LOOP('',(#2491,#2492,#2493,#2494));
#388=EDGE_LOOP('',(#2495,#2496,#2497,#2498));
#389=EDGE_LOOP('',(#2499,#2500,#2501,#2502));
#390=EDGE_LOOP('',(#2503,#2504,#2505,#2506));
#391=EDGE_LOOP('',(#2507,#2508,#2509,#2510));
#392=EDGE_LOOP('',(#2511,#2512,#2513,#2514));
#393=EDGE_LOOP('',(#2515,#2516,#2517,#2518));
#394=EDGE_LOOP('',(#2519,#2520,#2521,#2522,#2523,#2524,#2525,#2526,#2527,
#2528,#2529,#2530,#2531,#2532,#2533,#2534,#2535,#2536,#2537,#2538,#2539,
#2540,#2541,#2542,#2543,#2544,#2545,#2546));
#395=EDGE_LOOP('',(#2547,#2548,#2549,#2550));
#396=EDGE_LOOP('',(#2551,#2552,#2553,#2554));
#397=EDGE_LOOP('',(#2555,#2556,#2557,#2558));
#398=EDGE_LOOP('',(#2559,#2560,#2561,#2562));
#399=EDGE_LOOP('',(#2563,#2564,#2565,#2566));
#400=EDGE_LOOP('',(#2567,#2568,#2569,#2570));
#401=EDGE_LOOP('',(#2571,#2572,#2573,#2574));
#402=EDGE_LOOP('',(#2575,#2576,#2577,#2578));
#403=EDGE_LOOP('',(#2579,#2580,#2581,#2582));
#404=EDGE_LOOP('',(#2583,#2584,#2585,#2586));
#405=EDGE_LOOP('',(#2587,#2588,#2589,#2590));
#406=EDGE_LOOP('',(#2591,#2592,#2593,#2594));
#407=EDGE_LOOP('',(#2595,#2596,#2597,#2598));
#408=EDGE_LOOP('',(#2599,#2600,#2601,#2602));
#409=EDGE_LOOP('',(#2603,#2604,#2605,#2606));
#410=EDGE_LOOP('',(#2607,#2608,#2609,#2610));
#411=EDGE_LOOP('',(#2611,#2612,#2613,#2614));
#412=EDGE_LOOP('',(#2615,#2616,#2617,#2618));
#413=EDGE_LOOP('',(#2619,#2620,#2621,#2622));
#414=EDGE_LOOP('',(#2623,#2624,#2625,#2626));
#415=EDGE_LOOP('',(#2627,#2628,#2629,#2630));
#416=EDGE_LOOP('',(#2631,#2632,#2633,#2634));
#417=EDGE_LOOP('',(#2635,#2636,#2637,#2638));
#418=EDGE_LOOP('',(#2639,#2640,#2641,#2642));
#419=EDGE_LOOP('',(#2643,#2644,#2645,#2646));
#420=EDGE_LOOP('',(#2647,#2648,#2649,#2650));
#421=EDGE_LOOP('',(#2651,#2652,#2653,#2654));
#422=EDGE_LOOP('',(#2655,#2656,#2657,#2658));
#423=EDGE_LOOP('',(#2659,#2660,#2661,#2662,#2663,#2664,#2665,#2666,#2667));
#424=EDGE_LOOP('',(#2668,#2669,#2670,#2671));
#425=EDGE_LOOP('',(#2672,#2673,#2674,#2675));
#426=EDGE_LOOP('',(#2676,#2677,#2678,#2679));
#427=EDGE_LOOP('',(#2680,#2681,#2682,#2683));
#428=EDGE_LOOP('',(#2684,#2685,#2686,#2687));
#429=EDGE_LOOP('',(#2688,#2689,#2690,#2691));
#430=EDGE_LOOP('',(#2692,#2693,#2694,#2695));
#431=EDGE_LOOP('',(#2696,#2697,#2698,#2699));
#432=EDGE_LOOP('',(#2700,#2701,#2702,#2703));
#433=EDGE_LOOP('',(#2704,#2705,#2706,#2707,#2708,#2709,#2710,#2711,#2712));
#434=EDGE_LOOP('',(#2713,#2714,#2715,#2716));
#435=EDGE_LOOP('',(#2717,#2718,#2719,#2720));
#436=EDGE_LOOP('',(#2721,#2722,#2723,#2724));
#437=EDGE_LOOP('',(#2725,#2726,#2727,#2728));
#438=EDGE_LOOP('',(#2729,#2730,#2731,#2732));
#439=EDGE_LOOP('',(#2733,#2734,#2735,#2736));
#440=EDGE_LOOP('',(#2737,#2738,#2739,#2740));
#441=EDGE_LOOP('',(#2741,#2742,#2743,#2744));
#442=EDGE_LOOP('',(#2745,#2746,#2747,#2748));
#443=EDGE_LOOP('',(#2749,#2750,#2751,#2752,#2753,#2754,#2755,#2756,#2757,
#2758,#2759,#2760,#2761,#2762,#2763,#2764,#2765,#2766,#2767,#2768,#2769,
#2770,#2771,#2772,#2773,#2774,#2775,#2776));
#444=EDGE_LOOP('',(#2777,#2778,#2779,#2780));
#445=EDGE_LOOP('',(#2781,#2782,#2783,#2784));
#446=EDGE_LOOP('',(#2785,#2786,#2787,#2788));
#447=EDGE_LOOP('',(#2789,#2790,#2791,#2792));
#448=EDGE_LOOP('',(#2793,#2794,#2795,#2796));
#449=EDGE_LOOP('',(#2797,#2798,#2799,#2800));
#450=EDGE_LOOP('',(#2801,#2802,#2803,#2804));
#451=EDGE_LOOP('',(#2805,#2806,#2807,#2808));
#452=EDGE_LOOP('',(#2809,#2810,#2811,#2812));
#453=EDGE_LOOP('',(#2813,#2814,#2815,#2816));
#454=EDGE_LOOP('',(#2817,#2818,#2819,#2820));
#455=EDGE_LOOP('',(#2821,#2822,#2823,#2824));
#456=EDGE_LOOP('',(#2825,#2826,#2827,#2828));
#457=EDGE_LOOP('',(#2829,#2830,#2831,#2832));
#458=EDGE_LOOP('',(#2833,#2834,#2835,#2836));
#459=EDGE_LOOP('',(#2837,#2838,#2839,#2840));
#460=EDGE_LOOP('',(#2841,#2842,#2843,#2844));
#461=EDGE_LOOP('',(#2845,#2846,#2847,#2848));
#462=EDGE_LOOP('',(#2849,#2850,#2851,#2852));
#463=EDGE_LOOP('',(#2853,#2854,#2855,#2856));
#464=EDGE_LOOP('',(#2857,#2858,#2859,#2860));
#465=EDGE_LOOP('',(#2861,#2862,#2863,#2864));
#466=EDGE_LOOP('',(#2865,#2866,#2867,#2868));
#467=EDGE_LOOP('',(#2869,#2870,#2871,#2872));
#468=EDGE_LOOP('',(#2873,#2874,#2875,#2876));
#469=EDGE_LOOP('',(#2877,#2878,#2879,#2880));
#470=EDGE_LOOP('',(#2881,#2882,#2883,#2884));
#471=EDGE_LOOP('',(#2885,#2886,#2887,#2888));
#472=EDGE_LOOP('',(#2889,#2890,#2891,#2892,#2893,#2894,#2895,#2896,#2897,
#2898,#2899,#2900,#2901,#2902,#2903,#2904,#2905,#2906,#2907,#2908,#2909,
#2910));
#473=EDGE_LOOP('',(#2911,#2912,#2913,#2914));
#474=EDGE_LOOP('',(#2915,#2916,#2917,#2918));
#475=EDGE_LOOP('',(#2919,#2920,#2921,#2922));
#476=EDGE_LOOP('',(#2923,#2924,#2925,#2926));
#477=EDGE_LOOP('',(#2927,#2928,#2929,#2930));
#478=EDGE_LOOP('',(#2931,#2932,#2933,#2934));
#479=EDGE_LOOP('',(#2935,#2936,#2937,#2938));
#480=EDGE_LOOP('',(#2939,#2940,#2941,#2942));
#481=EDGE_LOOP('',(#2943,#2944,#2945,#2946));
#482=EDGE_LOOP('',(#2947,#2948,#2949,#2950));
#483=EDGE_LOOP('',(#2951,#2952,#2953,#2954));
#484=EDGE_LOOP('',(#2955,#2956,#2957,#2958));
#485=EDGE_LOOP('',(#2959,#2960,#2961,#2962));
#486=EDGE_LOOP('',(#2963,#2964,#2965,#2966));
#487=EDGE_LOOP('',(#2967,#2968,#2969,#2970));
#488=EDGE_LOOP('',(#2971,#2972,#2973,#2974));
#489=EDGE_LOOP('',(#2975,#2976,#2977,#2978));
#490=EDGE_LOOP('',(#2979,#2980,#2981,#2982));
#491=EDGE_LOOP('',(#2983,#2984,#2985,#2986));
#492=EDGE_LOOP('',(#2987,#2988,#2989,#2990));
#493=EDGE_LOOP('',(#2991,#2992,#2993,#2994));
#494=EDGE_LOOP('',(#2995,#2996,#2997,#2998));
#495=EDGE_LOOP('',(#2999,#3000,#3001,#3002));
#496=EDGE_LOOP('',(#3003,#3004,#3005,#3006));
#497=EDGE_LOOP('',(#3007,#3008,#3009,#3010));
#498=EDGE_LOOP('',(#3011,#3012,#3013,#3014));
#499=EDGE_LOOP('',(#3015,#3016,#3017,#3018));
#500=EDGE_LOOP('',(#3019,#3020,#3021,#3022,#3023,#3024,#3025,#3026,#3027,
#3028,#3029,#3030,#3031,#3032,#3033,#3034));
#501=EDGE_LOOP('',(#3035,#3036,#3037,#3038,#3039,#3040,#3041,#3042,#3043));
#502=EDGE_LOOP('',(#3044,#3045,#3046,#3047,#3048,#3049,#3050,#3051));
#503=EDGE_LOOP('',(#3052,#3053,#3054,#3055));
#504=EDGE_LOOP('',(#3056,#3057,#3058,#3059));
#505=EDGE_LOOP('',(#3060,#3061,#3062,#3063));
#506=EDGE_LOOP('',(#3064,#3065,#3066,#3067));
#507=EDGE_LOOP('',(#3068,#3069,#3070,#3071));
#508=EDGE_LOOP('',(#3072,#3073,#3074,#3075));
#509=EDGE_LOOP('',(#3076,#3077,#3078,#3079));
#510=EDGE_LOOP('',(#3080,#3081,#3082,#3083));
#511=EDGE_LOOP('',(#3084,#3085,#3086,#3087));
#512=EDGE_LOOP('',(#3088,#3089,#3090,#3091));
#513=EDGE_LOOP('',(#3092,#3093,#3094,#3095));
#514=EDGE_LOOP('',(#3096,#3097,#3098,#3099));
#515=EDGE_LOOP('',(#3100,#3101,#3102,#3103));
#516=EDGE_LOOP('',(#3104,#3105,#3106,#3107));
#517=EDGE_LOOP('',(#3108,#3109,#3110,#3111));
#518=EDGE_LOOP('',(#3112,#3113,#3114,#3115));
#519=EDGE_LOOP('',(#3116,#3117,#3118,#3119));
#520=EDGE_LOOP('',(#3120,#3121,#3122,#3123));
#521=EDGE_LOOP('',(#3124,#3125,#3126,#3127));
#522=EDGE_LOOP('',(#3128,#3129,#3130,#3131));
#523=EDGE_LOOP('',(#3132,#3133,#3134,#3135));
#524=EDGE_LOOP('',(#3136,#3137,#3138,#3139));
#525=EDGE_LOOP('',(#3140,#3141,#3142,#3143));
#526=EDGE_LOOP('',(#3144,#3145,#3146,#3147));
#527=EDGE_LOOP('',(#3148,#3149,#3150,#3151));
#528=EDGE_LOOP('',(#3152,#3153,#3154,#3155));
#529=EDGE_LOOP('',(#3156,#3157,#3158,#3159));
#530=EDGE_LOOP('',(#3160,#3161,#3162,#3163));
#531=EDGE_LOOP('',(#3164,#3165,#3166,#3167));
#532=EDGE_LOOP('',(#3168,#3169,#3170,#3171));
#533=EDGE_LOOP('',(#3172,#3173,#3174,#3175));
#534=EDGE_LOOP('',(#3176,#3177,#3178,#3179));
#535=EDGE_LOOP('',(#3180,#3181,#3182,#3183));
#536=EDGE_LOOP('',(#3184,#3185,#3186,#3187,#3188,#3189,#3190,#3191));
#537=EDGE_LOOP('',(#3192,#3193,#3194,#3195,#3196,#3197,#3198,#3199,#3200));
#538=EDGE_LOOP('',(#3201,#3202,#3203,#3204,#3205,#3206,#3207,#3208));
#539=EDGE_LOOP('',(#3209,#3210,#3211,#3212));
#540=EDGE_LOOP('',(#3213,#3214,#3215,#3216));
#541=EDGE_LOOP('',(#3217,#3218,#3219,#3220));
#542=EDGE_LOOP('',(#3221,#3222,#3223,#3224,#3225,#3226,#3227,#3228,#3229,
#3230,#3231,#3232,#3233,#3234,#3235,#3236,#3237,#3238,#3239,#3240,#3241,
#3242));
#543=EDGE_LOOP('',(#3243,#3244,#3245,#3246,#3247,#3248,#3249,#3250,#3251,
#3252,#3253));
#544=EDGE_LOOP('',(#3254,#3255,#3256,#3257,#3258,#3259,#3260,#3261,#3262,
#3263,#3264,#3265,#3266,#3267,#3268,#3269,#3270,#3271,#3272,#3273,#3274,
#3275,#3276,#3277,#3278,#3279,#3280,#3281));
#545=EDGE_LOOP('',(#3282,#3283,#3284,#3285,#3286,#3287,#3288,#3289,#3290));
#546=EDGE_LOOP('',(#3291,#3292,#3293,#3294,#3295,#3296,#3297,#3298,#3299));
#547=EDGE_LOOP('',(#3300,#3301,#3302,#3303,#3304,#3305,#3306,#3307,#3308,
#3309,#3310,#3311,#3312,#3313,#3314,#3315,#3316,#3317,#3318,#3319,#3320,
#3321,#3322,#3323,#3324,#3325,#3326,#3327));
#548=EDGE_LOOP('',(#3328,#3329,#3330,#3331,#3332,#3333,#3334,#3335,#3336,
#3337,#3338,#3339,#3340,#3341,#3342,#3343,#3344,#3345,#3346,#3347,#3348,
#3349));
#549=EDGE_LOOP('',(#3350,#3351,#3352,#3353));
#550=EDGE_LOOP('',(#3354,#3355,#3356,#3357,#3358,#3359,#3360,#3361,#3362,
#3363,#3364,#3365,#3366,#3367,#3368,#3369));
#551=EDGE_LOOP('',(#3370,#3371,#3372,#3373));
#552=EDGE_LOOP('',(#3374,#3375,#3376,#3377));
#553=EDGE_LOOP('',(#3378,#3379,#3380,#3381));
#554=EDGE_LOOP('',(#3382,#3383,#3384,#3385));
#555=EDGE_LOOP('',(#3386,#3387,#3388,#3389));
#556=EDGE_LOOP('',(#3390,#3391,#3392,#3393,#3394,#3395,#3396,#3397));
#557=EDGE_LOOP('',(#3398,#3399,#3400,#3401,#3402,#3403,#3404,#3405));
#558=LINE('',#4341,#858);
#559=LINE('',#4406,#859);
#560=LINE('',#4413,#860);
#561=LINE('',#4430,#861);
#562=LINE('',#4447,#862);
#563=LINE('',#4464,#863);
#564=LINE('',#4481,#864);
#565=LINE('',#4498,#865);
#566=LINE('',#4515,#866);
#567=LINE('',#4532,#867);
#568=LINE('',#4549,#868);
#569=LINE('',#4566,#869);
#570=LINE('',#4583,#870);
#571=LINE('',#4600,#871);
#572=LINE('',#4617,#872);
#573=LINE('',#4634,#873);
#574=LINE('',#4651,#874);
#575=LINE('',#4668,#875);
#576=LINE('',#4685,#876);
#577=LINE('',#4702,#877);
#578=LINE('',#4719,#878);
#579=LINE('',#4736,#879);
#580=LINE('',#4739,#880);
#581=LINE('',#4740,#881);
#582=LINE('',#4767,#882);
#583=LINE('',#4774,#883);
#584=LINE('',#4791,#884);
#585=LINE('',#4808,#885);
#586=LINE('',#4825,#886);
#587=LINE('',#4842,#887);
#588=LINE('',#4859,#888);
#589=LINE('',#4876,#889);
#590=LINE('',#4913,#890);
#591=LINE('',#4933,#891);
#592=LINE('',#4935,#892);
#593=LINE('',#4937,#893);
#594=LINE('',#4938,#894);
#595=LINE('',#4950,#895);
#596=LINE('',#4957,#896);
#597=LINE('',#4974,#897);
#598=LINE('',#4991,#898);
#599=LINE('',#4994,#899);
#600=LINE('',#4995,#900);
#601=LINE('',#5012,#901);
#602=LINE('',#5029,#902);
#603=LINE('',#5046,#903);
#604=LINE('',#5049,#904);
#605=LINE('',#5050,#905);
#606=LINE('',#5053,#906);
#607=LINE('',#5054,#907);
#608=LINE('',#5057,#908);
#609=LINE('',#5058,#909);
#610=LINE('',#5060,#910);
#611=LINE('',#5064,#911);
#612=LINE('',#5096,#912);
#613=LINE('',#5098,#913);
#614=LINE('',#5100,#914);
#615=LINE('',#5132,#915);
#616=LINE('',#5134,#916);
#617=LINE('',#5136,#917);
#618=LINE('',#5180,#918);
#619=LINE('',#5182,#919);
#620=LINE('',#5184,#920);
#621=LINE('',#5185,#921);
#622=LINE('',#5188,#922);
#623=LINE('',#5190,#923);
#624=LINE('',#5191,#924);
#625=LINE('',#5208,#925);
#626=LINE('',#5225,#926);
#627=LINE('',#5242,#927);
#628=LINE('',#5259,#928);
#629=LINE('',#5276,#929);
#630=LINE('',#5279,#930);
#631=LINE('',#5280,#931);
#632=LINE('',#5283,#932);
#633=LINE('',#5284,#933);
#634=LINE('',#5287,#934);
#635=LINE('',#5288,#935);
#636=LINE('',#5305,#936);
#637=LINE('',#5322,#937);
#638=LINE('',#5339,#938);
#639=LINE('',#5356,#939);
#640=LINE('',#5373,#940);
#641=LINE('',#5376,#941);
#642=LINE('',#5377,#942);
#643=LINE('',#5380,#943);
#644=LINE('',#5381,#944);
#645=LINE('',#5384,#945);
#646=LINE('',#5385,#946);
#647=LINE('',#5402,#947);
#648=LINE('',#5419,#948);
#649=LINE('',#5436,#949);
#650=LINE('',#5453,#950);
#651=LINE('',#5470,#951);
#652=LINE('',#5487,#952);
#653=LINE('',#5504,#953);
#654=LINE('',#5507,#954);
#655=LINE('',#5508,#955);
#656=LINE('',#5511,#956);
#657=LINE('',#5512,#957);
#658=LINE('',#5515,#958);
#659=LINE('',#5516,#959);
#660=LINE('',#5518,#960);
#661=LINE('',#5522,#961);
#662=LINE('',#5524,#962);
#663=LINE('',#5526,#963);
#664=LINE('',#5540,#964);
#665=LINE('',#5542,#965);
#666=LINE('',#5544,#966);
#667=LINE('',#5545,#967);
#668=LINE('',#5548,#968);
#669=LINE('',#5550,#969);
#670=LINE('',#5551,#970);
#671=LINE('',#5554,#971);
#672=LINE('',#5555,#972);
#673=LINE('',#5558,#973);
#674=LINE('',#5559,#974);
#675=LINE('',#5576,#975);
#676=LINE('',#5593,#976);
#677=LINE('',#5596,#977);
#678=LINE('',#5597,#978);
#679=LINE('',#5600,#979);
#680=LINE('',#5601,#980);
#681=LINE('',#5604,#981);
#682=LINE('',#5605,#982);
#683=LINE('',#5607,#983);
#684=LINE('',#5611,#984);
#685=LINE('',#5625,#985);
#686=LINE('',#5639,#986);
#687=LINE('',#5641,#987);
#688=LINE('',#5642,#988);
#689=LINE('',#5645,#989);
#690=LINE('',#5647,#990);
#691=LINE('',#5648,#991);
#692=LINE('',#5665,#992);
#693=LINE('',#5682,#993);
#694=LINE('',#5685,#994);
#695=LINE('',#5686,#995);
#696=LINE('',#5703,#996);
#697=LINE('',#5720,#997);
#698=LINE('',#5723,#998);
#699=LINE('',#5724,#999);
#700=LINE('',#5727,#1000);
#701=LINE('',#5728,#1001);
#702=LINE('',#5730,#1002);
#703=LINE('',#5734,#1003);
#704=LINE('',#5766,#1004);
#705=LINE('',#5768,#1005);
#706=LINE('',#5770,#1006);
#707=LINE('',#5802,#1007);
#708=LINE('',#5804,#1008);
#709=LINE('',#5806,#1009);
#710=LINE('',#5850,#1010);
#711=LINE('',#5852,#1011);
#712=LINE('',#5854,#1012);
#713=LINE('',#5855,#1013);
#714=LINE('',#5858,#1014);
#715=LINE('',#5860,#1015);
#716=LINE('',#5861,#1016);
#717=LINE('',#5878,#1017);
#718=LINE('',#5895,#1018);
#719=LINE('',#5912,#1019);
#720=LINE('',#5929,#1020);
#721=LINE('',#5946,#1021);
#722=LINE('',#5949,#1022);
#723=LINE('',#5950,#1023);
#724=LINE('',#5953,#1024);
#725=LINE('',#5954,#1025);
#726=LINE('',#5957,#1026);
#727=LINE('',#5958,#1027);
#728=LINE('',#5975,#1028);
#729=LINE('',#5992,#1029);
#730=LINE('',#6009,#1030);
#731=LINE('',#6026,#1031);
#732=LINE('',#6043,#1032);
#733=LINE('',#6046,#1033);
#734=LINE('',#6047,#1034);
#735=LINE('',#6050,#1035);
#736=LINE('',#6051,#1036);
#737=LINE('',#6054,#1037);
#738=LINE('',#6055,#1038);
#739=LINE('',#6072,#1039);
#740=LINE('',#6089,#1040);
#741=LINE('',#6106,#1041);
#742=LINE('',#6123,#1042);
#743=LINE('',#6140,#1043);
#744=LINE('',#6157,#1044);
#745=LINE('',#6174,#1045);
#746=LINE('',#6177,#1046);
#747=LINE('',#6178,#1047);
#748=LINE('',#6181,#1048);
#749=LINE('',#6182,#1049);
#750=LINE('',#6185,#1050);
#751=LINE('',#6186,#1051);
#752=LINE('',#6188,#1052);
#753=LINE('',#6228,#1053);
#754=LINE('',#6230,#1054);
#755=LINE('',#6232,#1055);
#756=LINE('',#6234,#1056);
#757=LINE('',#6236,#1057);
#758=LINE('',#6238,#1058);
#759=LINE('',#6288,#1059);
#760=LINE('',#6305,#1060);
#761=LINE('',#6312,#1061);
#762=LINE('',#6329,#1062);
#763=LINE('',#6346,#1063);
#764=LINE('',#6363,#1064);
#765=LINE('',#6380,#1065);
#766=LINE('',#6397,#1066);
#767=LINE('',#6400,#1067);
#768=LINE('',#6401,#1068);
#769=LINE('',#6404,#1069);
#770=LINE('',#6405,#1070);
#771=LINE('',#6408,#1071);
#772=LINE('',#6409,#1072);
#773=LINE('',#6412,#1073);
#774=LINE('',#6413,#1074);
#775=LINE('',#6416,#1075);
#776=LINE('',#6417,#1076);
#777=LINE('',#6420,#1077);
#778=LINE('',#6421,#1078);
#779=LINE('',#6438,#1079);
#780=LINE('',#6455,#1080);
#781=LINE('',#6472,#1081);
#782=LINE('',#6489,#1082);
#783=LINE('',#6506,#1083);
#784=LINE('',#6523,#1084);
#785=LINE('',#6540,#1085);
#786=LINE('',#6557,#1086);
#787=LINE('',#6560,#1087);
#788=LINE('',#6561,#1088);
#789=LINE('',#6580,#1089);
#790=LINE('',#6582,#1090);
#791=LINE('',#6584,#1091);
#792=LINE('',#6585,#1092);
#793=LINE('',#6588,#1093);
#794=LINE('',#6590,#1094);
#795=LINE('',#6591,#1095);
#796=LINE('',#6594,#1096);
#797=LINE('',#6595,#1097);
#798=LINE('',#6598,#1098);
#799=LINE('',#6599,#1099);
#800=LINE('',#6601,#1100);
#801=LINE('',#6812,#1101);
#802=LINE('',#6819,#1102);
#803=LINE('',#6836,#1103);
#804=LINE('',#6853,#1104);
#805=LINE('',#6870,#1105);
#806=LINE('',#6887,#1106);
#807=LINE('',#6904,#1107);
#808=LINE('',#6921,#1108);
#809=LINE('',#6938,#1109);
#810=LINE('',#6955,#1110);
#811=LINE('',#6972,#1111);
#812=LINE('',#6989,#1112);
#813=LINE('',#7006,#1113);
#814=LINE('',#7023,#1114);
#815=LINE('',#7040,#1115);
#816=LINE('',#7057,#1116);
#817=LINE('',#7084,#1117);
#818=LINE('',#7091,#1118);
#819=LINE('',#7108,#1119);
#820=LINE('',#7125,#1120);
#821=LINE('',#7142,#1121);
#822=LINE('',#7159,#1122);
#823=LINE('',#7176,#1123);
#824=LINE('',#7193,#1124);
#825=LINE('',#7210,#1125);
#826=LINE('',#7237,#1126);
#827=LINE('',#7244,#1127);
#828=LINE('',#7261,#1128);
#829=LINE('',#7278,#1129);
#830=LINE('',#7295,#1130);
#831=LINE('',#7312,#1131);
#832=LINE('',#7329,#1132);
#833=LINE('',#7346,#1133);
#834=LINE('',#7368,#1134);
#835=LINE('',#7370,#1135);
#836=LINE('',#7372,#1136);
#837=LINE('',#7373,#1137);
#838=LINE('',#7376,#1138);
#839=LINE('',#7378,#1139);
#840=LINE('',#7379,#1140);
#841=LINE('',#7382,#1141);
#842=LINE('',#7384,#1142);
#843=LINE('',#7385,#1143);
#844=LINE('',#7388,#1144);
#845=LINE('',#7390,#1145);
#846=LINE('',#7391,#1146);
#847=LINE('',#7394,#1147);
#848=LINE('',#7396,#1148);
#849=LINE('',#7397,#1149);
#850=LINE('',#7400,#1150);
#851=LINE('',#7402,#1151);
#852=LINE('',#7403,#1152);
#853=LINE('',#7406,#1153);
#854=LINE('',#7408,#1154);
#855=LINE('',#7409,#1155);
#856=LINE('',#7411,#1156);
#857=LINE('',#7412,#1157);
#858=VECTOR('',#3770,10.);
#859=VECTOR('',#3771,10.);
#860=VECTOR('',#3772,10.);
#861=VECTOR('',#3773,10.);
#862=VECTOR('',#3774,10.);
#863=VECTOR('',#3775,10.);
#864=VECTOR('',#3776,10.);
#865=VECTOR('',#3777,10.);
#866=VECTOR('',#3778,10.);
#867=VECTOR('',#3779,10.);
#868=VECTOR('',#3780,10.);
#869=VECTOR('',#3781,10.);
#870=VECTOR('',#3782,10.);
#871=VECTOR('',#3783,10.);
#872=VECTOR('',#3784,10.);
#873=VECTOR('',#3785,10.);
#874=VECTOR('',#3786,10.);
#875=VECTOR('',#3787,10.);
#876=VECTOR('',#3788,10.);
#877=VECTOR('',#3789,10.);
#878=VECTOR('',#3790,10.);
#879=VECTOR('',#3791,10.);
#880=VECTOR('',#3794,10.);
#881=VECTOR('',#3795,10.);
#882=VECTOR('',#3796,10.);
#883=VECTOR('',#3797,10.);
#884=VECTOR('',#3798,10.);
#885=VECTOR('',#3799,10.);
#886=VECTOR('',#3800,10.);
#887=VECTOR('',#3801,10.);
#888=VECTOR('',#3802,10.);
#889=VECTOR('',#3803,10.);
#890=VECTOR('',#3806,10.);
#891=VECTOR('',#3807,10.);
#892=VECTOR('',#3808,10.);
#893=VECTOR('',#3809,10.);
#894=VECTOR('',#3810,10.);
#895=VECTOR('',#3811,10.);
#896=VECTOR('',#3812,10.);
#897=VECTOR('',#3813,10.);
#898=VECTOR('',#3814,10.);
#899=VECTOR('',#3817,10.);
#900=VECTOR('',#3818,10.);
#901=VECTOR('',#3819,10.);
#902=VECTOR('',#3820,10.);
#903=VECTOR('',#3821,10.);
#904=VECTOR('',#3824,10.);
#905=VECTOR('',#3825,10.);
#906=VECTOR('',#3828,10.);
#907=VECTOR('',#3829,10.);
#908=VECTOR('',#3832,10.);
#909=VECTOR('',#3833,10.);
#910=VECTOR('',#3836,10.);
#911=VECTOR('',#3839,10.);
#912=VECTOR('',#3840,10.);
#913=VECTOR('',#3841,10.);
#914=VECTOR('',#3842,10.);
#915=VECTOR('',#3843,10.);
#916=VECTOR('',#3844,10.);
#917=VECTOR('',#3845,10.);
#918=VECTOR('',#3846,10.);
#919=VECTOR('',#3847,10.);
#920=VECTOR('',#3848,10.);
#921=VECTOR('',#3849,10.);
#922=VECTOR('',#3852,10.);
#923=VECTOR('',#3853,10.);
#924=VECTOR('',#3854,10.);
#925=VECTOR('',#3855,10.);
#926=VECTOR('',#3856,10.);
#927=VECTOR('',#3857,10.);
#928=VECTOR('',#3858,10.);
#929=VECTOR('',#3859,10.);
#930=VECTOR('',#3862,10.);
#931=VECTOR('',#3863,10.);
#932=VECTOR('',#3866,10.);
#933=VECTOR('',#3867,10.);
#934=VECTOR('',#3870,10.);
#935=VECTOR('',#3871,10.);
#936=VECTOR('',#3872,10.);
#937=VECTOR('',#3873,10.);
#938=VECTOR('',#3874,10.);
#939=VECTOR('',#3875,10.);
#940=VECTOR('',#3876,10.);
#941=VECTOR('',#3879,10.);
#942=VECTOR('',#3880,10.);
#943=VECTOR('',#3883,10.);
#944=VECTOR('',#3884,10.);
#945=VECTOR('',#3887,10.);
#946=VECTOR('',#3888,10.);
#947=VECTOR('',#3889,10.);
#948=VECTOR('',#3890,10.);
#949=VECTOR('',#3891,10.);
#950=VECTOR('',#3892,10.);
#951=VECTOR('',#3893,10.);
#952=VECTOR('',#3894,10.);
#953=VECTOR('',#3895,10.);
#954=VECTOR('',#3898,10.);
#955=VECTOR('',#3899,10.);
#956=VECTOR('',#3902,10.);
#957=VECTOR('',#3903,10.);
#958=VECTOR('',#3906,10.);
#959=VECTOR('',#3907,10.);
#960=VECTOR('',#3910,10.);
#961=VECTOR('',#3913,10.);
#962=VECTOR('',#3914,10.);
#963=VECTOR('',#3915,10.);
#964=VECTOR('',#3916,10.);
#965=VECTOR('',#3917,10.);
#966=VECTOR('',#3918,10.);
#967=VECTOR('',#3919,10.);
#968=VECTOR('',#3922,10.);
#969=VECTOR('',#3923,10.);
#970=VECTOR('',#3924,10.);
#971=VECTOR('',#3927,10.);
#972=VECTOR('',#3928,10.);
#973=VECTOR('',#3931,10.);
#974=VECTOR('',#3932,10.);
#975=VECTOR('',#3933,10.);
#976=VECTOR('',#3934,10.);
#977=VECTOR('',#3937,10.);
#978=VECTOR('',#3938,10.);
#979=VECTOR('',#3941,10.);
#980=VECTOR('',#3942,10.);
#981=VECTOR('',#3945,10.);
#982=VECTOR('',#3946,10.);
#983=VECTOR('',#3949,10.);
#984=VECTOR('',#3952,10.);
#985=VECTOR('',#3953,10.);
#986=VECTOR('',#3954,10.);
#987=VECTOR('',#3955,10.);
#988=VECTOR('',#3956,10.);
#989=VECTOR('',#3959,10.);
#990=VECTOR('',#3960,10.);
#991=VECTOR('',#3961,10.);
#992=VECTOR('',#3962,10.);
#993=VECTOR('',#3963,10.);
#994=VECTOR('',#3966,10.);
#995=VECTOR('',#3967,10.);
#996=VECTOR('',#3968,10.);
#997=VECTOR('',#3969,10.);
#998=VECTOR('',#3972,10.);
#999=VECTOR('',#3973,10.);
#1000=VECTOR('',#3976,10.);
#1001=VECTOR('',#3977,10.);
#1002=VECTOR('',#3980,10.);
#1003=VECTOR('',#3983,10.);
#1004=VECTOR('',#3984,10.);
#1005=VECTOR('',#3985,10.);
#1006=VECTOR('',#3986,10.);
#1007=VECTOR('',#3987,10.);
#1008=VECTOR('',#3988,10.);
#1009=VECTOR('',#3989,10.);
#1010=VECTOR('',#3990,10.);
#1011=VECTOR('',#3991,10.);
#1012=VECTOR('',#3992,10.);
#1013=VECTOR('',#3993,10.);
#1014=VECTOR('',#3996,10.);
#1015=VECTOR('',#3997,10.);
#1016=VECTOR('',#3998,10.);
#1017=VECTOR('',#3999,10.);
#1018=VECTOR('',#4000,10.);
#1019=VECTOR('',#4001,10.);
#1020=VECTOR('',#4002,10.);
#1021=VECTOR('',#4003,10.);
#1022=VECTOR('',#4006,10.);
#1023=VECTOR('',#4007,10.);
#1024=VECTOR('',#4010,10.);
#1025=VECTOR('',#4011,10.);
#1026=VECTOR('',#4014,10.);
#1027=VECTOR('',#4015,10.);
#1028=VECTOR('',#4016,10.);
#1029=VECTOR('',#4017,10.);
#1030=VECTOR('',#4018,10.);
#1031=VECTOR('',#4019,10.);
#1032=VECTOR('',#4020,10.);
#1033=VECTOR('',#4023,10.);
#1034=VECTOR('',#4024,10.);
#1035=VECTOR('',#4027,10.);
#1036=VECTOR('',#4028,10.);
#1037=VECTOR('',#4031,10.);
#1038=VECTOR('',#4032,10.);
#1039=VECTOR('',#4033,10.);
#1040=VECTOR('',#4034,10.);
#1041=VECTOR('',#4035,10.);
#1042=VECTOR('',#4036,10.);
#1043=VECTOR('',#4037,10.);
#1044=VECTOR('',#4038,10.);
#1045=VECTOR('',#4039,10.);
#1046=VECTOR('',#4042,10.);
#1047=VECTOR('',#4043,10.);
#1048=VECTOR('',#4046,10.);
#1049=VECTOR('',#4047,10.);
#1050=VECTOR('',#4050,10.);
#1051=VECTOR('',#4051,10.);
#1052=VECTOR('',#4054,10.);
#1053=VECTOR('',#4057,10.);
#1054=VECTOR('',#4058,10.);
#1055=VECTOR('',#4059,10.);
#1056=VECTOR('',#4060,10.);
#1057=VECTOR('',#4061,10.);
#1058=VECTOR('',#4062,10.);
#1059=VECTOR('',#4063,10.);
#1060=VECTOR('',#4064,10.);
#1061=VECTOR('',#4065,10.);
#1062=VECTOR('',#4066,10.);
#1063=VECTOR('',#4067,10.);
#1064=VECTOR('',#4068,10.);
#1065=VECTOR('',#4069,10.);
#1066=VECTOR('',#4070,10.);
#1067=VECTOR('',#4073,10.);
#1068=VECTOR('',#4074,10.);
#1069=VECTOR('',#4077,10.);
#1070=VECTOR('',#4078,10.);
#1071=VECTOR('',#4081,10.);
#1072=VECTOR('',#4082,10.);
#1073=VECTOR('',#4085,10.);
#1074=VECTOR('',#4086,10.);
#1075=VECTOR('',#4089,10.);
#1076=VECTOR('',#4090,10.);
#1077=VECTOR('',#4093,10.);
#1078=VECTOR('',#4094,10.);
#1079=VECTOR('',#4095,10.);
#1080=VECTOR('',#4096,10.);
#1081=VECTOR('',#4097,10.);
#1082=VECTOR('',#4098,10.);
#1083=VECTOR('',#4099,10.);
#1084=VECTOR('',#4100,10.);
#1085=VECTOR('',#4101,10.);
#1086=VECTOR('',#4102,10.);
#1087=VECTOR('',#4105,10.);
#1088=VECTOR('',#4106,10.);
#1089=VECTOR('',#4109,10.);
#1090=VECTOR('',#4110,10.);
#1091=VECTOR('',#4111,10.);
#1092=VECTOR('',#4112,10.);
#1093=VECTOR('',#4115,10.);
#1094=VECTOR('',#4116,10.);
#1095=VECTOR('',#4117,10.);
#1096=VECTOR('',#4120,10.);
#1097=VECTOR('',#4121,10.);
#1098=VECTOR('',#4124,10.);
#1099=VECTOR('',#4125,10.);
#1100=VECTOR('',#4128,10.);
#1101=VECTOR('',#4131,10.);
#1102=VECTOR('',#4132,10.);
#1103=VECTOR('',#4133,10.);
#1104=VECTOR('',#4134,10.);
#1105=VECTOR('',#4135,10.);
#1106=VECTOR('',#4136,10.);
#1107=VECTOR('',#4137,10.);
#1108=VECTOR('',#4138,10.);
#1109=VECTOR('',#4139,10.);
#1110=VECTOR('',#4140,10.);
#1111=VECTOR('',#4141,10.);
#1112=VECTOR('',#4142,10.);
#1113=VECTOR('',#4143,10.);
#1114=VECTOR('',#4144,10.);
#1115=VECTOR('',#4145,10.);
#1116=VECTOR('',#4146,10.);
#1117=VECTOR('',#4147,10.);
#1118=VECTOR('',#4148,10.);
#1119=VECTOR('',#4149,10.);
#1120=VECTOR('',#4150,10.);
#1121=VECTOR('',#4151,10.);
#1122=VECTOR('',#4152,10.);
#1123=VECTOR('',#4153,10.);
#1124=VECTOR('',#4154,10.);
#1125=VECTOR('',#4155,10.);
#1126=VECTOR('',#4156,10.);
#1127=VECTOR('',#4157,10.);
#1128=VECTOR('',#4158,10.);
#1129=VECTOR('',#4159,10.);
#1130=VECTOR('',#4160,10.);
#1131=VECTOR('',#4161,10.);
#1132=VECTOR('',#4162,10.);
#1133=VECTOR('',#4163,10.);
#1134=VECTOR('',#4172,10.);
#1135=VECTOR('',#4173,10.);
#1136=VECTOR('',#4174,10.);
#1137=VECTOR('',#4175,10.);
#1138=VECTOR('',#4178,10.);
#1139=VECTOR('',#4179,10.);
#1140=VECTOR('',#4180,10.);
#1141=VECTOR('',#4183,10.);
#1142=VECTOR('',#4184,10.);
#1143=VECTOR('',#4185,10.);
#1144=VECTOR('',#4188,10.);
#1145=VECTOR('',#4189,10.);
#1146=VECTOR('',#4190,10.);
#1147=VECTOR('',#4193,10.);
#1148=VECTOR('',#4194,10.);
#1149=VECTOR('',#4195,10.);
#1150=VECTOR('',#4198,10.);
#1151=VECTOR('',#4199,10.);
#1152=VECTOR('',#4200,10.);
#1153=VECTOR('',#4203,10.);
#1154=VECTOR('',#4204,10.);
#1155=VECTOR('',#4205,10.);
#1156=VECTOR('',#4208,10.);
#1157=VECTOR('',#4209,10.);
#1158=B_SPLINE_CURVE_WITH_KNOTS('',3,(#4221,#4222,#4223,#4224,#4225),
 .UNSPECIFIED.,.F.,.F.,(4,1,4),(0.,0.0862454805918633,0.16464264647961),
 .UNSPECIFIED.);
#1159=B_SPLINE_CURVE_WITH_KNOTS('',3,(#4227,#4228,#4229,#4230,#4231),
 .UNSPECIFIED.,.F.,.F.,(4,1,4),(0.,0.0796198950375703,0.163141549223739),
 .UNSPECIFIED.);
#1160=B_SPLINE_CURVE_WITH_KNOTS('',3,(#4233,#4234,#4235,#4236,#4237),
 .UNSPECIFIED.,.F.,.F.,(4,1,4),(0.,0.0899420319762882,0.172036174429097),
 .UNSPECIFIED.);
#1161=B_SPLINE_CURVE_WITH_KNOTS('',3,(#4239,#4240,#4241,#4242,#4243),
 .UNSPECIFIED.,.F.,.F.,(4,1,4),(0.,0.138041030456837,0.247608181249233),
 .UNSPECIFIED.);
#1162=B_SPLINE_CURVE_WITH_KNOTS('',3,(#4245,#4246,#4247,#4248,#4249),
 .UNSPECIFIED.,.F.,.F.,(4,1,4),(0.,0.0982843333054126,0.22843669689002),
 .UNSPECIFIED.);
#1163=B_SPLINE_CURVE_WITH_KNOTS('',3,(#4251,#4252,#4253,#4254,#4255),
 .UNSPECIFIED.,.F.,.F.,(4,1,4),(0.,0.0765200612845496,0.156911733188211),
 .UNSPECIFIED.);
#1164=B_SPLINE_CURVE_WITH_KNOTS('',3,(#4257,#4258,#4259,#4260,#4261),
 .UNSPECIFIED.,.F.,.F.,(4,1,4),(0.,0.0753607547165034,0.150130085131411),
 .UNSPECIFIED.);
#1165=B_SPLINE_CURVE_WITH_KNOTS('',3,(#4263,#4264,#4265,#4266,#4267),
 .UNSPECIFIED.,.F.,.F.,(4,1,4),(0.,0.0983114832326539,0.199079605668761),
 .UNSPECIFIED.);
#1166=B_SPLINE_CURVE_WITH_KNOTS('',3,(#4269,#4270,#4271,#4272,#4273),
 .UNSPECIFIED.,.F.,.F.,(4,1,4),(0.,0.111267200583949,0.21268309339116),
 .UNSPECIFIED.);
#1167=B_SPLINE_CURVE_WITH_KNOTS('',3,(#4275,#4276,#4277,#4278,#4279),
 .UNSPECIFIED.,.F.,.F.,(4,1,4),(0.,0.0981340998493782,0.205925660018743),
 .UNSPECIFIED.);
#1168=B_SPLINE_CURVE_WITH_KNOTS('',3,(#4281,#4282,#4283,#4284,#4285),
 .UNSPECIFIED.,.F.,.F.,(4,1,4),(0.,0.0934295920324005,0.186999706272118),
 .UNSPECIFIED.);
#1169=B_SPLINE_CURVE_WITH_KNOTS('',3,(#4287,#4288,#4289,#4290,#4291),
 .UNSPECIFIED.,.F.,.F.,(4,1,4),(0.,0.0572053699000939,0.11495891870179),
 .UNSPECIFIED.);
#1170=B_SPLINE_CURVE_WITH_KNOTS('',3,(#4293,#4294,#4295,#4296,#4297),
 .UNSPECIFIED.,.F.,.F.,(4,1,4),(0.,0.0550594744953274,0.112032002288757),
 .UNSPECIFIED.);
#1171=B_SPLINE_CURVE_WITH_KNOTS('',3,(#4299,#4300,#4301,#4302,#4303),
 .UNSPECIFIED.,.F.,.F.,(4,1,4),(0.,0.00818664183630382,0.0196537700243701),
 .UNSPECIFIED.);
#1172=B_SPLINE_CURVE_WITH_KNOTS('',3,(#4305,#4306,#4307,#4308,#4309),
 .UNSPECIFIED.,.F.,.F.,(4,1,4),(0.,0.0604992857647977,0.121184166867941),
 .UNSPECIFIED.);
#1173=B_SPLINE_CURVE_WITH_KNOTS('',3,(#4311,#4312,#4313,#4314,#4315),
 .UNSPECIFIED.,.F.,.F.,(4,1,4),(0.,0.0455769005276039,0.101024359967269),
 .UNSPECIFIED.);
#1174=B_SPLINE_CURVE_WITH_KNOTS('',3,(#4317,#4318,#4319,#4320,#4321),
 .UNSPECIFIED.,.F.,.F.,(4,1,4),(0.,0.0394857270338572,0.0792647129814766),
 .UNSPECIFIED.);
#1175=B_SPLINE_CURVE_WITH_KNOTS('',3,(#4323,#4324,#4325,#4326,#4327),
 .UNSPECIFIED.,.F.,.F.,(4,1,4),(0.,0.0427440372029562,0.0826018991754925),
 .UNSPECIFIED.);
#1176=B_SPLINE_CURVE_WITH_KNOTS('',3,(#4329,#4330,#4331,#4332,#4333),
 .UNSPECIFIED.,.F.,.F.,(4,1,4),(0.,0.0446915358287408,0.0934307406606387),
 .UNSPECIFIED.);
#1177=B_SPLINE_CURVE_WITH_KNOTS('',3,(#4335,#4336,#4337,#4338,#4339),
 .UNSPECIFIED.,.F.,.F.,(4,1,4),(0.,0.0600310529630784,0.108386812004718),
 .UNSPECIFIED.);
#1178=B_SPLINE_CURVE_WITH_KNOTS('',3,(#4342,#4343,#4344,#4345,#4346),
 .UNSPECIFIED.,.F.,.F.,(4,1,4),(0.,0.0788821570880726,0.166114531864676),
 .UNSPECIFIED.);
#1179=B_SPLINE_CURVE_WITH_KNOTS('',3,(#4349,#4350,#4351,#4352,#4353),
 .UNSPECIFIED.,.F.,.F.,(4,1,4),(0.,0.0631982487869581,0.124414444160852),
 .UNSPECIFIED.);
#1180=B_SPLINE_CURVE_WITH_KNOTS('',3,(#4355,#4356,#4357,#4358,#4359),
 .UNSPECIFIED.,.F.,.F.,(4,1,4),(0.,0.0627798183165727,0.126245996484438),
 .UNSPECIFIED.);
#1181=B_SPLINE_CURVE_WITH_KNOTS('',3,(#4361,#4362,#4363,#4364,#4365),
 .UNSPECIFIED.,.F.,.F.,(4,1,4),(0.,0.0702453104451694,0.135204394926837),
 .UNSPECIFIED.);
#1182=B_SPLINE_CURVE_WITH_KNOTS('',3,(#4367,#4368,#4369,#4370,#4371),
 .UNSPECIFIED.,.F.,.F.,(4,1,4),(0.,0.0713844793872511,0.149550163825955),
 .UNSPECIFIED.);
#1183=B_SPLINE_CURVE_WITH_KNOTS('',3,(#4373,#4374,#4375,#4376,#4377),
 .UNSPECIFIED.,.F.,.F.,(4,1,4),(0.,0.0626975333786462,0.129001383599304),
 .UNSPECIFIED.);
#1184=B_SPLINE_CURVE_WITH_KNOTS('',3,(#4379,#4380,#4381,#4382,#4383),
 .UNSPECIFIED.,.F.,.F.,(4,1,4),(0.,0.0618555567408431,0.121817719217656),
 .UNSPECIFIED.);
#1185=B_SPLINE_CURVE_WITH_KNOTS('',3,(#4385,#4386,#4387,#4388,#4389),
 .UNSPECIFIED.,.F.,.F.,(4,1,4),(0.,0.0766931706588555,0.144246116990509),
 .UNSPECIFIED.);
#1186=B_SPLINE_CURVE_WITH_KNOTS('',3,(#4390,#4391,#4392,#4393,#4394),
 .UNSPECIFIED.,.F.,.F.,(4,1,4),(0.,0.0660799816058726,0.142328408753641),
 .UNSPECIFIED.);
#1187=B_SPLINE_CURVE_WITH_KNOTS('',3,(#4408,#4409,#4410,#4411,#4412),
 .UNSPECIFIED.,.F.,.F.,(4,1,4),(0.,0.0862454805918633,0.16464264647961),
 .UNSPECIFIED.);
#1188=B_SPLINE_CURVE_WITH_KNOTS('',3,(#4425,#4426,#4427,#4428,#4429),
 .UNSPECIFIED.,.F.,.F.,(4,1,4),(0.,0.0796198950375703,0.163141549223739),
 .UNSPECIFIED.);
#1189=B_SPLINE_CURVE_WITH_KNOTS('',3,(#4442,#4443,#4444,#4445,#4446),
 .UNSPECIFIED.,.F.,.F.,(4,1,4),(0.,0.0899420319762882,0.172036174429097),
 .UNSPECIFIED.);
#1190=B_SPLINE_CURVE_WITH_KNOTS('',3,(#4459,#4460,#4461,#4462,#4463),
 .UNSPECIFIED.,.F.,.F.,(4,1,4),(0.,0.138041030456837,0.247608181249233),
 .UNSPECIFIED.);
#1191=B_SPLINE_CURVE_WITH_KNOTS('',3,(#4476,#4477,#4478,#4479,#4480),
 .UNSPECIFIED.,.F.,.F.,(4,1,4),(0.,0.0982843333054126,0.22843669689002),
 .UNSPECIFIED.);
#1192=B_SPLINE_CURVE_WITH_KNOTS('',3,(#4493,#4494,#4495,#4496,#4497),
 .UNSPECIFIED.,.F.,.F.,(4,1,4),(0.,0.0765200612845496,0.156911733188211),
 .UNSPECIFIED.);
#1193=B_SPLINE_CURVE_WITH_KNOTS('',3,(#4510,#4511,#4512,#4513,#4514),
 .UNSPECIFIED.,.F.,.F.,(4,1,4),(0.,0.0753607547165034,0.150130085131411),
 .UNSPECIFIED.);
#1194=B_SPLINE_CURVE_WITH_KNOTS('',3,(#4527,#4528,#4529,#4530,#4531),
 .UNSPECIFIED.,.F.,.F.,(4,1,4),(0.,0.0983114832326539,0.199079605668761),
 .UNSPECIFIED.);
#1195=B_SPLINE_CURVE_WITH_KNOTS('',3,(#4544,#4545,#4546,#4547,#4548),
 .UNSPECIFIED.,.F.,.F.,(4,1,4),(0.,0.111267200583949,0.21268309339116),
 .UNSPECIFIED.);
#1196=B_SPLINE_CURVE_WITH_KNOTS('',3,(#4561,#4562,#4563,#4564,#4565),
 .UNSPECIFIED.,.F.,.F.,(4,1,4),(0.,0.0981340998493782,0.205925660018743),
 .UNSPECIFIED.);
#1197=B_SPLINE_CURVE_WITH_KNOTS('',3,(#4578,#4579,#4580,#4581,#4582),
 .UNSPECIFIED.,.F.,.F.,(4,1,4),(0.,0.0934295920324005,0.186999706272118),
 .UNSPECIFIED.);
#1198=B_SPLINE_CURVE_WITH_KNOTS('',3,(#4595,#4596,#4597,#4598,#4599),
 .UNSPECIFIED.,.F.,.F.,(4,1,4),(0.,0.0572053699000939,0.11495891870179),
 .UNSPECIFIED.);
#1199=B_SPLINE_CURVE_WITH_KNOTS('',3,(#4612,#4613,#4614,#4615,#4616),
 .UNSPECIFIED.,.F.,.F.,(4,1,4),(0.,0.0550594744953274,0.112032002288757),
 .UNSPECIFIED.);
#1200=B_SPLINE_CURVE_WITH_KNOTS('',3,(#4629,#4630,#4631,#4632,#4633),
 .UNSPECIFIED.,.F.,.F.,(4,1,4),(0.,0.00818664183630382,0.0196537700243701),
 .UNSPECIFIED.);
#1201=B_SPLINE_CURVE_WITH_KNOTS('',3,(#4646,#4647,#4648,#4649,#4650),
 .UNSPECIFIED.,.F.,.F.,(4,1,4),(0.,0.0604992857647977,0.121184166867941),
 .UNSPECIFIED.);
#1202=B_SPLINE_CURVE_WITH_KNOTS('',3,(#4663,#4664,#4665,#4666,#4667),
 .UNSPECIFIED.,.F.,.F.,(4,1,4),(0.,0.0455769005276039,0.101024359967269),
 .UNSPECIFIED.);
#1203=B_SPLINE_CURVE_WITH_KNOTS('',3,(#4680,#4681,#4682,#4683,#4684),
 .UNSPECIFIED.,.F.,.F.,(4,1,4),(0.,0.0394857270338572,0.0792647129814766),
 .UNSPECIFIED.);
#1204=B_SPLINE_CURVE_WITH_KNOTS('',3,(#4697,#4698,#4699,#4700,#4701),
 .UNSPECIFIED.,.F.,.F.,(4,1,4),(0.,0.0427440372029562,0.0826018991754925),
 .UNSPECIFIED.);
#1205=B_SPLINE_CURVE_WITH_KNOTS('',3,(#4714,#4715,#4716,#4717,#4718),
 .UNSPECIFIED.,.F.,.F.,(4,1,4),(0.,0.0446915358287408,0.0934307406606387),
 .UNSPECIFIED.);
#1206=B_SPLINE_CURVE_WITH_KNOTS('',3,(#4731,#4732,#4733,#4734,#4735),
 .UNSPECIFIED.,.F.,.F.,(4,1,4),(0.,0.0600310529630784,0.108386812004718),
 .UNSPECIFIED.);
#1207=B_SPLINE_CURVE_WITH_KNOTS('',3,(#4751,#4752,#4753,#4754,#4755),
 .UNSPECIFIED.,.F.,.F.,(4,1,4),(0.,0.0788821570880726,0.166114531864676),
 .UNSPECIFIED.);
#1208=B_SPLINE_CURVE_WITH_KNOTS('',3,(#4769,#4770,#4771,#4772,#4773),
 .UNSPECIFIED.,.F.,.F.,(4,1,4),(0.,0.0631982487869581,0.124414444160852),
 .UNSPECIFIED.);
#1209=B_SPLINE_CURVE_WITH_KNOTS('',3,(#4786,#4787,#4788,#4789,#4790),
 .UNSPECIFIED.,.F.,.F.,(4,1,4),(0.,0.0627798183165727,0.126245996484438),
 .UNSPECIFIED.);
#1210=B_SPLINE_CURVE_WITH_KNOTS('',3,(#4803,#4804,#4805,#4806,#4807),
 .UNSPECIFIED.,.F.,.F.,(4,1,4),(0.,0.0702453104451694,0.135204394926837),
 .UNSPECIFIED.);
#1211=B_SPLINE_CURVE_WITH_KNOTS('',3,(#4820,#4821,#4822,#4823,#4824),
 .UNSPECIFIED.,.F.,.F.,(4,1,4),(0.,0.0713844793872511,0.149550163825955),
 .UNSPECIFIED.);
#1212=B_SPLINE_CURVE_WITH_KNOTS('',3,(#4837,#4838,#4839,#4840,#4841),
 .UNSPECIFIED.,.F.,.F.,(4,1,4),(0.,0.0626975333786462,0.129001383599304),
 .UNSPECIFIED.);
#1213=B_SPLINE_CURVE_WITH_KNOTS('',3,(#4854,#4855,#4856,#4857,#4858),
 .UNSPECIFIED.,.F.,.F.,(4,1,4),(0.,0.0618555567408431,0.121817719217656),
 .UNSPECIFIED.);
#1214=B_SPLINE_CURVE_WITH_KNOTS('',3,(#4871,#4872,#4873,#4874,#4875),
 .UNSPECIFIED.,.F.,.F.,(4,1,4),(0.,0.0766931706588555,0.144246116990509),
 .UNSPECIFIED.);
#1215=B_SPLINE_CURVE_WITH_KNOTS('',3,(#4887,#4888,#4889,#4890,#4891),
 .UNSPECIFIED.,.F.,.F.,(4,1,4),(0.,0.0660799816058726,0.142328408753641),
 .UNSPECIFIED.);
#1216=B_SPLINE_CURVE_WITH_KNOTS('',3,(#4895,#4896,#4897,#4898,#4899),
 .UNSPECIFIED.,.F.,.F.,(4,1,4),(0.,0.133572652249161,0.253168785482903),
 .UNSPECIFIED.);
#1217=B_SPLINE_CURVE_WITH_KNOTS('',3,(#4901,#4902,#4903,#4904,#4905),
 .UNSPECIFIED.,.F.,.F.,(4,1,4),(0.,0.138140728773336,0.277312503336151),
 .UNSPECIFIED.);
#1218=B_SPLINE_CURVE_WITH_KNOTS('',3,(#4907,#4908,#4909,#4910,#4911),
 .UNSPECIFIED.,.F.,.F.,(4,1,4),(0.,0.1047169979463,0.23150236519843),
 .UNSPECIFIED.);
#1219=B_SPLINE_CURVE_WITH_KNOTS('',3,(#4915,#4916,#4917,#4918,#4919),
 .UNSPECIFIED.,.F.,.F.,(4,1,4),(0.,0.107920316086511,0.223446443009225),
 .UNSPECIFIED.);
#1220=B_SPLINE_CURVE_WITH_KNOTS('',3,(#4921,#4922,#4923,#4924,#4925),
 .UNSPECIFIED.,.F.,.F.,(4,1,4),(0.,0.151929162973605,0.300873473742899),
 .UNSPECIFIED.);
#1221=B_SPLINE_CURVE_WITH_KNOTS('',3,(#4927,#4928,#4929,#4930,#4931),
 .UNSPECIFIED.,.F.,.F.,(4,1,4),(0.,0.12148754553103,0.264508407832568),
 .UNSPECIFIED.);
#1222=B_SPLINE_CURVE_WITH_KNOTS('',3,(#4952,#4953,#4954,#4955,#4956),
 .UNSPECIFIED.,.F.,.F.,(4,1,4),(0.,0.133572652249161,0.253168785482903),
 .UNSPECIFIED.);
#1223=B_SPLINE_CURVE_WITH_KNOTS('',3,(#4969,#4970,#4971,#4972,#4973),
 .UNSPECIFIED.,.F.,.F.,(4,1,4),(0.,0.138140728773336,0.277312503336151),
 .UNSPECIFIED.);
#1224=B_SPLINE_CURVE_WITH_KNOTS('',3,(#4986,#4987,#4988,#4989,#4990),
 .UNSPECIFIED.,.F.,.F.,(4,1,4),(0.,0.1047169979463,0.23150236519843),
 .UNSPECIFIED.);
#1225=B_SPLINE_CURVE_WITH_KNOTS('',3,(#5007,#5008,#5009,#5010,#5011),
 .UNSPECIFIED.,.F.,.F.,(4,1,4),(0.,0.107920316086511,0.223446443009225),
 .UNSPECIFIED.);
#1226=B_SPLINE_CURVE_WITH_KNOTS('',3,(#5024,#5025,#5026,#5027,#5028),
 .UNSPECIFIED.,.F.,.F.,(4,1,4),(0.,0.151929162973605,0.300873473742899),
 .UNSPECIFIED.);
#1227=B_SPLINE_CURVE_WITH_KNOTS('',3,(#5041,#5042,#5043,#5044,#5045),
 .UNSPECIFIED.,.F.,.F.,(4,1,4),(0.,0.12148754553103,0.264508407832568),
 .UNSPECIFIED.);
#1228=B_SPLINE_CURVE_WITH_KNOTS('',3,(#5066,#5067,#5068,#5069,#5070),
 .UNSPECIFIED.,.F.,.F.,(4,1,4),(0.,0.0526516031334263,0.122613438267275),
 .UNSPECIFIED.);
#1229=B_SPLINE_CURVE_WITH_KNOTS('',3,(#5072,#5073,#5074,#5075,#5076),
 .UNSPECIFIED.,.F.,.F.,(4,1,4),(0.,0.0403894124227382,0.0827126026218672),
 .UNSPECIFIED.);
#1230=B_SPLINE_CURVE_WITH_KNOTS('',3,(#5078,#5079,#5080,#5081,#5082),
 .UNSPECIFIED.,.F.,.F.,(4,1,4),(0.,0.0403430851100691,0.0807775036555511),
 .UNSPECIFIED.);
#1231=B_SPLINE_CURVE_WITH_KNOTS('',3,(#5084,#5085,#5086,#5087,#5088),
 .UNSPECIFIED.,.F.,.F.,(4,1,4),(0.,0.0400597715558161,0.0876985876088458),
 .UNSPECIFIED.);
#1232=B_SPLINE_CURVE_WITH_KNOTS('',3,(#5090,#5091,#5092,#5093,#5094),
 .UNSPECIFIED.,.F.,.F.,(4,1,4),(0.,0.0576122592846542,0.102327000334799),
 .UNSPECIFIED.);
#1233=B_SPLINE_CURVE_WITH_KNOTS('',3,(#5102,#5103,#5104,#5105,#5106),
 .UNSPECIFIED.,.F.,.F.,(4,1,4),(0.,0.0607482004827362,0.13862223398633),
 .UNSPECIFIED.);
#1234=B_SPLINE_CURVE_WITH_KNOTS('',3,(#5108,#5109,#5110,#5111,#5112),
 .UNSPECIFIED.,.F.,.F.,(4,1,4),(0.,0.0568621055659016,0.111803342519311),
 .UNSPECIFIED.);
#1235=B_SPLINE_CURVE_WITH_KNOTS('',3,(#5114,#5115,#5116,#5117,#5118),
 .UNSPECIFIED.,.F.,.F.,(4,1,4),(0.,0.0297552943561004,0.0616521490130986),
 .UNSPECIFIED.);
#1236=B_SPLINE_CURVE_WITH_KNOTS('',3,(#5120,#5121,#5122,#5123,#5124),
 .UNSPECIFIED.,.F.,.F.,(4,1,4),(0.,0.0270583130622766,0.0551002318808248),
 .UNSPECIFIED.);
#1237=B_SPLINE_CURVE_WITH_KNOTS('',3,(#5126,#5127,#5128,#5129,#5130),
 .UNSPECIFIED.,.F.,.F.,(4,1,4),(0.,0.0506734188988838,0.0854331585823464),
 .UNSPECIFIED.);
#1238=B_SPLINE_CURVE_WITH_KNOTS('',3,(#5138,#5139,#5140,#5141,#5142),
 .UNSPECIFIED.,.F.,.F.,(4,1,4),(0.,0.0697337099081546,0.156866287382475),
 .UNSPECIFIED.);
#1239=B_SPLINE_CURVE_WITH_KNOTS('',3,(#5144,#5145,#5146,#5147,#5148),
 .UNSPECIFIED.,.F.,.F.,(4,1,4),(0.,0.0772016563270401,0.144072605998811),
 .UNSPECIFIED.);
#1240=B_SPLINE_CURVE_WITH_KNOTS('',3,(#5150,#5151,#5152,#5153,#5154),
 .UNSPECIFIED.,.F.,.F.,(4,1,4),(0.,0.109800148813518,0.212837616941795),
 .UNSPECIFIED.);
#1241=B_SPLINE_CURVE_WITH_KNOTS('',3,(#5156,#5157,#5158,#5159,#5160),
 .UNSPECIFIED.,.F.,.F.,(4,1,4),(0.,0.0477114072777426,0.096239510489911),
 .UNSPECIFIED.);
#1242=B_SPLINE_CURVE_WITH_KNOTS('',3,(#5162,#5163,#5164,#5165,#5166),
 .UNSPECIFIED.,.F.,.F.,(4,1,4),(0.,0.0589075204716284,0.109817821334802),
 .UNSPECIFIED.);
#1243=B_SPLINE_CURVE_WITH_KNOTS('',3,(#5168,#5169,#5170,#5171,#5172),
 .UNSPECIFIED.,.F.,.F.,(4,1,4),(0.,0.0522641300081217,0.107361233259075),
 .UNSPECIFIED.);
#1244=B_SPLINE_CURVE_WITH_KNOTS('',3,(#5174,#5175,#5176,#5177,#5178),
 .UNSPECIFIED.,.F.,.F.,(4,1,4),(0.,0.0498004888641116,0.100362488856722),
 .UNSPECIFIED.);
#1245=B_SPLINE_CURVE_WITH_KNOTS('',3,(#5203,#5204,#5205,#5206,#5207),
 .UNSPECIFIED.,.F.,.F.,(4,1,4),(0.,0.0526516031334263,0.122613438267275),
 .UNSPECIFIED.);
#1246=B_SPLINE_CURVE_WITH_KNOTS('',3,(#5220,#5221,#5222,#5223,#5224),
 .UNSPECIFIED.,.F.,.F.,(4,1,4),(0.,0.0403894124227382,0.0827126026218672),
 .UNSPECIFIED.);
#1247=B_SPLINE_CURVE_WITH_KNOTS('',3,(#5237,#5238,#5239,#5240,#5241),
 .UNSPECIFIED.,.F.,.F.,(4,1,4),(0.,0.0403430851100691,0.0807775036555511),
 .UNSPECIFIED.);
#1248=B_SPLINE_CURVE_WITH_KNOTS('',3,(#5254,#5255,#5256,#5257,#5258),
 .UNSPECIFIED.,.F.,.F.,(4,1,4),(0.,0.0400597715558161,0.0876985876088458),
 .UNSPECIFIED.);
#1249=B_SPLINE_CURVE_WITH_KNOTS('',3,(#5271,#5272,#5273,#5274,#5275),
 .UNSPECIFIED.,.F.,.F.,(4,1,4),(0.,0.0576122592846542,0.102327000334799),
 .UNSPECIFIED.);
#1250=B_SPLINE_CURVE_WITH_KNOTS('',3,(#5300,#5301,#5302,#5303,#5304),
 .UNSPECIFIED.,.F.,.F.,(4,1,4),(0.,0.0607482004827362,0.13862223398633),
 .UNSPECIFIED.);
#1251=B_SPLINE_CURVE_WITH_KNOTS('',3,(#5317,#5318,#5319,#5320,#5321),
 .UNSPECIFIED.,.F.,.F.,(4,1,4),(0.,0.0568621055659016,0.111803342519311),
 .UNSPECIFIED.);
#1252=B_SPLINE_CURVE_WITH_KNOTS('',3,(#5334,#5335,#5336,#5337,#5338),
 .UNSPECIFIED.,.F.,.F.,(4,1,4),(0.,0.0297552943561004,0.0616521490130986),
 .UNSPECIFIED.);
#1253=B_SPLINE_CURVE_WITH_KNOTS('',3,(#5351,#5352,#5353,#5354,#5355),
 .UNSPECIFIED.,.F.,.F.,(4,1,4),(0.,0.0270583130622766,0.0551002318808248),
 .UNSPECIFIED.);
#1254=B_SPLINE_CURVE_WITH_KNOTS('',3,(#5368,#5369,#5370,#5371,#5372),
 .UNSPECIFIED.,.F.,.F.,(4,1,4),(0.,0.0506734188988838,0.0854331585823464),
 .UNSPECIFIED.);
#1255=B_SPLINE_CURVE_WITH_KNOTS('',3,(#5397,#5398,#5399,#5400,#5401),
 .UNSPECIFIED.,.F.,.F.,(4,1,4),(0.,0.0697337099081546,0.156866287382475),
 .UNSPECIFIED.);
#1256=B_SPLINE_CURVE_WITH_KNOTS('',3,(#5414,#5415,#5416,#5417,#5418),
 .UNSPECIFIED.,.F.,.F.,(4,1,4),(0.,0.0772016563270401,0.144072605998811),
 .UNSPECIFIED.);
#1257=B_SPLINE_CURVE_WITH_KNOTS('',3,(#5431,#5432,#5433,#5434,#5435),
 .UNSPECIFIED.,.F.,.F.,(4,1,4),(0.,0.109800148813518,0.212837616941795),
 .UNSPECIFIED.);
#1258=B_SPLINE_CURVE_WITH_KNOTS('',3,(#5448,#5449,#5450,#5451,#5452),
 .UNSPECIFIED.,.F.,.F.,(4,1,4),(0.,0.0477114072777426,0.096239510489911),
 .UNSPECIFIED.);
#1259=B_SPLINE_CURVE_WITH_KNOTS('',3,(#5465,#5466,#5467,#5468,#5469),
 .UNSPECIFIED.,.F.,.F.,(4,1,4),(0.,0.0589075204716284,0.109817821334802),
 .UNSPECIFIED.);
#1260=B_SPLINE_CURVE_WITH_KNOTS('',3,(#5482,#5483,#5484,#5485,#5486),
 .UNSPECIFIED.,.F.,.F.,(4,1,4),(0.,0.0522641300081217,0.107361233259075),
 .UNSPECIFIED.);
#1261=B_SPLINE_CURVE_WITH_KNOTS('',3,(#5499,#5500,#5501,#5502,#5503),
 .UNSPECIFIED.,.F.,.F.,(4,1,4),(0.,0.0498004888641116,0.100362488856722),
 .UNSPECIFIED.);
#1262=B_SPLINE_CURVE_WITH_KNOTS('',3,(#5528,#5529,#5530,#5531,#5532),
 .UNSPECIFIED.,.F.,.F.,(4,1,4),(0.,0.0528594926621754,0.116154594935546),
 .UNSPECIFIED.);
#1263=B_SPLINE_CURVE_WITH_KNOTS('',3,(#5534,#5535,#5536,#5537,#5538),
 .UNSPECIFIED.,.F.,.F.,(4,1,4),(0.,0.0604852125521007,0.122554613284167),
 .UNSPECIFIED.);
#1264=B_SPLINE_CURVE_WITH_KNOTS('',3,(#5571,#5572,#5573,#5574,#5575),
 .UNSPECIFIED.,.F.,.F.,(4,1,4),(0.,0.0528594926621754,0.116154594935546),
 .UNSPECIFIED.);
#1265=B_SPLINE_CURVE_WITH_KNOTS('',3,(#5588,#5589,#5590,#5591,#5592),
 .UNSPECIFIED.,.F.,.F.,(4,1,4),(0.,0.0604852125521007,0.122554613284167),
 .UNSPECIFIED.);
#1266=B_SPLINE_CURVE_WITH_KNOTS('',3,(#5613,#5614,#5615,#5616,#5617),
 .UNSPECIFIED.,.F.,.F.,(4,1,4),(0.,0.0756395225545407,0.138678264824596),
 .UNSPECIFIED.);
#1267=B_SPLINE_CURVE_WITH_KNOTS('',3,(#5619,#5620,#5621,#5622,#5623),
 .UNSPECIFIED.,.F.,.F.,(4,1,4),(0.,0.0883036948132105,0.172399222108339),
 .UNSPECIFIED.);
#1268=B_SPLINE_CURVE_WITH_KNOTS('',3,(#5627,#5628,#5629,#5630,#5631),
 .UNSPECIFIED.,.F.,.F.,(4,1,4),(0.,0.06196337698118,0.11505996124013),
 .UNSPECIFIED.);
#1269=B_SPLINE_CURVE_WITH_KNOTS('',3,(#5633,#5634,#5635,#5636,#5637),
 .UNSPECIFIED.,.F.,.F.,(4,1,4),(0.,0.0532069887618302,0.115455383117862),
 .UNSPECIFIED.);
#1270=B_SPLINE_CURVE_WITH_KNOTS('',3,(#5660,#5661,#5662,#5663,#5664),
 .UNSPECIFIED.,.F.,.F.,(4,1,4),(0.,0.0756395225545407,0.138678264824596),
 .UNSPECIFIED.);
#1271=B_SPLINE_CURVE_WITH_KNOTS('',3,(#5677,#5678,#5679,#5680,#5681),
 .UNSPECIFIED.,.F.,.F.,(4,1,4),(0.,0.0883036948132105,0.172399222108339),
 .UNSPECIFIED.);
#1272=B_SPLINE_CURVE_WITH_KNOTS('',3,(#5698,#5699,#5700,#5701,#5702),
 .UNSPECIFIED.,.F.,.F.,(4,1,4),(0.,0.06196337698118,0.11505996124013),
 .UNSPECIFIED.);
#1273=B_SPLINE_CURVE_WITH_KNOTS('',3,(#5715,#5716,#5717,#5718,#5719),
 .UNSPECIFIED.,.F.,.F.,(4,1,4),(0.,0.0532069887618302,0.115455383117862),
 .UNSPECIFIED.);
#1274=B_SPLINE_CURVE_WITH_KNOTS('',3,(#5736,#5737,#5738,#5739,#5740),
 .UNSPECIFIED.,.F.,.F.,(4,1,4),(0.,0.0526513881342953,0.122613223268144),
 .UNSPECIFIED.);
#1275=B_SPLINE_CURVE_WITH_KNOTS('',3,(#5742,#5743,#5744,#5745,#5746),
 .UNSPECIFIED.,.F.,.F.,(4,1,4),(0.,0.0403901243164036,0.0827133145155326),
 .UNSPECIFIED.);
#1276=B_SPLINE_CURVE_WITH_KNOTS('',3,(#5748,#5749,#5750,#5751,#5752),
 .UNSPECIFIED.,.F.,.F.,(4,1,4),(0.,0.0403430851100691,0.0807766316455824),
 .UNSPECIFIED.);
#1277=B_SPLINE_CURVE_WITH_KNOTS('',3,(#5754,#5755,#5756,#5757,#5758),
 .UNSPECIFIED.,.F.,.F.,(4,1,4),(0.,0.0400605250419162,0.0876993410949458),
 .UNSPECIFIED.);
#1278=B_SPLINE_CURVE_WITH_KNOTS('',3,(#5760,#5761,#5762,#5763,#5764),
 .UNSPECIFIED.,.F.,.F.,(4,1,4),(0.,0.0576122592846542,0.102326616244081),
 .UNSPECIFIED.);
#1279=B_SPLINE_CURVE_WITH_KNOTS('',3,(#5772,#5773,#5774,#5775,#5776),
 .UNSPECIFIED.,.F.,.F.,(4,1,4),(0.,0.0607482004827362,0.13862223398633),
 .UNSPECIFIED.);
#1280=B_SPLINE_CURVE_WITH_KNOTS('',3,(#5778,#5779,#5780,#5781,#5782),
 .UNSPECIFIED.,.F.,.F.,(4,1,4),(0.,0.0568630436737671,0.111804280627177),
 .UNSPECIFIED.);
#1281=B_SPLINE_CURVE_WITH_KNOTS('',3,(#5784,#5785,#5786,#5787,#5788),
 .UNSPECIFIED.,.F.,.F.,(4,1,4),(0.,0.0297544198401153,0.0616512744971135),
 .UNSPECIFIED.);
#1282=B_SPLINE_CURVE_WITH_KNOTS('',3,(#5790,#5791,#5792,#5793,#5794),
 .UNSPECIFIED.,.F.,.F.,(4,1,4),(0.,0.0270583130622766,0.0551009510335444),
 .UNSPECIFIED.);
#1283=B_SPLINE_CURVE_WITH_KNOTS('',3,(#5796,#5797,#5798,#5799,#5800),
 .UNSPECIFIED.,.F.,.F.,(4,1,4),(0.,0.0506734188988838,0.0854331585823464),
 .UNSPECIFIED.);
#1284=B_SPLINE_CURVE_WITH_KNOTS('',3,(#5808,#5809,#5810,#5811,#5812),
 .UNSPECIFIED.,.F.,.F.,(4,1,4),(0.,0.0697341856735963,0.156866636226285),
 .UNSPECIFIED.);
#1285=B_SPLINE_CURVE_WITH_KNOTS('',3,(#5814,#5815,#5816,#5817,#5818),
 .UNSPECIFIED.,.F.,.F.,(4,1,4),(0.,0.0772007142546121,0.144072467460341),
 .UNSPECIFIED.);
#1286=B_SPLINE_CURVE_WITH_KNOTS('',3,(#5820,#5821,#5822,#5823,#5824),
 .UNSPECIFIED.,.F.,.F.,(4,1,4),(0.,0.109800836071184,0.21283737989773),
 .UNSPECIFIED.);
#1287=B_SPLINE_CURVE_WITH_KNOTS('',3,(#5826,#5827,#5828,#5829,#5830),
 .UNSPECIFIED.,.F.,.F.,(4,1,4),(0.,0.0477114072777426,0.096239510489911),
 .UNSPECIFIED.);
#1288=B_SPLINE_CURVE_WITH_KNOTS('',3,(#5832,#5833,#5834,#5835,#5836),
 .UNSPECIFIED.,.F.,.F.,(4,1,4),(0.,0.0589065729579061,0.109816873821079),
 .UNSPECIFIED.);
#1289=B_SPLINE_CURVE_WITH_KNOTS('',3,(#5838,#5839,#5840,#5841,#5842),
 .UNSPECIFIED.,.F.,.F.,(4,1,4),(0.,0.0522641300081217,0.107361233259075),
 .UNSPECIFIED.);
#1290=B_SPLINE_CURVE_WITH_KNOTS('',3,(#5844,#5845,#5846,#5847,#5848),
 .UNSPECIFIED.,.F.,.F.,(4,1,4),(0.,0.0497998801349882,0.100362649501164),
 .UNSPECIFIED.);
#1291=B_SPLINE_CURVE_WITH_KNOTS('',3,(#5873,#5874,#5875,#5876,#5877),
 .UNSPECIFIED.,.F.,.F.,(4,1,4),(0.,0.0526513881342953,0.122613223268144),
 .UNSPECIFIED.);
#1292=B_SPLINE_CURVE_WITH_KNOTS('',3,(#5890,#5891,#5892,#5893,#5894),
 .UNSPECIFIED.,.F.,.F.,(4,1,4),(0.,0.0403901243164036,0.0827133145155326),
 .UNSPECIFIED.);
#1293=B_SPLINE_CURVE_WITH_KNOTS('',3,(#5907,#5908,#5909,#5910,#5911),
 .UNSPECIFIED.,.F.,.F.,(4,1,4),(0.,0.0403430851100691,0.0807766316455824),
 .UNSPECIFIED.);
#1294=B_SPLINE_CURVE_WITH_KNOTS('',3,(#5924,#5925,#5926,#5927,#5928),
 .UNSPECIFIED.,.F.,.F.,(4,1,4),(0.,0.0400605250419162,0.0876993410949458),
 .UNSPECIFIED.);
#1295=B_SPLINE_CURVE_WITH_KNOTS('',3,(#5941,#5942,#5943,#5944,#5945),
 .UNSPECIFIED.,.F.,.F.,(4,1,4),(0.,0.0576122592846542,0.102326616244081),
 .UNSPECIFIED.);
#1296=B_SPLINE_CURVE_WITH_KNOTS('',3,(#5970,#5971,#5972,#5973,#5974),
 .UNSPECIFIED.,.F.,.F.,(4,1,4),(0.,0.0607482004827362,0.13862223398633),
 .UNSPECIFIED.);
#1297=B_SPLINE_CURVE_WITH_KNOTS('',3,(#5987,#5988,#5989,#5990,#5991),
 .UNSPECIFIED.,.F.,.F.,(4,1,4),(0.,0.0568630436737671,0.111804280627177),
 .UNSPECIFIED.);
#1298=B_SPLINE_CURVE_WITH_KNOTS('',3,(#6004,#6005,#6006,#6007,#6008),
 .UNSPECIFIED.,.F.,.F.,(4,1,4),(0.,0.0297544198401153,0.0616512744971135),
 .UNSPECIFIED.);
#1299=B_SPLINE_CURVE_WITH_KNOTS('',3,(#6021,#6022,#6023,#6024,#6025),
 .UNSPECIFIED.,.F.,.F.,(4,1,4),(0.,0.0270583130622766,0.0551009510335444),
 .UNSPECIFIED.);
#1300=B_SPLINE_CURVE_WITH_KNOTS('',3,(#6038,#6039,#6040,#6041,#6042),
 .UNSPECIFIED.,.F.,.F.,(4,1,4),(0.,0.0506734188988838,0.0854331585823464),
 .UNSPECIFIED.);
#1301=B_SPLINE_CURVE_WITH_KNOTS('',3,(#6067,#6068,#6069,#6070,#6071),
 .UNSPECIFIED.,.F.,.F.,(4,1,4),(0.,0.0697341856735963,0.156866636226285),
 .UNSPECIFIED.);
#1302=B_SPLINE_CURVE_WITH_KNOTS('',3,(#6084,#6085,#6086,#6087,#6088),
 .UNSPECIFIED.,.F.,.F.,(4,1,4),(0.,0.0772007142546121,0.144072467460341),
 .UNSPECIFIED.);
#1303=B_SPLINE_CURVE_WITH_KNOTS('',3,(#6101,#6102,#6103,#6104,#6105),
 .UNSPECIFIED.,.F.,.F.,(4,1,4),(0.,0.109800836071184,0.21283737989773),
 .UNSPECIFIED.);
#1304=B_SPLINE_CURVE_WITH_KNOTS('',3,(#6118,#6119,#6120,#6121,#6122),
 .UNSPECIFIED.,.F.,.F.,(4,1,4),(0.,0.0477114072777426,0.096239510489911),
 .UNSPECIFIED.);
#1305=B_SPLINE_CURVE_WITH_KNOTS('',3,(#6135,#6136,#6137,#6138,#6139),
 .UNSPECIFIED.,.F.,.F.,(4,1,4),(0.,0.0589065729579061,0.109816873821079),
 .UNSPECIFIED.);
#1306=B_SPLINE_CURVE_WITH_KNOTS('',3,(#6152,#6153,#6154,#6155,#6156),
 .UNSPECIFIED.,.F.,.F.,(4,1,4),(0.,0.0522641300081217,0.107361233259075),
 .UNSPECIFIED.);
#1307=B_SPLINE_CURVE_WITH_KNOTS('',3,(#6169,#6170,#6171,#6172,#6173),
 .UNSPECIFIED.,.F.,.F.,(4,1,4),(0.,0.0497998801349882,0.100362649501164),
 .UNSPECIFIED.);
#1308=B_SPLINE_CURVE_WITH_KNOTS('',3,(#6192,#6193,#6194,#6195,#6196),
 .UNSPECIFIED.,.F.,.F.,(4,1,4),(0.,0.100352191901964,0.191915292388526),
 .UNSPECIFIED.);
#1309=B_SPLINE_CURVE_WITH_KNOTS('',3,(#6198,#6199,#6200,#6201,#6202),
 .UNSPECIFIED.,.F.,.F.,(4,1,4),(0.,0.116566371850724,0.23811550979259),
 .UNSPECIFIED.);
#1310=B_SPLINE_CURVE_WITH_KNOTS('',3,(#6204,#6205,#6206,#6207,#6208),
 .UNSPECIFIED.,.F.,.F.,(4,1,4),(0.,0.102457360629141,0.201124168817534),
 .UNSPECIFIED.);
#1311=B_SPLINE_CURVE_WITH_KNOTS('',3,(#6210,#6211,#6212,#6213,#6214),
 .UNSPECIFIED.,.F.,.F.,(4,1,4),(0.,0.0989890685249331,0.204224856560934),
 .UNSPECIFIED.);
#1312=B_SPLINE_CURVE_WITH_KNOTS('',3,(#6216,#6217,#6218,#6219,#6220),
 .UNSPECIFIED.,.F.,.F.,(4,1,4),(0.,0.0982795147452301,0.195222106645516),
 .UNSPECIFIED.);
#1313=B_SPLINE_CURVE_WITH_KNOTS('',3,(#6222,#6223,#6224,#6225,#6226),
 .UNSPECIFIED.,.F.,.F.,(4,1,4),(0.,0.0828557750298222,0.161220899989375),
 .UNSPECIFIED.);
#1314=B_SPLINE_CURVE_WITH_KNOTS('',3,(#6240,#6241,#6242,#6243,#6244),
 .UNSPECIFIED.,.F.,.F.,(4,1,4),(0.,0.0420269209599276,0.0825166110140854),
 .UNSPECIFIED.);
#1315=B_SPLINE_CURVE_WITH_KNOTS('',3,(#6246,#6247,#6248,#6249,#6250),
 .UNSPECIFIED.,.F.,.F.,(4,1,4),(0.,0.0454850185267558,0.0891860705039312),
 .UNSPECIFIED.);
#1316=B_SPLINE_CURVE_WITH_KNOTS('',3,(#6252,#6253,#6254,#6255,#6256),
 .UNSPECIFIED.,.F.,.F.,(4,1,4),(0.,0.065383795848696,0.135474247376138),
 .UNSPECIFIED.);
#1317=B_SPLINE_CURVE_WITH_KNOTS('',3,(#6258,#6259,#6260,#6261,#6262),
 .UNSPECIFIED.,.F.,.F.,(4,1,4),(0.,0.0761018396794289,0.143679102001195),
 .UNSPECIFIED.);
#1318=B_SPLINE_CURVE_WITH_KNOTS('',3,(#6264,#6265,#6266,#6267,#6268),
 .UNSPECIFIED.,.F.,.F.,(4,1,4),(0.,0.0722972391543751,0.15291040287047),
 .UNSPECIFIED.);
#1319=B_SPLINE_CURVE_WITH_KNOTS('',3,(#6270,#6271,#6272,#6273,#6274),
 .UNSPECIFIED.,.F.,.F.,(4,1,4),(0.,0.0668349364609786,0.134559790229363),
 .UNSPECIFIED.);
#1320=B_SPLINE_CURVE_WITH_KNOTS('',3,(#6276,#6277,#6278,#6279,#6280),
 .UNSPECIFIED.,.F.,.F.,(4,1,4),(0.,0.0541883702629249,0.109699384762353),
 .UNSPECIFIED.);
#1321=B_SPLINE_CURVE_WITH_KNOTS('',3,(#6282,#6283,#6284,#6285,#6286),
 .UNSPECIFIED.,.F.,.F.,(4,1,4),(0.,0.0686992758209684,0.12707678844468),
 .UNSPECIFIED.);
#1322=B_SPLINE_CURVE_WITH_KNOTS('',3,(#6289,#6290,#6291,#6292,#6293),
 .UNSPECIFIED.,.F.,.F.,(4,1,4),(0.,0.0892791095660028,0.183530158504311),
 .UNSPECIFIED.);
#1323=B_SPLINE_CURVE_WITH_KNOTS('',3,(#6307,#6308,#6309,#6310,#6311),
 .UNSPECIFIED.,.F.,.F.,(4,1,4),(0.,0.100352191901964,0.191915292388526),
 .UNSPECIFIED.);
#1324=B_SPLINE_CURVE_WITH_KNOTS('',3,(#6324,#6325,#6326,#6327,#6328),
 .UNSPECIFIED.,.F.,.F.,(4,1,4),(0.,0.116566371850724,0.23811550979259),
 .UNSPECIFIED.);
#1325=B_SPLINE_CURVE_WITH_KNOTS('',3,(#6341,#6342,#6343,#6344,#6345),
 .UNSPECIFIED.,.F.,.F.,(4,1,4),(0.,0.102457360629141,0.201124168817534),
 .UNSPECIFIED.);
#1326=B_SPLINE_CURVE_WITH_KNOTS('',3,(#6358,#6359,#6360,#6361,#6362),
 .UNSPECIFIED.,.F.,.F.,(4,1,4),(0.,0.0989890685249331,0.204224856560934),
 .UNSPECIFIED.);
#1327=B_SPLINE_CURVE_WITH_KNOTS('',3,(#6375,#6376,#6377,#6378,#6379),
 .UNSPECIFIED.,.F.,.F.,(4,1,4),(0.,0.0982795147452301,0.195222106645516),
 .UNSPECIFIED.);
#1328=B_SPLINE_CURVE_WITH_KNOTS('',3,(#6392,#6393,#6394,#6395,#6396),
 .UNSPECIFIED.,.F.,.F.,(4,1,4),(0.,0.0828557750298222,0.161220899989375),
 .UNSPECIFIED.);
#1329=B_SPLINE_CURVE_WITH_KNOTS('',3,(#6433,#6434,#6435,#6436,#6437),
 .UNSPECIFIED.,.F.,.F.,(4,1,4),(0.,0.0420269209599276,0.0825166110140854),
 .UNSPECIFIED.);
#1330=B_SPLINE_CURVE_WITH_KNOTS('',3,(#6450,#6451,#6452,#6453,#6454),
 .UNSPECIFIED.,.F.,.F.,(4,1,4),(0.,0.0454850185267558,0.0891860705039312),
 .UNSPECIFIED.);
#1331=B_SPLINE_CURVE_WITH_KNOTS('',3,(#6467,#6468,#6469,#6470,#6471),
 .UNSPECIFIED.,.F.,.F.,(4,1,4),(0.,0.065383795848696,0.135474247376138),
 .UNSPECIFIED.);
#1332=B_SPLINE_CURVE_WITH_KNOTS('',3,(#6484,#6485,#6486,#6487,#6488),
 .UNSPECIFIED.,.F.,.F.,(4,1,4),(0.,0.0761018396794289,0.143679102001195),
 .UNSPECIFIED.);
#1333=B_SPLINE_CURVE_WITH_KNOTS('',3,(#6501,#6502,#6503,#6504,#6505),
 .UNSPECIFIED.,.F.,.F.,(4,1,4),(0.,0.0722972391543751,0.15291040287047),
 .UNSPECIFIED.);
#1334=B_SPLINE_CURVE_WITH_KNOTS('',3,(#6518,#6519,#6520,#6521,#6522),
 .UNSPECIFIED.,.F.,.F.,(4,1,4),(0.,0.0668349364609786,0.134559790229363),
 .UNSPECIFIED.);
#1335=B_SPLINE_CURVE_WITH_KNOTS('',3,(#6535,#6536,#6537,#6538,#6539),
 .UNSPECIFIED.,.F.,.F.,(4,1,4),(0.,0.0541883702629249,0.109699384762353),
 .UNSPECIFIED.);
#1336=B_SPLINE_CURVE_WITH_KNOTS('',3,(#6552,#6553,#6554,#6555,#6556),
 .UNSPECIFIED.,.F.,.F.,(4,1,4),(0.,0.0686992758209684,0.12707678844468),
 .UNSPECIFIED.);
#1337=B_SPLINE_CURVE_WITH_KNOTS('',3,(#6572,#6573,#6574,#6575,#6576),
 .UNSPECIFIED.,.F.,.F.,(4,1,4),(0.,0.0892791095660028,0.183530158504311),
 .UNSPECIFIED.);
#1338=B_SPLINE_CURVE_WITH_KNOTS('',3,(#6605,#6606,#6607,#6608,#6609),
 .UNSPECIFIED.,.F.,.F.,(4,1,4),(0.,0.0722939460904677,0.138064047407038),
 .UNSPECIFIED.);
#1339=B_SPLINE_CURVE_WITH_KNOTS('',3,(#6611,#6612,#6613,#6614,#6615),
 .UNSPECIFIED.,.F.,.F.,(4,1,4),(0.,0.0959297884538548,0.19380641914158),
 .UNSPECIFIED.);
#1340=B_SPLINE_CURVE_WITH_KNOTS('',3,(#6617,#6618,#6619,#6620,#6621),
 .UNSPECIFIED.,.F.,.F.,(4,1,4),(0.,0.10837404514494,0.207403314725153),
 .UNSPECIFIED.);
#1341=B_SPLINE_CURVE_WITH_KNOTS('',3,(#6623,#6624,#6625,#6626,#6627),
 .UNSPECIFIED.,.F.,.F.,(4,1,4),(0.,0.0990296742319739,0.207403719376914),
 .UNSPECIFIED.);
#1342=B_SPLINE_CURVE_WITH_KNOTS('',3,(#6629,#6630,#6631,#6632,#6633),
 .UNSPECIFIED.,.F.,.F.,(4,1,4),(0.,0.0961343983826106,0.191279376803071),
 .UNSPECIFIED.);
#1343=B_SPLINE_CURVE_WITH_KNOTS('',3,(#6635,#6636,#6637,#6638,#6639),
 .UNSPECIFIED.,.F.,.F.,(4,1,4),(0.,0.065465795759517,0.135173376545771),
 .UNSPECIFIED.);
#1344=B_SPLINE_CURVE_WITH_KNOTS('',3,(#6641,#6642,#6643,#6644,#6645),
 .UNSPECIFIED.,.F.,.F.,(4,1,4),(0.,0.0719992676706671,0.137889925634053),
 .UNSPECIFIED.);
#1345=B_SPLINE_CURVE_WITH_KNOTS('',3,(#6647,#6648,#6649,#6650,#6651),
 .UNSPECIFIED.,.F.,.F.,(4,1,4),(0.,0.0515139251588068,0.109970997517067),
 .UNSPECIFIED.);
#1346=B_SPLINE_CURVE_WITH_KNOTS('',3,(#6653,#6654,#6655,#6656,#6657),
 .UNSPECIFIED.,.F.,.F.,(4,1,4),(0.,0.0526326874445291,0.102785382502992),
 .UNSPECIFIED.);
#1347=B_SPLINE_CURVE_WITH_KNOTS('',3,(#6659,#6660,#6661,#6662,#6663),
 .UNSPECIFIED.,.F.,.F.,(4,1,4),(0.,0.0825628961518599,0.164755188376036),
 .UNSPECIFIED.);
#1348=B_SPLINE_CURVE_WITH_KNOTS('',3,(#6665,#6666,#6667,#6668,#6669),
 .UNSPECIFIED.,.F.,.F.,(4,1,4),(0.,0.0957697433424148,0.182884158930754),
 .UNSPECIFIED.);
#1349=B_SPLINE_CURVE_WITH_KNOTS('',3,(#6671,#6672,#6673,#6674,#6675),
 .UNSPECIFIED.,.F.,.F.,(4,1,4),(0.,0.0856578657849526,0.180689626885996),
 .UNSPECIFIED.);
#1350=B_SPLINE_CURVE_WITH_KNOTS('',3,(#6677,#6678,#6679,#6680,#6681),
 .UNSPECIFIED.,.F.,.F.,(4,1,4),(0.,0.0818719595282197,0.163293393422166),
 .UNSPECIFIED.);
#1351=B_SPLINE_CURVE_WITH_KNOTS('',3,(#6683,#6684,#6685,#6686,#6687),
 .UNSPECIFIED.,.F.,.F.,(4,1,4),(0.,0.0506428977201517,0.104897120398732),
 .UNSPECIFIED.);
#1352=B_SPLINE_CURVE_WITH_KNOTS('',3,(#6689,#6690,#6691,#6692,#6693),
 .UNSPECIFIED.,.F.,.F.,(4,1,4),(0.,0.0597321634351607,0.112116258284551),
 .UNSPECIFIED.);
#1353=B_SPLINE_CURVE_WITH_KNOTS('',3,(#6694,#6695,#6696,#6697,#6698),
 .UNSPECIFIED.,.F.,.F.,(4,1,4),(0.,0.0655531893129413,0.135971649862352),
 .UNSPECIFIED.);
#1354=B_SPLINE_CURVE_WITH_KNOTS('',3,(#6701,#6702,#6703,#6704,#6705),
 .UNSPECIFIED.,.F.,.F.,(4,1,4),(0.,0.0644646955907287,0.126556375412932),
 .UNSPECIFIED.);
#1355=B_SPLINE_CURVE_WITH_KNOTS('',3,(#6707,#6708,#6709,#6710,#6711),
 .UNSPECIFIED.,.F.,.F.,(4,1,4),(0.,0.0633416478853916,0.129307446423361),
 .UNSPECIFIED.);
#1356=B_SPLINE_CURVE_WITH_KNOTS('',3,(#6713,#6714,#6715,#6716,#6717),
 .UNSPECIFIED.,.F.,.F.,(4,1,4),(0.,0.065880287773947,0.129335544188475),
 .UNSPECIFIED.);
#1357=B_SPLINE_CURVE_WITH_KNOTS('',3,(#6719,#6720,#6721,#6722,#6723),
 .UNSPECIFIED.,.F.,.F.,(4,1,4),(0.,0.0618647212339811,0.126597895634253),
 .UNSPECIFIED.);
#1358=B_SPLINE_CURVE_WITH_KNOTS('',3,(#6725,#6726,#6727,#6728,#6729),
 .UNSPECIFIED.,.F.,.F.,(4,1,4),(0.,0.0652467413709607,0.127340902444693),
 .UNSPECIFIED.);
#1359=B_SPLINE_CURVE_WITH_KNOTS('',3,(#6731,#6732,#6733,#6734,#6735),
 .UNSPECIFIED.,.F.,.F.,(4,1,4),(0.,0.0438028137608611,0.0879175759049032),
 .UNSPECIFIED.);
#1360=B_SPLINE_CURVE_WITH_KNOTS('',3,(#6737,#6738,#6739,#6740,#6741),
 .UNSPECIFIED.,.F.,.F.,(4,1,4),(0.,0.042930963675241,0.0862602081346893),
 .UNSPECIFIED.);
#1361=B_SPLINE_CURVE_WITH_KNOTS('',3,(#6743,#6744,#6745,#6746,#6747),
 .UNSPECIFIED.,.F.,.F.,(4,1,4),(0.,0.0416276485738941,0.0842294936693768),
 .UNSPECIFIED.);
#1362=B_SPLINE_CURVE_WITH_KNOTS('',3,(#6748,#6749,#6750,#6751,#6752),
 .UNSPECIFIED.,.F.,.F.,(4,1,4),(0.,0.0617520275125567,0.125789685998003),
 .UNSPECIFIED.);
#1363=B_SPLINE_CURVE_WITH_KNOTS('',3,(#6755,#6756,#6757,#6758,#6759),
 .UNSPECIFIED.,.F.,.F.,(4,1,4),(0.,0.0522148149021185,0.102052623668089),
 .UNSPECIFIED.);
#1364=B_SPLINE_CURVE_WITH_KNOTS('',3,(#6761,#6762,#6763,#6764,#6765),
 .UNSPECIFIED.,.F.,.F.,(4,1,4),(0.,0.0501726430906041,0.102032625391154),
 .UNSPECIFIED.);
#1365=B_SPLINE_CURVE_WITH_KNOTS('',3,(#6767,#6768,#6769,#6770,#6771),
 .UNSPECIFIED.,.F.,.F.,(4,1,4),(0.,0.0505432572949336,0.100268094916641),
 .UNSPECIFIED.);
#1366=B_SPLINE_CURVE_WITH_KNOTS('',3,(#6773,#6774,#6775,#6776,#6777),
 .UNSPECIFIED.,.F.,.F.,(4,1,4),(0.,0.0484742307082585,0.0972242238951036),
 .UNSPECIFIED.);
#1367=B_SPLINE_CURVE_WITH_KNOTS('',3,(#6779,#6780,#6781,#6782,#6783),
 .UNSPECIFIED.,.F.,.F.,(4,1,4),(0.,0.0523253934473244,0.101368346930123),
 .UNSPECIFIED.);
#1368=B_SPLINE_CURVE_WITH_KNOTS('',3,(#6785,#6786,#6787,#6788,#6789),
 .UNSPECIFIED.,.F.,.F.,(4,1,4),(0.,0.0499528551246194,0.103646425243853),
 .UNSPECIFIED.);
#1369=B_SPLINE_CURVE_WITH_KNOTS('',3,(#6791,#6792,#6793,#6794,#6795),
 .UNSPECIFIED.,.F.,.F.,(4,1,4),(0.,0.0523727281084264,0.101864343509018),
 .UNSPECIFIED.);
#1370=B_SPLINE_CURVE_WITH_KNOTS('',3,(#6796,#6797,#6798,#6799,#6800),
 .UNSPECIFIED.,.F.,.F.,(4,1,4),(0.,0.0483715934501787,0.0959425638282891),
 .UNSPECIFIED.);
#1371=B_SPLINE_CURVE_WITH_KNOTS('',3,(#6814,#6815,#6816,#6817,#6818),
 .UNSPECIFIED.,.F.,.F.,(4,1,4),(0.,0.0722939460904677,0.138064047407038),
 .UNSPECIFIED.);
#1372=B_SPLINE_CURVE_WITH_KNOTS('',3,(#6831,#6832,#6833,#6834,#6835),
 .UNSPECIFIED.,.F.,.F.,(4,1,4),(0.,0.0959297884538548,0.19380641914158),
 .UNSPECIFIED.);
#1373=B_SPLINE_CURVE_WITH_KNOTS('',3,(#6848,#6849,#6850,#6851,#6852),
 .UNSPECIFIED.,.F.,.F.,(4,1,4),(0.,0.10837404514494,0.207403314725153),
 .UNSPECIFIED.);
#1374=B_SPLINE_CURVE_WITH_KNOTS('',3,(#6865,#6866,#6867,#6868,#6869),
 .UNSPECIFIED.,.F.,.F.,(4,1,4),(0.,0.0990296742319739,0.207403719376914),
 .UNSPECIFIED.);
#1375=B_SPLINE_CURVE_WITH_KNOTS('',3,(#6882,#6883,#6884,#6885,#6886),
 .UNSPECIFIED.,.F.,.F.,(4,1,4),(0.,0.0961343983826106,0.191279376803071),
 .UNSPECIFIED.);
#1376=B_SPLINE_CURVE_WITH_KNOTS('',3,(#6899,#6900,#6901,#6902,#6903),
 .UNSPECIFIED.,.F.,.F.,(4,1,4),(0.,0.065465795759517,0.135173376545771),
 .UNSPECIFIED.);
#1377=B_SPLINE_CURVE_WITH_KNOTS('',3,(#6916,#6917,#6918,#6919,#6920),
 .UNSPECIFIED.,.F.,.F.,(4,1,4),(0.,0.0719992676706671,0.137889925634053),
 .UNSPECIFIED.);
#1378=B_SPLINE_CURVE_WITH_KNOTS('',3,(#6933,#6934,#6935,#6936,#6937),
 .UNSPECIFIED.,.F.,.F.,(4,1,4),(0.,0.0515139251588068,0.109970997517067),
 .UNSPECIFIED.);
#1379=B_SPLINE_CURVE_WITH_KNOTS('',3,(#6950,#6951,#6952,#6953,#6954),
 .UNSPECIFIED.,.F.,.F.,(4,1,4),(0.,0.0526326874445291,0.102785382502992),
 .UNSPECIFIED.);
#1380=B_SPLINE_CURVE_WITH_KNOTS('',3,(#6967,#6968,#6969,#6970,#6971),
 .UNSPECIFIED.,.F.,.F.,(4,1,4),(0.,0.0825628961518599,0.164755188376036),
 .UNSPECIFIED.);
#1381=B_SPLINE_CURVE_WITH_KNOTS('',3,(#6984,#6985,#6986,#6987,#6988),
 .UNSPECIFIED.,.F.,.F.,(4,1,4),(0.,0.0957697433424148,0.182884158930754),
 .UNSPECIFIED.);
#1382=B_SPLINE_CURVE_WITH_KNOTS('',3,(#7001,#7002,#7003,#7004,#7005),
 .UNSPECIFIED.,.F.,.F.,(4,1,4),(0.,0.0856578657849526,0.180689626885996),
 .UNSPECIFIED.);
#1383=B_SPLINE_CURVE_WITH_KNOTS('',3,(#7018,#7019,#7020,#7021,#7022),
 .UNSPECIFIED.,.F.,.F.,(4,1,4),(0.,0.0818719595282197,0.163293393422166),
 .UNSPECIFIED.);
#1384=B_SPLINE_CURVE_WITH_KNOTS('',3,(#7035,#7036,#7037,#7038,#7039),
 .UNSPECIFIED.,.F.,.F.,(4,1,4),(0.,0.0506428977201517,0.104897120398732),
 .UNSPECIFIED.);
#1385=B_SPLINE_CURVE_WITH_KNOTS('',3,(#7052,#7053,#7054,#7055,#7056),
 .UNSPECIFIED.,.F.,.F.,(4,1,4),(0.,0.0597321634351607,0.112116258284551),
 .UNSPECIFIED.);
#1386=B_SPLINE_CURVE_WITH_KNOTS('',3,(#7068,#7069,#7070,#7071,#7072),
 .UNSPECIFIED.,.F.,.F.,(4,1,4),(0.,0.0655531893129413,0.135971649862352),
 .UNSPECIFIED.);
#1387=B_SPLINE_CURVE_WITH_KNOTS('',3,(#7086,#7087,#7088,#7089,#7090),
 .UNSPECIFIED.,.F.,.F.,(4,1,4),(0.,0.0644646955907287,0.126556375412932),
 .UNSPECIFIED.);
#1388=B_SPLINE_CURVE_WITH_KNOTS('',3,(#7103,#7104,#7105,#7106,#7107),
 .UNSPECIFIED.,.F.,.F.,(4,1,4),(0.,0.0633416478853916,0.129307446423361),
 .UNSPECIFIED.);
#1389=B_SPLINE_CURVE_WITH_KNOTS('',3,(#7120,#7121,#7122,#7123,#7124),
 .UNSPECIFIED.,.F.,.F.,(4,1,4),(0.,0.065880287773947,0.129335544188475),
 .UNSPECIFIED.);
#1390=B_SPLINE_CURVE_WITH_KNOTS('',3,(#7137,#7138,#7139,#7140,#7141),
 .UNSPECIFIED.,.F.,.F.,(4,1,4),(0.,0.0618647212339811,0.126597895634253),
 .UNSPECIFIED.);
#1391=B_SPLINE_CURVE_WITH_KNOTS('',3,(#7154,#7155,#7156,#7157,#7158),
 .UNSPECIFIED.,.F.,.F.,(4,1,4),(0.,0.0652467413709607,0.127340902444693),
 .UNSPECIFIED.);
#1392=B_SPLINE_CURVE_WITH_KNOTS('',3,(#7171,#7172,#7173,#7174,#7175),
 .UNSPECIFIED.,.F.,.F.,(4,1,4),(0.,0.0438028137608611,0.0879175759049032),
 .UNSPECIFIED.);
#1393=B_SPLINE_CURVE_WITH_KNOTS('',3,(#7188,#7189,#7190,#7191,#7192),
 .UNSPECIFIED.,.F.,.F.,(4,1,4),(0.,0.042930963675241,0.0862602081346893),
 .UNSPECIFIED.);
#1394=B_SPLINE_CURVE_WITH_KNOTS('',3,(#7205,#7206,#7207,#7208,#7209),
 .UNSPECIFIED.,.F.,.F.,(4,1,4),(0.,0.0416276485738941,0.0842294936693768),
 .UNSPECIFIED.);
#1395=B_SPLINE_CURVE_WITH_KNOTS('',3,(#7221,#7222,#7223,#7224,#7225),
 .UNSPECIFIED.,.F.,.F.,(4,1,4),(0.,0.0617520275125567,0.125789685998003),
 .UNSPECIFIED.);
#1396=B_SPLINE_CURVE_WITH_KNOTS('',3,(#7239,#7240,#7241,#7242,#7243),
 .UNSPECIFIED.,.F.,.F.,(4,1,4),(0.,0.0522148149021185,0.102052623668089),
 .UNSPECIFIED.);
#1397=B_SPLINE_CURVE_WITH_KNOTS('',3,(#7256,#7257,#7258,#7259,#7260),
 .UNSPECIFIED.,.F.,.F.,(4,1,4),(0.,0.0501726430906041,0.102032625391154),
 .UNSPECIFIED.);
#1398=B_SPLINE_CURVE_WITH_KNOTS('',3,(#7273,#7274,#7275,#7276,#7277),
 .UNSPECIFIED.,.F.,.F.,(4,1,4),(0.,0.0505432572949336,0.100268094916641),
 .UNSPECIFIED.);
#1399=B_SPLINE_CURVE_WITH_KNOTS('',3,(#7290,#7291,#7292,#7293,#7294),
 .UNSPECIFIED.,.F.,.F.,(4,1,4),(0.,0.0484742307082585,0.0972242238951036),
 .UNSPECIFIED.);
#1400=B_SPLINE_CURVE_WITH_KNOTS('',3,(#7307,#7308,#7309,#7310,#7311),
 .UNSPECIFIED.,.F.,.F.,(4,1,4),(0.,0.0523253934473244,0.101368346930123),
 .UNSPECIFIED.);
#1401=B_SPLINE_CURVE_WITH_KNOTS('',3,(#7324,#7325,#7326,#7327,#7328),
 .UNSPECIFIED.,.F.,.F.,(4,1,4),(0.,0.0499528551246194,0.103646425243853),
 .UNSPECIFIED.);
#1402=B_SPLINE_CURVE_WITH_KNOTS('',3,(#7341,#7342,#7343,#7344,#7345),
 .UNSPECIFIED.,.F.,.F.,(4,1,4),(0.,0.0523727281084264,0.101864343509018),
 .UNSPECIFIED.);
#1403=B_SPLINE_CURVE_WITH_KNOTS('',3,(#7357,#7358,#7359,#7360,#7361),
 .UNSPECIFIED.,.F.,.F.,(4,1,4),(0.,0.0483715934501787,0.0959425638282891),
 .UNSPECIFIED.);
#1404=VERTEX_POINT('',#4219);
#1405=VERTEX_POINT('',#4220);
#1406=VERTEX_POINT('',#4226);
#1407=VERTEX_POINT('',#4232);
#1408=VERTEX_POINT('',#4238);
#1409=VERTEX_POINT('',#4244);
#1410=VERTEX_POINT('',#4250);
#1411=VERTEX_POINT('',#4256);
#1412=VERTEX_POINT('',#4262);
#1413=VERTEX_POINT('',#4268);
#1414=VERTEX_POINT('',#4274);
#1415=VERTEX_POINT('',#4280);
#1416=VERTEX_POINT('',#4286);
#1417=VERTEX_POINT('',#4292);
#1418=VERTEX_POINT('',#4298);
#1419=VERTEX_POINT('',#4304);
#1420=VERTEX_POINT('',#4310);
#1421=VERTEX_POINT('',#4316);
#1422=VERTEX_POINT('',#4322);
#1423=VERTEX_POINT('',#4328);
#1424=VERTEX_POINT('',#4334);
#1425=VERTEX_POINT('',#4340);
#1426=VERTEX_POINT('',#4347);
#1427=VERTEX_POINT('',#4348);
#1428=VERTEX_POINT('',#4354);
#1429=VERTEX_POINT('',#4360);
#1430=VERTEX_POINT('',#4366);
#1431=VERTEX_POINT('',#4372);
#1432=VERTEX_POINT('',#4378);
#1433=VERTEX_POINT('',#4384);
#1434=VERTEX_POINT('',#4405);
#1435=VERTEX_POINT('',#4407);
#1436=VERTEX_POINT('',#4424);
#1437=VERTEX_POINT('',#4441);
#1438=VERTEX_POINT('',#4458);
#1439=VERTEX_POINT('',#4475);
#1440=VERTEX_POINT('',#4492);
#1441=VERTEX_POINT('',#4509);
#1442=VERTEX_POINT('',#4526);
#1443=VERTEX_POINT('',#4543);
#1444=VERTEX_POINT('',#4560);
#1445=VERTEX_POINT('',#4577);
#1446=VERTEX_POINT('',#4594);
#1447=VERTEX_POINT('',#4611);
#1448=VERTEX_POINT('',#4628);
#1449=VERTEX_POINT('',#4645);
#1450=VERTEX_POINT('',#4662);
#1451=VERTEX_POINT('',#4679);
#1452=VERTEX_POINT('',#4696);
#1453=VERTEX_POINT('',#4713);
#1454=VERTEX_POINT('',#4730);
#1455=VERTEX_POINT('',#4738);
#1456=VERTEX_POINT('',#4766);
#1457=VERTEX_POINT('',#4768);
#1458=VERTEX_POINT('',#4785);
#1459=VERTEX_POINT('',#4802);
#1460=VERTEX_POINT('',#4819);
#1461=VERTEX_POINT('',#4836);
#1462=VERTEX_POINT('',#4853);
#1463=VERTEX_POINT('',#4870);
#1464=VERTEX_POINT('',#4893);
#1465=VERTEX_POINT('',#4894);
#1466=VERTEX_POINT('',#4900);
#1467=VERTEX_POINT('',#4906);
#1468=VERTEX_POINT('',#4912);
#1469=VERTEX_POINT('',#4914);
#1470=VERTEX_POINT('',#4920);
#1471=VERTEX_POINT('',#4926);
#1472=VERTEX_POINT('',#4932);
#1473=VERTEX_POINT('',#4934);
#1474=VERTEX_POINT('',#4936);
#1475=VERTEX_POINT('',#4949);
#1476=VERTEX_POINT('',#4951);
#1477=VERTEX_POINT('',#4968);
#1478=VERTEX_POINT('',#4985);
#1479=VERTEX_POINT('',#4993);
#1480=VERTEX_POINT('',#5006);
#1481=VERTEX_POINT('',#5023);
#1482=VERTEX_POINT('',#5040);
#1483=VERTEX_POINT('',#5048);
#1484=VERTEX_POINT('',#5052);
#1485=VERTEX_POINT('',#5056);
#1486=VERTEX_POINT('',#5062);
#1487=VERTEX_POINT('',#5063);
#1488=VERTEX_POINT('',#5065);
#1489=VERTEX_POINT('',#5071);
#1490=VERTEX_POINT('',#5077);
#1491=VERTEX_POINT('',#5083);
#1492=VERTEX_POINT('',#5089);
#1493=VERTEX_POINT('',#5095);
#1494=VERTEX_POINT('',#5097);
#1495=VERTEX_POINT('',#5099);
#1496=VERTEX_POINT('',#5101);
#1497=VERTEX_POINT('',#5107);
#1498=VERTEX_POINT('',#5113);
#1499=VERTEX_POINT('',#5119);
#1500=VERTEX_POINT('',#5125);
#1501=VERTEX_POINT('',#5131);
#1502=VERTEX_POINT('',#5133);
#1503=VERTEX_POINT('',#5135);
#1504=VERTEX_POINT('',#5137);
#1505=VERTEX_POINT('',#5143);
#1506=VERTEX_POINT('',#5149);
#1507=VERTEX_POINT('',#5155);
#1508=VERTEX_POINT('',#5161);
#1509=VERTEX_POINT('',#5167);
#1510=VERTEX_POINT('',#5173);
#1511=VERTEX_POINT('',#5179);
#1512=VERTEX_POINT('',#5181);
#1513=VERTEX_POINT('',#5183);
#1514=VERTEX_POINT('',#5187);
#1515=VERTEX_POINT('',#5189);
#1516=VERTEX_POINT('',#5202);
#1517=VERTEX_POINT('',#5219);
#1518=VERTEX_POINT('',#5236);
#1519=VERTEX_POINT('',#5253);
#1520=VERTEX_POINT('',#5270);
#1521=VERTEX_POINT('',#5278);
#1522=VERTEX_POINT('',#5282);
#1523=VERTEX_POINT('',#5286);
#1524=VERTEX_POINT('',#5299);
#1525=VERTEX_POINT('',#5316);
#1526=VERTEX_POINT('',#5333);
#1527=VERTEX_POINT('',#5350);
#1528=VERTEX_POINT('',#5367);
#1529=VERTEX_POINT('',#5375);
#1530=VERTEX_POINT('',#5379);
#1531=VERTEX_POINT('',#5383);
#1532=VERTEX_POINT('',#5396);
#1533=VERTEX_POINT('',#5413);
#1534=VERTEX_POINT('',#5430);
#1535=VERTEX_POINT('',#5447);
#1536=VERTEX_POINT('',#5464);
#1537=VERTEX_POINT('',#5481);
#1538=VERTEX_POINT('',#5498);
#1539=VERTEX_POINT('',#5506);
#1540=VERTEX_POINT('',#5510);
#1541=VERTEX_POINT('',#5514);
#1542=VERTEX_POINT('',#5520);
#1543=VERTEX_POINT('',#5521);
#1544=VERTEX_POINT('',#5523);
#1545=VERTEX_POINT('',#5525);
#1546=VERTEX_POINT('',#5527);
#1547=VERTEX_POINT('',#5533);
#1548=VERTEX_POINT('',#5539);
#1549=VERTEX_POINT('',#5541);
#1550=VERTEX_POINT('',#5543);
#1551=VERTEX_POINT('',#5547);
#1552=VERTEX_POINT('',#5549);
#1553=VERTEX_POINT('',#5553);
#1554=VERTEX_POINT('',#5557);
#1555=VERTEX_POINT('',#5570);
#1556=VERTEX_POINT('',#5587);
#1557=VERTEX_POINT('',#5595);
#1558=VERTEX_POINT('',#5599);
#1559=VERTEX_POINT('',#5603);
#1560=VERTEX_POINT('',#5609);
#1561=VERTEX_POINT('',#5610);
#1562=VERTEX_POINT('',#5612);
#1563=VERTEX_POINT('',#5618);
#1564=VERTEX_POINT('',#5624);
#1565=VERTEX_POINT('',#5626);
#1566=VERTEX_POINT('',#5632);
#1567=VERTEX_POINT('',#5638);
#1568=VERTEX_POINT('',#5640);
#1569=VERTEX_POINT('',#5644);
#1570=VERTEX_POINT('',#5646);
#1571=VERTEX_POINT('',#5659);
#1572=VERTEX_POINT('',#5676);
#1573=VERTEX_POINT('',#5684);
#1574=VERTEX_POINT('',#5697);
#1575=VERTEX_POINT('',#5714);
#1576=VERTEX_POINT('',#5722);
#1577=VERTEX_POINT('',#5726);
#1578=VERTEX_POINT('',#5732);
#1579=VERTEX_POINT('',#5733);
#1580=VERTEX_POINT('',#5735);
#1581=VERTEX_POINT('',#5741);
#1582=VERTEX_POINT('',#5747);
#1583=VERTEX_POINT('',#5753);
#1584=VERTEX_POINT('',#5759);
#1585=VERTEX_POINT('',#5765);
#1586=VERTEX_POINT('',#5767);
#1587=VERTEX_POINT('',#5769);
#1588=VERTEX_POINT('',#5771);
#1589=VERTEX_POINT('',#5777);
#1590=VERTEX_POINT('',#5783);
#1591=VERTEX_POINT('',#5789);
#1592=VERTEX_POINT('',#5795);
#1593=VERTEX_POINT('',#5801);
#1594=VERTEX_POINT('',#5803);
#1595=VERTEX_POINT('',#5805);
#1596=VERTEX_POINT('',#5807);
#1597=VERTEX_POINT('',#5813);
#1598=VERTEX_POINT('',#5819);
#1599=VERTEX_POINT('',#5825);
#1600=VERTEX_POINT('',#5831);
#1601=VERTEX_POINT('',#5837);
#1602=VERTEX_POINT('',#5843);
#1603=VERTEX_POINT('',#5849);
#1604=VERTEX_POINT('',#5851);
#1605=VERTEX_POINT('',#5853);
#1606=VERTEX_POINT('',#5857);
#1607=VERTEX_POINT('',#5859);
#1608=VERTEX_POINT('',#5872);
#1609=VERTEX_POINT('',#5889);
#1610=VERTEX_POINT('',#5906);
#1611=VERTEX_POINT('',#5923);
#1612=VERTEX_POINT('',#5940);
#1613=VERTEX_POINT('',#5948);
#1614=VERTEX_POINT('',#5952);
#1615=VERTEX_POINT('',#5956);
#1616=VERTEX_POINT('',#5969);
#1617=VERTEX_POINT('',#5986);
#1618=VERTEX_POINT('',#6003);
#1619=VERTEX_POINT('',#6020);
#1620=VERTEX_POINT('',#6037);
#1621=VERTEX_POINT('',#6045);
#1622=VERTEX_POINT('',#6049);
#1623=VERTEX_POINT('',#6053);
#1624=VERTEX_POINT('',#6066);
#1625=VERTEX_POINT('',#6083);
#1626=VERTEX_POINT('',#6100);
#1627=VERTEX_POINT('',#6117);
#1628=VERTEX_POINT('',#6134);
#1629=VERTEX_POINT('',#6151);
#1630=VERTEX_POINT('',#6168);
#1631=VERTEX_POINT('',#6176);
#1632=VERTEX_POINT('',#6180);
#1633=VERTEX_POINT('',#6184);
#1634=VERTEX_POINT('',#6190);
#1635=VERTEX_POINT('',#6191);
#1636=VERTEX_POINT('',#6197);
#1637=VERTEX_POINT('',#6203);
#1638=VERTEX_POINT('',#6209);
#1639=VERTEX_POINT('',#6215);
#1640=VERTEX_POINT('',#6221);
#1641=VERTEX_POINT('',#6227);
#1642=VERTEX_POINT('',#6229);
#1643=VERTEX_POINT('',#6231);
#1644=VERTEX_POINT('',#6233);
#1645=VERTEX_POINT('',#6235);
#1646=VERTEX_POINT('',#6237);
#1647=VERTEX_POINT('',#6239);
#1648=VERTEX_POINT('',#6245);
#1649=VERTEX_POINT('',#6251);
#1650=VERTEX_POINT('',#6257);
#1651=VERTEX_POINT('',#6263);
#1652=VERTEX_POINT('',#6269);
#1653=VERTEX_POINT('',#6275);
#1654=VERTEX_POINT('',#6281);
#1655=VERTEX_POINT('',#6287);
#1656=VERTEX_POINT('',#6304);
#1657=VERTEX_POINT('',#6306);
#1658=VERTEX_POINT('',#6323);
#1659=VERTEX_POINT('',#6340);
#1660=VERTEX_POINT('',#6357);
#1661=VERTEX_POINT('',#6374);
#1662=VERTEX_POINT('',#6391);
#1663=VERTEX_POINT('',#6399);
#1664=VERTEX_POINT('',#6403);
#1665=VERTEX_POINT('',#6407);
#1666=VERTEX_POINT('',#6411);
#1667=VERTEX_POINT('',#6415);
#1668=VERTEX_POINT('',#6419);
#1669=VERTEX_POINT('',#6432);
#1670=VERTEX_POINT('',#6449);
#1671=VERTEX_POINT('',#6466);
#1672=VERTEX_POINT('',#6483);
#1673=VERTEX_POINT('',#6500);
#1674=VERTEX_POINT('',#6517);
#1675=VERTEX_POINT('',#6534);
#1676=VERTEX_POINT('',#6551);
#1677=VERTEX_POINT('',#6559);
#1678=VERTEX_POINT('',#6578);
#1679=VERTEX_POINT('',#6579);
#1680=VERTEX_POINT('',#6581);
#1681=VERTEX_POINT('',#6583);
#1682=VERTEX_POINT('',#6587);
#1683=VERTEX_POINT('',#6589);
#1684=VERTEX_POINT('',#6593);
#1685=VERTEX_POINT('',#6597);
#1686=VERTEX_POINT('',#6603);
#1687=VERTEX_POINT('',#6604);
#1688=VERTEX_POINT('',#6610);
#1689=VERTEX_POINT('',#6616);
#1690=VERTEX_POINT('',#6622);
#1691=VERTEX_POINT('',#6628);
#1692=VERTEX_POINT('',#6634);
#1693=VERTEX_POINT('',#6640);
#1694=VERTEX_POINT('',#6646);
#1695=VERTEX_POINT('',#6652);
#1696=VERTEX_POINT('',#6658);
#1697=VERTEX_POINT('',#6664);
#1698=VERTEX_POINT('',#6670);
#1699=VERTEX_POINT('',#6676);
#1700=VERTEX_POINT('',#6682);
#1701=VERTEX_POINT('',#6688);
#1702=VERTEX_POINT('',#6699);
#1703=VERTEX_POINT('',#6700);
#1704=VERTEX_POINT('',#6706);
#1705=VERTEX_POINT('',#6712);
#1706=VERTEX_POINT('',#6718);
#1707=VERTEX_POINT('',#6724);
#1708=VERTEX_POINT('',#6730);
#1709=VERTEX_POINT('',#6736);
#1710=VERTEX_POINT('',#6742);
#1711=VERTEX_POINT('',#6753);
#1712=VERTEX_POINT('',#6754);
#1713=VERTEX_POINT('',#6760);
#1714=VERTEX_POINT('',#6766);
#1715=VERTEX_POINT('',#6772);
#1716=VERTEX_POINT('',#6778);
#1717=VERTEX_POINT('',#6784);
#1718=VERTEX_POINT('',#6790);
#1719=VERTEX_POINT('',#6811);
#1720=VERTEX_POINT('',#6813);
#1721=VERTEX_POINT('',#6830);
#1722=VERTEX_POINT('',#6847);
#1723=VERTEX_POINT('',#6864);
#1724=VERTEX_POINT('',#6881);
#1725=VERTEX_POINT('',#6898);
#1726=VERTEX_POINT('',#6915);
#1727=VERTEX_POINT('',#6932);
#1728=VERTEX_POINT('',#6949);
#1729=VERTEX_POINT('',#6966);
#1730=VERTEX_POINT('',#6983);
#1731=VERTEX_POINT('',#7000);
#1732=VERTEX_POINT('',#7017);
#1733=VERTEX_POINT('',#7034);
#1734=VERTEX_POINT('',#7051);
#1735=VERTEX_POINT('',#7083);
#1736=VERTEX_POINT('',#7085);
#1737=VERTEX_POINT('',#7102);
#1738=VERTEX_POINT('',#7119);
#1739=VERTEX_POINT('',#7136);
#1740=VERTEX_POINT('',#7153);
#1741=VERTEX_POINT('',#7170);
#1742=VERTEX_POINT('',#7187);
#1743=VERTEX_POINT('',#7204);
#1744=VERTEX_POINT('',#7236);
#1745=VERTEX_POINT('',#7238);
#1746=VERTEX_POINT('',#7255);
#1747=VERTEX_POINT('',#7272);
#1748=VERTEX_POINT('',#7289);
#1749=VERTEX_POINT('',#7306);
#1750=VERTEX_POINT('',#7323);
#1751=VERTEX_POINT('',#7340);
#1752=VERTEX_POINT('',#7366);
#1753=VERTEX_POINT('',#7367);
#1754=VERTEX_POINT('',#7369);
#1755=VERTEX_POINT('',#7371);
#1756=VERTEX_POINT('',#7375);
#1757=VERTEX_POINT('',#7377);
#1758=VERTEX_POINT('',#7381);
#1759=VERTEX_POINT('',#7383);
#1760=VERTEX_POINT('',#7387);
#1761=VERTEX_POINT('',#7389);
#1762=VERTEX_POINT('',#7393);
#1763=VERTEX_POINT('',#7395);
#1764=VERTEX_POINT('',#7399);
#1765=VERTEX_POINT('',#7401);
#1766=VERTEX_POINT('',#7405);
#1767=VERTEX_POINT('',#7407);
#1768=EDGE_CURVE('',#1404,#1405,#1158,.T.);
#1769=EDGE_CURVE('',#1406,#1404,#1159,.T.);
#1770=EDGE_CURVE('',#1407,#1406,#1160,.T.);
#1771=EDGE_CURVE('',#1408,#1407,#1161,.T.);
#1772=EDGE_CURVE('',#1409,#1408,#1162,.T.);
#1773=EDGE_CURVE('',#1410,#1409,#1163,.T.);
#1774=EDGE_CURVE('',#1411,#1410,#1164,.T.);
#1775=EDGE_CURVE('',#1412,#1411,#1165,.T.);
#1776=EDGE_CURVE('',#1413,#1412,#1166,.T.);
#1777=EDGE_CURVE('',#1414,#1413,#1167,.T.);
#1778=EDGE_CURVE('',#1415,#1414,#1168,.T.);
#1779=EDGE_CURVE('',#1416,#1415,#1169,.T.);
#1780=EDGE_CURVE('',#1417,#1416,#1170,.T.);
#1781=EDGE_CURVE('',#1418,#1417,#1171,.T.);
#1782=EDGE_CURVE('',#1419,#1418,#1172,.T.);
#1783=EDGE_CURVE('',#1420,#1419,#1173,.T.);
#1784=EDGE_CURVE('',#1421,#1420,#1174,.T.);
#1785=EDGE_CURVE('',#1422,#1421,#1175,.T.);
#1786=EDGE_CURVE('',#1423,#1422,#1176,.T.);
#1787=EDGE_CURVE('',#1424,#1423,#1177,.T.);
#1788=EDGE_CURVE('',#1425,#1424,#558,.T.);
#1789=EDGE_CURVE('',#1405,#1425,#1178,.T.);
#1790=EDGE_CURVE('',#1426,#1427,#1179,.T.);
#1791=EDGE_CURVE('',#1428,#1426,#1180,.T.);
#1792=EDGE_CURVE('',#1429,#1428,#1181,.T.);
#1793=EDGE_CURVE('',#1430,#1429,#1182,.T.);
#1794=EDGE_CURVE('',#1431,#1430,#1183,.T.);
#1795=EDGE_CURVE('',#1432,#1431,#1184,.T.);
#1796=EDGE_CURVE('',#1433,#1432,#1185,.T.);
#1797=EDGE_CURVE('',#1427,#1433,#1186,.T.);
#1798=EDGE_CURVE('',#1405,#1434,#559,.T.);
#1799=EDGE_CURVE('',#1435,#1434,#1187,.T.);
#1800=EDGE_CURVE('',#1404,#1435,#560,.T.);
#1801=EDGE_CURVE('',#1436,#1435,#1188,.T.);
#1802=EDGE_CURVE('',#1406,#1436,#561,.T.);
#1803=EDGE_CURVE('',#1437,#1436,#1189,.T.);
#1804=EDGE_CURVE('',#1407,#1437,#562,.T.);
#1805=EDGE_CURVE('',#1438,#1437,#1190,.T.);
#1806=EDGE_CURVE('',#1408,#1438,#563,.T.);
#1807=EDGE_CURVE('',#1439,#1438,#1191,.T.);
#1808=EDGE_CURVE('',#1409,#1439,#564,.T.);
#1809=EDGE_CURVE('',#1440,#1439,#1192,.T.);
#1810=EDGE_CURVE('',#1410,#1440,#565,.T.);
#1811=EDGE_CURVE('',#1441,#1440,#1193,.T.);
#1812=EDGE_CURVE('',#1411,#1441,#566,.T.);
#1813=EDGE_CURVE('',#1442,#1441,#1194,.T.);
#1814=EDGE_CURVE('',#1412,#1442,#567,.T.);
#1815=EDGE_CURVE('',#1443,#1442,#1195,.T.);
#1816=EDGE_CURVE('',#1413,#1443,#568,.T.);
#1817=EDGE_CURVE('',#1444,#1443,#1196,.T.);
#1818=EDGE_CURVE('',#1414,#1444,#569,.T.);
#1819=EDGE_CURVE('',#1445,#1444,#1197,.T.);
#1820=EDGE_CURVE('',#1415,#1445,#570,.T.);
#1821=EDGE_CURVE('',#1446,#1445,#1198,.T.);
#1822=EDGE_CURVE('',#1416,#1446,#571,.T.);
#1823=EDGE_CURVE('',#1447,#1446,#1199,.T.);
#1824=EDGE_CURVE('',#1417,#1447,#572,.T.);
#1825=EDGE_CURVE('',#1448,#1447,#1200,.T.);
#1826=EDGE_CURVE('',#1418,#1448,#573,.T.);
#1827=EDGE_CURVE('',#1449,#1448,#1201,.T.);
#1828=EDGE_CURVE('',#1419,#1449,#574,.T.);
#1829=EDGE_CURVE('',#1450,#1449,#1202,.T.);
#1830=EDGE_CURVE('',#1420,#1450,#575,.T.);
#1831=EDGE_CURVE('',#1451,#1450,#1203,.T.);
#1832=EDGE_CURVE('',#1421,#1451,#576,.T.);
#1833=EDGE_CURVE('',#1452,#1451,#1204,.T.);
#1834=EDGE_CURVE('',#1422,#1452,#577,.T.);
#1835=EDGE_CURVE('',#1453,#1452,#1205,.T.);
#1836=EDGE_CURVE('',#1423,#1453,#578,.T.);
#1837=EDGE_CURVE('',#1454,#1453,#1206,.T.);
#1838=EDGE_CURVE('',#1424,#1454,#579,.T.);
#1839=EDGE_CURVE('',#1455,#1454,#580,.T.);
#1840=EDGE_CURVE('',#1425,#1455,#581,.T.);
#1841=EDGE_CURVE('',#1434,#1455,#1207,.T.);
#1842=EDGE_CURVE('',#1427,#1456,#582,.T.);
#1843=EDGE_CURVE('',#1457,#1456,#1208,.T.);
#1844=EDGE_CURVE('',#1426,#1457,#583,.T.);
#1845=EDGE_CURVE('',#1458,#1457,#1209,.T.);
#1846=EDGE_CURVE('',#1428,#1458,#584,.T.);
#1847=EDGE_CURVE('',#1459,#1458,#1210,.T.);
#1848=EDGE_CURVE('',#1429,#1459,#585,.T.);
#1849=EDGE_CURVE('',#1460,#1459,#1211,.T.);
#1850=EDGE_CURVE('',#1430,#1460,#586,.T.);
#1851=EDGE_CURVE('',#1461,#1460,#1212,.T.);
#1852=EDGE_CURVE('',#1431,#1461,#587,.T.);
#1853=EDGE_CURVE('',#1462,#1461,#1213,.T.);
#1854=EDGE_CURVE('',#1432,#1462,#588,.T.);
#1855=EDGE_CURVE('',#1463,#1462,#1214,.T.);
#1856=EDGE_CURVE('',#1433,#1463,#589,.T.);
#1857=EDGE_CURVE('',#1456,#1463,#1215,.T.);
#1858=EDGE_CURVE('',#1464,#1465,#1216,.T.);
#1859=EDGE_CURVE('',#1466,#1464,#1217,.T.);
#1860=EDGE_CURVE('',#1467,#1466,#1218,.T.);
#1861=EDGE_CURVE('',#1468,#1467,#590,.T.);
#1862=EDGE_CURVE('',#1469,#1468,#1219,.T.);
#1863=EDGE_CURVE('',#1470,#1469,#1220,.T.);
#1864=EDGE_CURVE('',#1471,#1470,#1221,.T.);
#1865=EDGE_CURVE('',#1472,#1471,#591,.T.);
#1866=EDGE_CURVE('',#1473,#1472,#592,.T.);
#1867=EDGE_CURVE('',#1474,#1473,#593,.T.);
#1868=EDGE_CURVE('',#1465,#1474,#594,.T.);
#1869=EDGE_CURVE('',#1465,#1475,#595,.T.);
#1870=EDGE_CURVE('',#1476,#1475,#1222,.T.);
#1871=EDGE_CURVE('',#1464,#1476,#596,.T.);
#1872=EDGE_CURVE('',#1477,#1476,#1223,.T.);
#1873=EDGE_CURVE('',#1466,#1477,#597,.T.);
#1874=EDGE_CURVE('',#1478,#1477,#1224,.T.);
#1875=EDGE_CURVE('',#1467,#1478,#598,.T.);
#1876=EDGE_CURVE('',#1479,#1478,#599,.T.);
#1877=EDGE_CURVE('',#1468,#1479,#600,.T.);
#1878=EDGE_CURVE('',#1480,#1479,#1225,.T.);
#1879=EDGE_CURVE('',#1469,#1480,#601,.T.);
#1880=EDGE_CURVE('',#1481,#1480,#1226,.T.);
#1881=EDGE_CURVE('',#1470,#1481,#602,.T.);
#1882=EDGE_CURVE('',#1482,#1481,#1227,.T.);
#1883=EDGE_CURVE('',#1471,#1482,#603,.T.);
#1884=EDGE_CURVE('',#1483,#1482,#604,.T.);
#1885=EDGE_CURVE('',#1472,#1483,#605,.T.);
#1886=EDGE_CURVE('',#1484,#1483,#606,.T.);
#1887=EDGE_CURVE('',#1473,#1484,#607,.T.);
#1888=EDGE_CURVE('',#1485,#1484,#608,.T.);
#1889=EDGE_CURVE('',#1474,#1485,#609,.T.);
#1890=EDGE_CURVE('',#1475,#1485,#610,.T.);
#1891=EDGE_CURVE('',#1486,#1487,#611,.T.);
#1892=EDGE_CURVE('',#1488,#1486,#1228,.T.);
#1893=EDGE_CURVE('',#1489,#1488,#1229,.T.);
#1894=EDGE_CURVE('',#1490,#1489,#1230,.T.);
#1895=EDGE_CURVE('',#1491,#1490,#1231,.T.);
#1896=EDGE_CURVE('',#1492,#1491,#1232,.T.);
#1897=EDGE_CURVE('',#1493,#1492,#612,.T.);
#1898=EDGE_CURVE('',#1494,#1493,#613,.T.);
#1899=EDGE_CURVE('',#1495,#1494,#614,.T.);
#1900=EDGE_CURVE('',#1496,#1495,#1233,.T.);
#1901=EDGE_CURVE('',#1497,#1496,#1234,.T.);
#1902=EDGE_CURVE('',#1498,#1497,#1235,.T.);
#1903=EDGE_CURVE('',#1499,#1498,#1236,.T.);
#1904=EDGE_CURVE('',#1500,#1499,#1237,.T.);
#1905=EDGE_CURVE('',#1501,#1500,#615,.T.);
#1906=EDGE_CURVE('',#1502,#1501,#616,.T.);
#1907=EDGE_CURVE('',#1503,#1502,#617,.T.);
#1908=EDGE_CURVE('',#1504,#1503,#1238,.T.);
#1909=EDGE_CURVE('',#1505,#1504,#1239,.T.);
#1910=EDGE_CURVE('',#1506,#1505,#1240,.T.);
#1911=EDGE_CURVE('',#1507,#1506,#1241,.T.);
#1912=EDGE_CURVE('',#1508,#1507,#1242,.T.);
#1913=EDGE_CURVE('',#1509,#1508,#1243,.T.);
#1914=EDGE_CURVE('',#1510,#1509,#1244,.T.);
#1915=EDGE_CURVE('',#1511,#1510,#618,.T.);
#1916=EDGE_CURVE('',#1512,#1511,#619,.T.);
#1917=EDGE_CURVE('',#1513,#1512,#620,.T.);
#1918=EDGE_CURVE('',#1487,#1513,#621,.T.);
#1919=EDGE_CURVE('',#1487,#1514,#622,.T.);
#1920=EDGE_CURVE('',#1515,#1514,#623,.T.);
#1921=EDGE_CURVE('',#1486,#1515,#624,.T.);
#1922=EDGE_CURVE('',#1516,#1515,#1245,.T.);
#1923=EDGE_CURVE('',#1488,#1516,#625,.T.);
#1924=EDGE_CURVE('',#1517,#1516,#1246,.T.);
#1925=EDGE_CURVE('',#1489,#1517,#626,.T.);
#1926=EDGE_CURVE('',#1518,#1517,#1247,.T.);
#1927=EDGE_CURVE('',#1490,#1518,#627,.T.);
#1928=EDGE_CURVE('',#1519,#1518,#1248,.T.);
#1929=EDGE_CURVE('',#1491,#1519,#628,.T.);
#1930=EDGE_CURVE('',#1520,#1519,#1249,.T.);
#1931=EDGE_CURVE('',#1492,#1520,#629,.T.);
#1932=EDGE_CURVE('',#1521,#1520,#630,.T.);
#1933=EDGE_CURVE('',#1493,#1521,#631,.T.);
#1934=EDGE_CURVE('',#1522,#1521,#632,.T.);
#1935=EDGE_CURVE('',#1494,#1522,#633,.T.);
#1936=EDGE_CURVE('',#1523,#1522,#634,.T.);
#1937=EDGE_CURVE('',#1495,#1523,#635,.T.);
#1938=EDGE_CURVE('',#1524,#1523,#1250,.T.);
#1939=EDGE_CURVE('',#1496,#1524,#636,.T.);
#1940=EDGE_CURVE('',#1525,#1524,#1251,.T.);
#1941=EDGE_CURVE('',#1497,#1525,#637,.T.);
#1942=EDGE_CURVE('',#1526,#1525,#1252,.T.);
#1943=EDGE_CURVE('',#1498,#1526,#638,.T.);
#1944=EDGE_CURVE('',#1527,#1526,#1253,.T.);
#1945=EDGE_CURVE('',#1499,#1527,#639,.T.);
#1946=EDGE_CURVE('',#1528,#1527,#1254,.T.);
#1947=EDGE_CURVE('',#1500,#1528,#640,.T.);
#1948=EDGE_CURVE('',#1529,#1528,#641,.T.);
#1949=EDGE_CURVE('',#1501,#1529,#642,.T.);
#1950=EDGE_CURVE('',#1530,#1529,#643,.T.);
#1951=EDGE_CURVE('',#1502,#1530,#644,.T.);
#1952=EDGE_CURVE('',#1531,#1530,#645,.T.);
#1953=EDGE_CURVE('',#1503,#1531,#646,.T.);
#1954=EDGE_CURVE('',#1532,#1531,#1255,.T.);
#1955=EDGE_CURVE('',#1504,#1532,#647,.T.);
#1956=EDGE_CURVE('',#1533,#1532,#1256,.T.);
#1957=EDGE_CURVE('',#1505,#1533,#648,.T.);
#1958=EDGE_CURVE('',#1534,#1533,#1257,.T.);
#1959=EDGE_CURVE('',#1506,#1534,#649,.T.);
#1960=EDGE_CURVE('',#1535,#1534,#1258,.T.);
#1961=EDGE_CURVE('',#1507,#1535,#650,.T.);
#1962=EDGE_CURVE('',#1536,#1535,#1259,.T.);
#1963=EDGE_CURVE('',#1508,#1536,#651,.T.);
#1964=EDGE_CURVE('',#1537,#1536,#1260,.T.);
#1965=EDGE_CURVE('',#1509,#1537,#652,.T.);
#1966=EDGE_CURVE('',#1538,#1537,#1261,.T.);
#1967=EDGE_CURVE('',#1510,#1538,#653,.T.);
#1968=EDGE_CURVE('',#1539,#1538,#654,.T.);
#1969=EDGE_CURVE('',#1511,#1539,#655,.T.);
#1970=EDGE_CURVE('',#1540,#1539,#656,.T.);
#1971=EDGE_CURVE('',#1512,#1540,#657,.T.);
#1972=EDGE_CURVE('',#1541,#1540,#658,.T.);
#1973=EDGE_CURVE('',#1513,#1541,#659,.T.);
#1974=EDGE_CURVE('',#1514,#1541,#660,.T.);
#1975=EDGE_CURVE('',#1542,#1543,#661,.T.);
#1976=EDGE_CURVE('',#1544,#1542,#662,.T.);
#1977=EDGE_CURVE('',#1545,#1544,#663,.T.);
#1978=EDGE_CURVE('',#1546,#1545,#1262,.T.);
#1979=EDGE_CURVE('',#1547,#1546,#1263,.T.);
#1980=EDGE_CURVE('',#1548,#1547,#664,.T.);
#1981=EDGE_CURVE('',#1549,#1548,#665,.T.);
#1982=EDGE_CURVE('',#1550,#1549,#666,.T.);
#1983=EDGE_CURVE('',#1543,#1550,#667,.T.);
#1984=EDGE_CURVE('',#1543,#1551,#668,.T.);
#1985=EDGE_CURVE('',#1552,#1551,#669,.T.);
#1986=EDGE_CURVE('',#1542,#1552,#670,.T.);
#1987=EDGE_CURVE('',#1553,#1552,#671,.T.);
#1988=EDGE_CURVE('',#1544,#1553,#672,.T.);
#1989=EDGE_CURVE('',#1554,#1553,#673,.T.);
#1990=EDGE_CURVE('',#1545,#1554,#674,.T.);
#1991=EDGE_CURVE('',#1555,#1554,#1264,.T.);
#1992=EDGE_CURVE('',#1546,#1555,#675,.T.);
#1993=EDGE_CURVE('',#1556,#1555,#1265,.T.);
#1994=EDGE_CURVE('',#1547,#1556,#676,.T.);
#1995=EDGE_CURVE('',#1557,#1556,#677,.T.);
#1996=EDGE_CURVE('',#1548,#1557,#678,.T.);
#1997=EDGE_CURVE('',#1558,#1557,#679,.T.);
#1998=EDGE_CURVE('',#1549,#1558,#680,.T.);
#1999=EDGE_CURVE('',#1559,#1558,#681,.T.);
#2000=EDGE_CURVE('',#1550,#1559,#682,.T.);
#2001=EDGE_CURVE('',#1551,#1559,#683,.T.);
#2002=EDGE_CURVE('',#1560,#1561,#684,.T.);
#2003=EDGE_CURVE('',#1562,#1560,#1266,.T.);
#2004=EDGE_CURVE('',#1563,#1562,#1267,.T.);
#2005=EDGE_CURVE('',#1564,#1563,#685,.T.);
#2006=EDGE_CURVE('',#1565,#1564,#1268,.T.);
#2007=EDGE_CURVE('',#1566,#1565,#1269,.T.);
#2008=EDGE_CURVE('',#1567,#1566,#686,.T.);
#2009=EDGE_CURVE('',#1568,#1567,#687,.T.);
#2010=EDGE_CURVE('',#1561,#1568,#688,.T.);
#2011=EDGE_CURVE('',#1561,#1569,#689,.T.);
#2012=EDGE_CURVE('',#1570,#1569,#690,.T.);
#2013=EDGE_CURVE('',#1560,#1570,#691,.T.);
#2014=EDGE_CURVE('',#1571,#1570,#1270,.T.);
#2015=EDGE_CURVE('',#1562,#1571,#692,.T.);
#2016=EDGE_CURVE('',#1572,#1571,#1271,.T.);
#2017=EDGE_CURVE('',#1563,#1572,#693,.T.);
#2018=EDGE_CURVE('',#1573,#1572,#694,.T.);
#2019=EDGE_CURVE('',#1564,#1573,#695,.T.);
#2020=EDGE_CURVE('',#1574,#1573,#1272,.T.);
#2021=EDGE_CURVE('',#1565,#1574,#696,.T.);
#2022=EDGE_CURVE('',#1575,#1574,#1273,.T.);
#2023=EDGE_CURVE('',#1566,#1575,#697,.T.);
#2024=EDGE_CURVE('',#1576,#1575,#698,.T.);
#2025=EDGE_CURVE('',#1567,#1576,#699,.T.);
#2026=EDGE_CURVE('',#1577,#1576,#700,.T.);
#2027=EDGE_CURVE('',#1568,#1577,#701,.T.);
#2028=EDGE_CURVE('',#1569,#1577,#702,.T.);
#2029=EDGE_CURVE('',#1578,#1579,#703,.T.);
#2030=EDGE_CURVE('',#1580,#1578,#1274,.T.);
#2031=EDGE_CURVE('',#1581,#1580,#1275,.T.);
#2032=EDGE_CURVE('',#1582,#1581,#1276,.T.);
#2033=EDGE_CURVE('',#1583,#1582,#1277,.T.);
#2034=EDGE_CURVE('',#1584,#1583,#1278,.T.);
#2035=EDGE_CURVE('',#1585,#1584,#704,.T.);
#2036=EDGE_CURVE('',#1586,#1585,#705,.T.);
#2037=EDGE_CURVE('',#1587,#1586,#706,.T.);
#2038=EDGE_CURVE('',#1588,#1587,#1279,.T.);
#2039=EDGE_CURVE('',#1589,#1588,#1280,.T.);
#2040=EDGE_CURVE('',#1590,#1589,#1281,.T.);
#2041=EDGE_CURVE('',#1591,#1590,#1282,.T.);
#2042=EDGE_CURVE('',#1592,#1591,#1283,.T.);
#2043=EDGE_CURVE('',#1593,#1592,#707,.T.);
#2044=EDGE_CURVE('',#1594,#1593,#708,.T.);
#2045=EDGE_CURVE('',#1595,#1594,#709,.T.);
#2046=EDGE_CURVE('',#1596,#1595,#1284,.T.);
#2047=EDGE_CURVE('',#1597,#1596,#1285,.T.);
#2048=EDGE_CURVE('',#1598,#1597,#1286,.T.);
#2049=EDGE_CURVE('',#1599,#1598,#1287,.T.);
#2050=EDGE_CURVE('',#1600,#1599,#1288,.T.);
#2051=EDGE_CURVE('',#1601,#1600,#1289,.T.);
#2052=EDGE_CURVE('',#1602,#1601,#1290,.T.);
#2053=EDGE_CURVE('',#1603,#1602,#710,.T.);
#2054=EDGE_CURVE('',#1604,#1603,#711,.T.);
#2055=EDGE_CURVE('',#1605,#1604,#712,.T.);
#2056=EDGE_CURVE('',#1579,#1605,#713,.T.);
#2057=EDGE_CURVE('',#1579,#1606,#714,.T.);
#2058=EDGE_CURVE('',#1607,#1606,#715,.T.);
#2059=EDGE_CURVE('',#1578,#1607,#716,.T.);
#2060=EDGE_CURVE('',#1608,#1607,#1291,.T.);
#2061=EDGE_CURVE('',#1580,#1608,#717,.T.);
#2062=EDGE_CURVE('',#1609,#1608,#1292,.T.);
#2063=EDGE_CURVE('',#1581,#1609,#718,.T.);
#2064=EDGE_CURVE('',#1610,#1609,#1293,.T.);
#2065=EDGE_CURVE('',#1582,#1610,#719,.T.);
#2066=EDGE_CURVE('',#1611,#1610,#1294,.T.);
#2067=EDGE_CURVE('',#1583,#1611,#720,.T.);
#2068=EDGE_CURVE('',#1612,#1611,#1295,.T.);
#2069=EDGE_CURVE('',#1584,#1612,#721,.T.);
#2070=EDGE_CURVE('',#1613,#1612,#722,.T.);
#2071=EDGE_CURVE('',#1585,#1613,#723,.T.);
#2072=EDGE_CURVE('',#1614,#1613,#724,.T.);
#2073=EDGE_CURVE('',#1586,#1614,#725,.T.);
#2074=EDGE_CURVE('',#1615,#1614,#726,.T.);
#2075=EDGE_CURVE('',#1587,#1615,#727,.T.);
#2076=EDGE_CURVE('',#1616,#1615,#1296,.T.);
#2077=EDGE_CURVE('',#1588,#1616,#728,.T.);
#2078=EDGE_CURVE('',#1617,#1616,#1297,.T.);
#2079=EDGE_CURVE('',#1589,#1617,#729,.T.);
#2080=EDGE_CURVE('',#1618,#1617,#1298,.T.);
#2081=EDGE_CURVE('',#1590,#1618,#730,.T.);
#2082=EDGE_CURVE('',#1619,#1618,#1299,.T.);
#2083=EDGE_CURVE('',#1591,#1619,#731,.T.);
#2084=EDGE_CURVE('',#1620,#1619,#1300,.T.);
#2085=EDGE_CURVE('',#1592,#1620,#732,.T.);
#2086=EDGE_CURVE('',#1621,#1620,#733,.T.);
#2087=EDGE_CURVE('',#1593,#1621,#734,.T.);
#2088=EDGE_CURVE('',#1622,#1621,#735,.T.);
#2089=EDGE_CURVE('',#1594,#1622,#736,.T.);
#2090=EDGE_CURVE('',#1623,#1622,#737,.T.);
#2091=EDGE_CURVE('',#1595,#1623,#738,.T.);
#2092=EDGE_CURVE('',#1624,#1623,#1301,.T.);
#2093=EDGE_CURVE('',#1596,#1624,#739,.T.);
#2094=EDGE_CURVE('',#1625,#1624,#1302,.T.);
#2095=EDGE_CURVE('',#1597,#1625,#740,.T.);
#2096=EDGE_CURVE('',#1626,#1625,#1303,.T.);
#2097=EDGE_CURVE('',#1598,#1626,#741,.T.);
#2098=EDGE_CURVE('',#1627,#1626,#1304,.T.);
#2099=EDGE_CURVE('',#1599,#1627,#742,.T.);
#2100=EDGE_CURVE('',#1628,#1627,#1305,.T.);
#2101=EDGE_CURVE('',#1600,#1628,#743,.T.);
#2102=EDGE_CURVE('',#1629,#1628,#1306,.T.);
#2103=EDGE_CURVE('',#1601,#1629,#744,.T.);
#2104=EDGE_CURVE('',#1630,#1629,#1307,.T.);
#2105=EDGE_CURVE('',#1602,#1630,#745,.T.);
#2106=EDGE_CURVE('',#1631,#1630,#746,.T.);
#2107=EDGE_CURVE('',#1603,#1631,#747,.T.);
#2108=EDGE_CURVE('',#1632,#1631,#748,.T.);
#2109=EDGE_CURVE('',#1604,#1632,#749,.T.);
#2110=EDGE_CURVE('',#1633,#1632,#750,.T.);
#2111=EDGE_CURVE('',#1605,#1633,#751,.T.);
#2112=EDGE_CURVE('',#1606,#1633,#752,.T.);
#2113=EDGE_CURVE('',#1634,#1635,#1308,.T.);
#2114=EDGE_CURVE('',#1636,#1634,#1309,.T.);
#2115=EDGE_CURVE('',#1637,#1636,#1310,.T.);
#2116=EDGE_CURVE('',#1638,#1637,#1311,.T.);
#2117=EDGE_CURVE('',#1639,#1638,#1312,.T.);
#2118=EDGE_CURVE('',#1640,#1639,#1313,.T.);
#2119=EDGE_CURVE('',#1641,#1640,#753,.T.);
#2120=EDGE_CURVE('',#1642,#1641,#754,.T.);
#2121=EDGE_CURVE('',#1643,#1642,#755,.T.);
#2122=EDGE_CURVE('',#1644,#1643,#756,.T.);
#2123=EDGE_CURVE('',#1645,#1644,#757,.T.);
#2124=EDGE_CURVE('',#1646,#1645,#758,.T.);
#2125=EDGE_CURVE('',#1647,#1646,#1314,.T.);
#2126=EDGE_CURVE('',#1648,#1647,#1315,.T.);
#2127=EDGE_CURVE('',#1649,#1648,#1316,.T.);
#2128=EDGE_CURVE('',#1650,#1649,#1317,.T.);
#2129=EDGE_CURVE('',#1651,#1650,#1318,.T.);
#2130=EDGE_CURVE('',#1652,#1651,#1319,.T.);
#2131=EDGE_CURVE('',#1653,#1652,#1320,.T.);
#2132=EDGE_CURVE('',#1654,#1653,#1321,.T.);
#2133=EDGE_CURVE('',#1655,#1654,#759,.T.);
#2134=EDGE_CURVE('',#1635,#1655,#1322,.T.);
#2135=EDGE_CURVE('',#1635,#1656,#760,.T.);
#2136=EDGE_CURVE('',#1657,#1656,#1323,.T.);
#2137=EDGE_CURVE('',#1634,#1657,#761,.T.);
#2138=EDGE_CURVE('',#1658,#1657,#1324,.T.);
#2139=EDGE_CURVE('',#1636,#1658,#762,.T.);
#2140=EDGE_CURVE('',#1659,#1658,#1325,.T.);
#2141=EDGE_CURVE('',#1637,#1659,#763,.T.);
#2142=EDGE_CURVE('',#1660,#1659,#1326,.T.);
#2143=EDGE_CURVE('',#1638,#1660,#764,.T.);
#2144=EDGE_CURVE('',#1661,#1660,#1327,.T.);
#2145=EDGE_CURVE('',#1639,#1661,#765,.T.);
#2146=EDGE_CURVE('',#1662,#1661,#1328,.T.);
#2147=EDGE_CURVE('',#1640,#1662,#766,.T.);
#2148=EDGE_CURVE('',#1663,#1662,#767,.T.);
#2149=EDGE_CURVE('',#1641,#1663,#768,.T.);
#2150=EDGE_CURVE('',#1664,#1663,#769,.T.);
#2151=EDGE_CURVE('',#1642,#1664,#770,.T.);
#2152=EDGE_CURVE('',#1665,#1664,#771,.T.);
#2153=EDGE_CURVE('',#1643,#1665,#772,.T.);
#2154=EDGE_CURVE('',#1666,#1665,#773,.T.);
#2155=EDGE_CURVE('',#1644,#1666,#774,.T.);
#2156=EDGE_CURVE('',#1667,#1666,#775,.T.);
#2157=EDGE_CURVE('',#1645,#1667,#776,.T.);
#2158=EDGE_CURVE('',#1668,#1667,#777,.T.);
#2159=EDGE_CURVE('',#1646,#1668,#778,.T.);
#2160=EDGE_CURVE('',#1669,#1668,#1329,.T.);
#2161=EDGE_CURVE('',#1647,#1669,#779,.T.);
#2162=EDGE_CURVE('',#1670,#1669,#1330,.T.);
#2163=EDGE_CURVE('',#1648,#1670,#780,.T.);
#2164=EDGE_CURVE('',#1671,#1670,#1331,.T.);
#2165=EDGE_CURVE('',#1649,#1671,#781,.T.);
#2166=EDGE_CURVE('',#1672,#1671,#1332,.T.);
#2167=EDGE_CURVE('',#1650,#1672,#782,.T.);
#2168=EDGE_CURVE('',#1673,#1672,#1333,.T.);
#2169=EDGE_CURVE('',#1651,#1673,#783,.T.);
#2170=EDGE_CURVE('',#1674,#1673,#1334,.T.);
#2171=EDGE_CURVE('',#1652,#1674,#784,.T.);
#2172=EDGE_CURVE('',#1675,#1674,#1335,.T.);
#2173=EDGE_CURVE('',#1653,#1675,#785,.T.);
#2174=EDGE_CURVE('',#1676,#1675,#1336,.T.);
#2175=EDGE_CURVE('',#1654,#1676,#786,.T.);
#2176=EDGE_CURVE('',#1677,#1676,#787,.T.);
#2177=EDGE_CURVE('',#1655,#1677,#788,.T.);
#2178=EDGE_CURVE('',#1656,#1677,#1337,.T.);
#2179=EDGE_CURVE('',#1678,#1679,#789,.T.);
#2180=EDGE_CURVE('',#1680,#1678,#790,.T.);
#2181=EDGE_CURVE('',#1681,#1680,#791,.T.);
#2182=EDGE_CURVE('',#1679,#1681,#792,.T.);
#2183=EDGE_CURVE('',#1679,#1682,#793,.T.);
#2184=EDGE_CURVE('',#1683,#1682,#794,.T.);
#2185=EDGE_CURVE('',#1678,#1683,#795,.T.);
#2186=EDGE_CURVE('',#1684,#1683,#796,.T.);
#2187=EDGE_CURVE('',#1680,#1684,#797,.T.);
#2188=EDGE_CURVE('',#1685,#1684,#798,.T.);
#2189=EDGE_CURVE('',#1681,#1685,#799,.T.);
#2190=EDGE_CURVE('',#1682,#1685,#800,.T.);
#2191=EDGE_CURVE('',#1686,#1687,#1338,.T.);
#2192=EDGE_CURVE('',#1688,#1686,#1339,.T.);
#2193=EDGE_CURVE('',#1689,#1688,#1340,.T.);
#2194=EDGE_CURVE('',#1690,#1689,#1341,.T.);
#2195=EDGE_CURVE('',#1691,#1690,#1342,.T.);
#2196=EDGE_CURVE('',#1692,#1691,#1343,.T.);
#2197=EDGE_CURVE('',#1693,#1692,#1344,.T.);
#2198=EDGE_CURVE('',#1694,#1693,#1345,.T.);
#2199=EDGE_CURVE('',#1695,#1694,#1346,.T.);
#2200=EDGE_CURVE('',#1696,#1695,#1347,.T.);
#2201=EDGE_CURVE('',#1697,#1696,#1348,.T.);
#2202=EDGE_CURVE('',#1698,#1697,#1349,.T.);
#2203=EDGE_CURVE('',#1699,#1698,#1350,.T.);
#2204=EDGE_CURVE('',#1700,#1699,#1351,.T.);
#2205=EDGE_CURVE('',#1701,#1700,#1352,.T.);
#2206=EDGE_CURVE('',#1687,#1701,#1353,.T.);
#2207=EDGE_CURVE('',#1702,#1703,#1354,.T.);
#2208=EDGE_CURVE('',#1704,#1702,#1355,.T.);
#2209=EDGE_CURVE('',#1705,#1704,#1356,.T.);
#2210=EDGE_CURVE('',#1706,#1705,#1357,.T.);
#2211=EDGE_CURVE('',#1707,#1706,#1358,.T.);
#2212=EDGE_CURVE('',#1708,#1707,#1359,.T.);
#2213=EDGE_CURVE('',#1709,#1708,#1360,.T.);
#2214=EDGE_CURVE('',#1710,#1709,#1361,.T.);
#2215=EDGE_CURVE('',#1703,#1710,#1362,.T.);
#2216=EDGE_CURVE('',#1711,#1712,#1363,.T.);
#2217=EDGE_CURVE('',#1713,#1711,#1364,.T.);
#2218=EDGE_CURVE('',#1714,#1713,#1365,.T.);
#2219=EDGE_CURVE('',#1715,#1714,#1366,.T.);
#2220=EDGE_CURVE('',#1716,#1715,#1367,.T.);
#2221=EDGE_CURVE('',#1717,#1716,#1368,.T.);
#2222=EDGE_CURVE('',#1718,#1717,#1369,.T.);
#2223=EDGE_CURVE('',#1712,#1718,#1370,.T.);
#2224=EDGE_CURVE('',#1687,#1719,#801,.T.);
#2225=EDGE_CURVE('',#1720,#1719,#1371,.T.);
#2226=EDGE_CURVE('',#1686,#1720,#802,.T.);
#2227=EDGE_CURVE('',#1721,#1720,#1372,.T.);
#2228=EDGE_CURVE('',#1688,#1721,#803,.T.);
#2229=EDGE_CURVE('',#1722,#1721,#1373,.T.);
#2230=EDGE_CURVE('',#1689,#1722,#804,.T.);
#2231=EDGE_CURVE('',#1723,#1722,#1374,.T.);
#2232=EDGE_CURVE('',#1690,#1723,#805,.T.);
#2233=EDGE_CURVE('',#1724,#1723,#1375,.T.);
#2234=EDGE_CURVE('',#1691,#1724,#806,.T.);
#2235=EDGE_CURVE('',#1725,#1724,#1376,.T.);
#2236=EDGE_CURVE('',#1692,#1725,#807,.T.);
#2237=EDGE_CURVE('',#1726,#1725,#1377,.T.);
#2238=EDGE_CURVE('',#1693,#1726,#808,.T.);
#2239=EDGE_CURVE('',#1727,#1726,#1378,.T.);
#2240=EDGE_CURVE('',#1694,#1727,#809,.T.);
#2241=EDGE_CURVE('',#1728,#1727,#1379,.T.);
#2242=EDGE_CURVE('',#1695,#1728,#810,.T.);
#2243=EDGE_CURVE('',#1729,#1728,#1380,.T.);
#2244=EDGE_CURVE('',#1696,#1729,#811,.T.);
#2245=EDGE_CURVE('',#1730,#1729,#1381,.T.);
#2246=EDGE_CURVE('',#1697,#1730,#812,.T.);
#2247=EDGE_CURVE('',#1731,#1730,#1382,.T.);
#2248=EDGE_CURVE('',#1698,#1731,#813,.T.);
#2249=EDGE_CURVE('',#1732,#1731,#1383,.T.);
#2250=EDGE_CURVE('',#1699,#1732,#814,.T.);
#2251=EDGE_CURVE('',#1733,#1732,#1384,.T.);
#2252=EDGE_CURVE('',#1700,#1733,#815,.T.);
#2253=EDGE_CURVE('',#1734,#1733,#1385,.T.);
#2254=EDGE_CURVE('',#1701,#1734,#816,.T.);
#2255=EDGE_CURVE('',#1719,#1734,#1386,.T.);
#2256=EDGE_CURVE('',#1703,#1735,#817,.T.);
#2257=EDGE_CURVE('',#1736,#1735,#1387,.T.);
#2258=EDGE_CURVE('',#1702,#1736,#818,.T.);
#2259=EDGE_CURVE('',#1737,#1736,#1388,.T.);
#2260=EDGE_CURVE('',#1704,#1737,#819,.T.);
#2261=EDGE_CURVE('',#1738,#1737,#1389,.T.);
#2262=EDGE_CURVE('',#1705,#1738,#820,.T.);
#2263=EDGE_CURVE('',#1739,#1738,#1390,.T.);
#2264=EDGE_CURVE('',#1706,#1739,#821,.T.);
#2265=EDGE_CURVE('',#1740,#1739,#1391,.T.);
#2266=EDGE_CURVE('',#1707,#1740,#822,.T.);
#2267=EDGE_CURVE('',#1741,#1740,#1392,.T.);
#2268=EDGE_CURVE('',#1708,#1741,#823,.T.);
#2269=EDGE_CURVE('',#1742,#1741,#1393,.T.);
#2270=EDGE_CURVE('',#1709,#1742,#824,.T.);
#2271=EDGE_CURVE('',#1743,#1742,#1394,.T.);
#2272=EDGE_CURVE('',#1710,#1743,#825,.T.);
#2273=EDGE_CURVE('',#1735,#1743,#1395,.T.);
#2274=EDGE_CURVE('',#1712,#1744,#826,.T.);
#2275=EDGE_CURVE('',#1745,#1744,#1396,.T.);
#2276=EDGE_CURVE('',#1711,#1745,#827,.T.);
#2277=EDGE_CURVE('',#1746,#1745,#1397,.T.);
#2278=EDGE_CURVE('',#1713,#1746,#828,.T.);
#2279=EDGE_CURVE('',#1747,#1746,#1398,.T.);
#2280=EDGE_CURVE('',#1714,#1747,#829,.T.);
#2281=EDGE_CURVE('',#1748,#1747,#1399,.T.);
#2282=EDGE_CURVE('',#1715,#1748,#830,.T.);
#2283=EDGE_CURVE('',#1749,#1748,#1400,.T.);
#2284=EDGE_CURVE('',#1716,#1749,#831,.T.);
#2285=EDGE_CURVE('',#1750,#1749,#1401,.T.);
#2286=EDGE_CURVE('',#1717,#1750,#832,.T.);
#2287=EDGE_CURVE('',#1751,#1750,#1402,.T.);
#2288=EDGE_CURVE('',#1718,#1751,#833,.T.);
#2289=EDGE_CURVE('',#1744,#1751,#1403,.T.);
#2290=EDGE_CURVE('',#1752,#1753,#834,.T.);
#2291=EDGE_CURVE('',#1752,#1754,#835,.T.);
#2292=EDGE_CURVE('',#1755,#1754,#836,.T.);
#2293=EDGE_CURVE('',#1753,#1755,#837,.T.);
#2294=EDGE_CURVE('',#1753,#1756,#838,.T.);
#2295=EDGE_CURVE('',#1757,#1755,#839,.T.);
#2296=EDGE_CURVE('',#1756,#1757,#840,.T.);
#2297=EDGE_CURVE('',#1756,#1758,#841,.T.);
#2298=EDGE_CURVE('',#1759,#1757,#842,.T.);
#2299=EDGE_CURVE('',#1758,#1759,#843,.T.);
#2300=EDGE_CURVE('',#1758,#1760,#844,.T.);
#2301=EDGE_CURVE('',#1761,#1759,#845,.T.);
#2302=EDGE_CURVE('',#1760,#1761,#846,.T.);
#2303=EDGE_CURVE('',#1760,#1762,#847,.T.);
#2304=EDGE_CURVE('',#1763,#1761,#848,.T.);
#2305=EDGE_CURVE('',#1762,#1763,#849,.T.);
#2306=EDGE_CURVE('',#1762,#1764,#850,.T.);
#2307=EDGE_CURVE('',#1765,#1763,#851,.T.);
#2308=EDGE_CURVE('',#1764,#1765,#852,.T.);
#2309=EDGE_CURVE('',#1764,#1766,#853,.T.);
#2310=EDGE_CURVE('',#1767,#1765,#854,.T.);
#2311=EDGE_CURVE('',#1766,#1767,#855,.T.);
#2312=EDGE_CURVE('',#1766,#1752,#856,.T.);
#2313=EDGE_CURVE('',#1754,#1767,#857,.T.);
#2314=ORIENTED_EDGE('',*,*,#1768,.F.);
#2315=ORIENTED_EDGE('',*,*,#1769,.F.);
#2316=ORIENTED_EDGE('',*,*,#1770,.F.);
#2317=ORIENTED_EDGE('',*,*,#1771,.F.);
#2318=ORIENTED_EDGE('',*,*,#1772,.F.);
#2319=ORIENTED_EDGE('',*,*,#1773,.F.);
#2320=ORIENTED_EDGE('',*,*,#1774,.F.);
#2321=ORIENTED_EDGE('',*,*,#1775,.F.);
#2322=ORIENTED_EDGE('',*,*,#1776,.F.);
#2323=ORIENTED_EDGE('',*,*,#1777,.F.);
#2324=ORIENTED_EDGE('',*,*,#1778,.F.);
#2325=ORIENTED_EDGE('',*,*,#1779,.F.);
#2326=ORIENTED_EDGE('',*,*,#1780,.F.);
#2327=ORIENTED_EDGE('',*,*,#1781,.F.);
#2328=ORIENTED_EDGE('',*,*,#1782,.F.);
#2329=ORIENTED_EDGE('',*,*,#1783,.F.);
#2330=ORIENTED_EDGE('',*,*,#1784,.F.);
#2331=ORIENTED_EDGE('',*,*,#1785,.F.);
#2332=ORIENTED_EDGE('',*,*,#1786,.F.);
#2333=ORIENTED_EDGE('',*,*,#1787,.F.);
#2334=ORIENTED_EDGE('',*,*,#1788,.F.);
#2335=ORIENTED_EDGE('',*,*,#1789,.F.);
#2336=ORIENTED_EDGE('',*,*,#1790,.F.);
#2337=ORIENTED_EDGE('',*,*,#1791,.F.);
#2338=ORIENTED_EDGE('',*,*,#1792,.F.);
#2339=ORIENTED_EDGE('',*,*,#1793,.F.);
#2340=ORIENTED_EDGE('',*,*,#1794,.F.);
#2341=ORIENTED_EDGE('',*,*,#1795,.F.);
#2342=ORIENTED_EDGE('',*,*,#1796,.F.);
#2343=ORIENTED_EDGE('',*,*,#1797,.F.);
#2344=ORIENTED_EDGE('',*,*,#1768,.T.);
#2345=ORIENTED_EDGE('',*,*,#1798,.T.);
#2346=ORIENTED_EDGE('',*,*,#1799,.F.);
#2347=ORIENTED_EDGE('',*,*,#1800,.F.);
#2348=ORIENTED_EDGE('',*,*,#1769,.T.);
#2349=ORIENTED_EDGE('',*,*,#1800,.T.);
#2350=ORIENTED_EDGE('',*,*,#1801,.F.);
#2351=ORIENTED_EDGE('',*,*,#1802,.F.);
#2352=ORIENTED_EDGE('',*,*,#1770,.T.);
#2353=ORIENTED_EDGE('',*,*,#1802,.T.);
#2354=ORIENTED_EDGE('',*,*,#1803,.F.);
#2355=ORIENTED_EDGE('',*,*,#1804,.F.);
#2356=ORIENTED_EDGE('',*,*,#1771,.T.);
#2357=ORIENTED_EDGE('',*,*,#1804,.T.);
#2358=ORIENTED_EDGE('',*,*,#1805,.F.);
#2359=ORIENTED_EDGE('',*,*,#1806,.F.);
#2360=ORIENTED_EDGE('',*,*,#1772,.T.);
#2361=ORIENTED_EDGE('',*,*,#1806,.T.);
#2362=ORIENTED_EDGE('',*,*,#1807,.F.);
#2363=ORIENTED_EDGE('',*,*,#1808,.F.);
#2364=ORIENTED_EDGE('',*,*,#1773,.T.);
#2365=ORIENTED_EDGE('',*,*,#1808,.T.);
#2366=ORIENTED_EDGE('',*,*,#1809,.F.);
#2367=ORIENTED_EDGE('',*,*,#1810,.F.);
#2368=ORIENTED_EDGE('',*,*,#1774,.T.);
#2369=ORIENTED_EDGE('',*,*,#1810,.T.);
#2370=ORIENTED_EDGE('',*,*,#1811,.F.);
#2371=ORIENTED_EDGE('',*,*,#1812,.F.);
#2372=ORIENTED_EDGE('',*,*,#1775,.T.);
#2373=ORIENTED_EDGE('',*,*,#1812,.T.);
#2374=ORIENTED_EDGE('',*,*,#1813,.F.);
#2375=ORIENTED_EDGE('',*,*,#1814,.F.);
#2376=ORIENTED_EDGE('',*,*,#1776,.T.);
#2377=ORIENTED_EDGE('',*,*,#1814,.T.);
#2378=ORIENTED_EDGE('',*,*,#1815,.F.);
#2379=ORIENTED_EDGE('',*,*,#1816,.F.);
#2380=ORIENTED_EDGE('',*,*,#1777,.T.);
#2381=ORIENTED_EDGE('',*,*,#1816,.T.);
#2382=ORIENTED_EDGE('',*,*,#1817,.F.);
#2383=ORIENTED_EDGE('',*,*,#1818,.F.);
#2384=ORIENTED_EDGE('',*,*,#1778,.T.);
#2385=ORIENTED_EDGE('',*,*,#1818,.T.);
#2386=ORIENTED_EDGE('',*,*,#1819,.F.);
#2387=ORIENTED_EDGE('',*,*,#1820,.F.);
#2388=ORIENTED_EDGE('',*,*,#1779,.T.);
#2389=ORIENTED_EDGE('',*,*,#1820,.T.);
#2390=ORIENTED_EDGE('',*,*,#1821,.F.);
#2391=ORIENTED_EDGE('',*,*,#1822,.F.);
#2392=ORIENTED_EDGE('',*,*,#1780,.T.);
#2393=ORIENTED_EDGE('',*,*,#1822,.T.);
#2394=ORIENTED_EDGE('',*,*,#1823,.F.);
#2395=ORIENTED_EDGE('',*,*,#1824,.F.);
#2396=ORIENTED_EDGE('',*,*,#1781,.T.);
#2397=ORIENTED_EDGE('',*,*,#1824,.T.);
#2398=ORIENTED_EDGE('',*,*,#1825,.F.);
#2399=ORIENTED_EDGE('',*,*,#1826,.F.);
#2400=ORIENTED_EDGE('',*,*,#1782,.T.);
#2401=ORIENTED_EDGE('',*,*,#1826,.T.);
#2402=ORIENTED_EDGE('',*,*,#1827,.F.);
#2403=ORIENTED_EDGE('',*,*,#1828,.F.);
#2404=ORIENTED_EDGE('',*,*,#1783,.T.);
#2405=ORIENTED_EDGE('',*,*,#1828,.T.);
#2406=ORIENTED_EDGE('',*,*,#1829,.F.);
#2407=ORIENTED_EDGE('',*,*,#1830,.F.);
#2408=ORIENTED_EDGE('',*,*,#1784,.T.);
#2409=ORIENTED_EDGE('',*,*,#1830,.T.);
#2410=ORIENTED_EDGE('',*,*,#1831,.F.);
#2411=ORIENTED_EDGE('',*,*,#1832,.F.);
#2412=ORIENTED_EDGE('',*,*,#1785,.T.);
#2413=ORIENTED_EDGE('',*,*,#1832,.T.);
#2414=ORIENTED_EDGE('',*,*,#1833,.F.);
#2415=ORIENTED_EDGE('',*,*,#1834,.F.);
#2416=ORIENTED_EDGE('',*,*,#1786,.T.);
#2417=ORIENTED_EDGE('',*,*,#1834,.T.);
#2418=ORIENTED_EDGE('',*,*,#1835,.F.);
#2419=ORIENTED_EDGE('',*,*,#1836,.F.);
#2420=ORIENTED_EDGE('',*,*,#1787,.T.);
#2421=ORIENTED_EDGE('',*,*,#1836,.T.);
#2422=ORIENTED_EDGE('',*,*,#1837,.F.);
#2423=ORIENTED_EDGE('',*,*,#1838,.F.);
#2424=ORIENTED_EDGE('',*,*,#1788,.T.);
#2425=ORIENTED_EDGE('',*,*,#1838,.T.);
#2426=ORIENTED_EDGE('',*,*,#1839,.F.);
#2427=ORIENTED_EDGE('',*,*,#1840,.F.);
#2428=ORIENTED_EDGE('',*,*,#1789,.T.);
#2429=ORIENTED_EDGE('',*,*,#1840,.T.);
#2430=ORIENTED_EDGE('',*,*,#1841,.F.);
#2431=ORIENTED_EDGE('',*,*,#1798,.F.);
#2432=ORIENTED_EDGE('',*,*,#1790,.T.);
#2433=ORIENTED_EDGE('',*,*,#1842,.T.);
#2434=ORIENTED_EDGE('',*,*,#1843,.F.);
#2435=ORIENTED_EDGE('',*,*,#1844,.F.);
#2436=ORIENTED_EDGE('',*,*,#1791,.T.);
#2437=ORIENTED_EDGE('',*,*,#1844,.T.);
#2438=ORIENTED_EDGE('',*,*,#1845,.F.);
#2439=ORIENTED_EDGE('',*,*,#1846,.F.);
#2440=ORIENTED_EDGE('',*,*,#1792,.T.);
#2441=ORIENTED_EDGE('',*,*,#1846,.T.);
#2442=ORIENTED_EDGE('',*,*,#1847,.F.);
#2443=ORIENTED_EDGE('',*,*,#1848,.F.);
#2444=ORIENTED_EDGE('',*,*,#1793,.T.);
#2445=ORIENTED_EDGE('',*,*,#1848,.T.);
#2446=ORIENTED_EDGE('',*,*,#1849,.F.);
#2447=ORIENTED_EDGE('',*,*,#1850,.F.);
#2448=ORIENTED_EDGE('',*,*,#1794,.T.);
#2449=ORIENTED_EDGE('',*,*,#1850,.T.);
#2450=ORIENTED_EDGE('',*,*,#1851,.F.);
#2451=ORIENTED_EDGE('',*,*,#1852,.F.);
#2452=ORIENTED_EDGE('',*,*,#1795,.T.);
#2453=ORIENTED_EDGE('',*,*,#1852,.T.);
#2454=ORIENTED_EDGE('',*,*,#1853,.F.);
#2455=ORIENTED_EDGE('',*,*,#1854,.F.);
#2456=ORIENTED_EDGE('',*,*,#1796,.T.);
#2457=ORIENTED_EDGE('',*,*,#1854,.T.);
#2458=ORIENTED_EDGE('',*,*,#1855,.F.);
#2459=ORIENTED_EDGE('',*,*,#1856,.F.);
#2460=ORIENTED_EDGE('',*,*,#1797,.T.);
#2461=ORIENTED_EDGE('',*,*,#1856,.T.);
#2462=ORIENTED_EDGE('',*,*,#1857,.F.);
#2463=ORIENTED_EDGE('',*,*,#1842,.F.);
#2464=ORIENTED_EDGE('',*,*,#1858,.F.);
#2465=ORIENTED_EDGE('',*,*,#1859,.F.);
#2466=ORIENTED_EDGE('',*,*,#1860,.F.);
#2467=ORIENTED_EDGE('',*,*,#1861,.F.);
#2468=ORIENTED_EDGE('',*,*,#1862,.F.);
#2469=ORIENTED_EDGE('',*,*,#1863,.F.);
#2470=ORIENTED_EDGE('',*,*,#1864,.F.);
#2471=ORIENTED_EDGE('',*,*,#1865,.F.);
#2472=ORIENTED_EDGE('',*,*,#1866,.F.);
#2473=ORIENTED_EDGE('',*,*,#1867,.F.);
#2474=ORIENTED_EDGE('',*,*,#1868,.F.);
#2475=ORIENTED_EDGE('',*,*,#1858,.T.);
#2476=ORIENTED_EDGE('',*,*,#1869,.T.);
#2477=ORIENTED_EDGE('',*,*,#1870,.F.);
#2478=ORIENTED_EDGE('',*,*,#1871,.F.);
#2479=ORIENTED_EDGE('',*,*,#1859,.T.);
#2480=ORIENTED_EDGE('',*,*,#1871,.T.);
#2481=ORIENTED_EDGE('',*,*,#1872,.F.);
#2482=ORIENTED_EDGE('',*,*,#1873,.F.);
#2483=ORIENTED_EDGE('',*,*,#1860,.T.);
#2484=ORIENTED_EDGE('',*,*,#1873,.T.);
#2485=ORIENTED_EDGE('',*,*,#1874,.F.);
#2486=ORIENTED_EDGE('',*,*,#1875,.F.);
#2487=ORIENTED_EDGE('',*,*,#1861,.T.);
#2488=ORIENTED_EDGE('',*,*,#1875,.T.);
#2489=ORIENTED_EDGE('',*,*,#1876,.F.);
#2490=ORIENTED_EDGE('',*,*,#1877,.F.);
#2491=ORIENTED_EDGE('',*,*,#1862,.T.);
#2492=ORIENTED_EDGE('',*,*,#1877,.T.);
#2493=ORIENTED_EDGE('',*,*,#1878,.F.);
#2494=ORIENTED_EDGE('',*,*,#1879,.F.);
#2495=ORIENTED_EDGE('',*,*,#1863,.T.);
#2496=ORIENTED_EDGE('',*,*,#1879,.T.);
#2497=ORIENTED_EDGE('',*,*,#1880,.F.);
#2498=ORIENTED_EDGE('',*,*,#1881,.F.);
#2499=ORIENTED_EDGE('',*,*,#1864,.T.);
#2500=ORIENTED_EDGE('',*,*,#1881,.T.);
#2501=ORIENTED_EDGE('',*,*,#1882,.F.);
#2502=ORIENTED_EDGE('',*,*,#1883,.F.);
#2503=ORIENTED_EDGE('',*,*,#1865,.T.);
#2504=ORIENTED_EDGE('',*,*,#1883,.T.);
#2505=ORIENTED_EDGE('',*,*,#1884,.F.);
#2506=ORIENTED_EDGE('',*,*,#1885,.F.);
#2507=ORIENTED_EDGE('',*,*,#1866,.T.);
#2508=ORIENTED_EDGE('',*,*,#1885,.T.);
#2509=ORIENTED_EDGE('',*,*,#1886,.F.);
#2510=ORIENTED_EDGE('',*,*,#1887,.F.);
#2511=ORIENTED_EDGE('',*,*,#1867,.T.);
#2512=ORIENTED_EDGE('',*,*,#1887,.T.);
#2513=ORIENTED_EDGE('',*,*,#1888,.F.);
#2514=ORIENTED_EDGE('',*,*,#1889,.F.);
#2515=ORIENTED_EDGE('',*,*,#1868,.T.);
#2516=ORIENTED_EDGE('',*,*,#1889,.T.);
#2517=ORIENTED_EDGE('',*,*,#1890,.F.);
#2518=ORIENTED_EDGE('',*,*,#1869,.F.);
#2519=ORIENTED_EDGE('',*,*,#1891,.F.);
#2520=ORIENTED_EDGE('',*,*,#1892,.F.);
#2521=ORIENTED_EDGE('',*,*,#1893,.F.);
#2522=ORIENTED_EDGE('',*,*,#1894,.F.);
#2523=ORIENTED_EDGE('',*,*,#1895,.F.);
#2524=ORIENTED_EDGE('',*,*,#1896,.F.);
#2525=ORIENTED_EDGE('',*,*,#1897,.F.);
#2526=ORIENTED_EDGE('',*,*,#1898,.F.);
#2527=ORIENTED_EDGE('',*,*,#1899,.F.);
#2528=ORIENTED_EDGE('',*,*,#1900,.F.);
#2529=ORIENTED_EDGE('',*,*,#1901,.F.);
#2530=ORIENTED_EDGE('',*,*,#1902,.F.);
#2531=ORIENTED_EDGE('',*,*,#1903,.F.);
#2532=ORIENTED_EDGE('',*,*,#1904,.F.);
#2533=ORIENTED_EDGE('',*,*,#1905,.F.);
#2534=ORIENTED_EDGE('',*,*,#1906,.F.);
#2535=ORIENTED_EDGE('',*,*,#1907,.F.);
#2536=ORIENTED_EDGE('',*,*,#1908,.F.);
#2537=ORIENTED_EDGE('',*,*,#1909,.F.);
#2538=ORIENTED_EDGE('',*,*,#1910,.F.);
#2539=ORIENTED_EDGE('',*,*,#1911,.F.);
#2540=ORIENTED_EDGE('',*,*,#1912,.F.);
#2541=ORIENTED_EDGE('',*,*,#1913,.F.);
#2542=ORIENTED_EDGE('',*,*,#1914,.F.);
#2543=ORIENTED_EDGE('',*,*,#1915,.F.);
#2544=ORIENTED_EDGE('',*,*,#1916,.F.);
#2545=ORIENTED_EDGE('',*,*,#1917,.F.);
#2546=ORIENTED_EDGE('',*,*,#1918,.F.);
#2547=ORIENTED_EDGE('',*,*,#1891,.T.);
#2548=ORIENTED_EDGE('',*,*,#1919,.T.);
#2549=ORIENTED_EDGE('',*,*,#1920,.F.);
#2550=ORIENTED_EDGE('',*,*,#1921,.F.);
#2551=ORIENTED_EDGE('',*,*,#1892,.T.);
#2552=ORIENTED_EDGE('',*,*,#1921,.T.);
#2553=ORIENTED_EDGE('',*,*,#1922,.F.);
#2554=ORIENTED_EDGE('',*,*,#1923,.F.);
#2555=ORIENTED_EDGE('',*,*,#1893,.T.);
#2556=ORIENTED_EDGE('',*,*,#1923,.T.);
#2557=ORIENTED_EDGE('',*,*,#1924,.F.);
#2558=ORIENTED_EDGE('',*,*,#1925,.F.);
#2559=ORIENTED_EDGE('',*,*,#1894,.T.);
#2560=ORIENTED_EDGE('',*,*,#1925,.T.);
#2561=ORIENTED_EDGE('',*,*,#1926,.F.);
#2562=ORIENTED_EDGE('',*,*,#1927,.F.);
#2563=ORIENTED_EDGE('',*,*,#1895,.T.);
#2564=ORIENTED_EDGE('',*,*,#1927,.T.);
#2565=ORIENTED_EDGE('',*,*,#1928,.F.);
#2566=ORIENTED_EDGE('',*,*,#1929,.F.);
#2567=ORIENTED_EDGE('',*,*,#1896,.T.);
#2568=ORIENTED_EDGE('',*,*,#1929,.T.);
#2569=ORIENTED_EDGE('',*,*,#1930,.F.);
#2570=ORIENTED_EDGE('',*,*,#1931,.F.);
#2571=ORIENTED_EDGE('',*,*,#1897,.T.);
#2572=ORIENTED_EDGE('',*,*,#1931,.T.);
#2573=ORIENTED_EDGE('',*,*,#1932,.F.);
#2574=ORIENTED_EDGE('',*,*,#1933,.F.);
#2575=ORIENTED_EDGE('',*,*,#1898,.T.);
#2576=ORIENTED_EDGE('',*,*,#1933,.T.);
#2577=ORIENTED_EDGE('',*,*,#1934,.F.);
#2578=ORIENTED_EDGE('',*,*,#1935,.F.);
#2579=ORIENTED_EDGE('',*,*,#1899,.T.);
#2580=ORIENTED_EDGE('',*,*,#1935,.T.);
#2581=ORIENTED_EDGE('',*,*,#1936,.F.);
#2582=ORIENTED_EDGE('',*,*,#1937,.F.);
#2583=ORIENTED_EDGE('',*,*,#1900,.T.);
#2584=ORIENTED_EDGE('',*,*,#1937,.T.);
#2585=ORIENTED_EDGE('',*,*,#1938,.F.);
#2586=ORIENTED_EDGE('',*,*,#1939,.F.);
#2587=ORIENTED_EDGE('',*,*,#1901,.T.);
#2588=ORIENTED_EDGE('',*,*,#1939,.T.);
#2589=ORIENTED_EDGE('',*,*,#1940,.F.);
#2590=ORIENTED_EDGE('',*,*,#1941,.F.);
#2591=ORIENTED_EDGE('',*,*,#1902,.T.);
#2592=ORIENTED_EDGE('',*,*,#1941,.T.);
#2593=ORIENTED_EDGE('',*,*,#1942,.F.);
#2594=ORIENTED_EDGE('',*,*,#1943,.F.);
#2595=ORIENTED_EDGE('',*,*,#1903,.T.);
#2596=ORIENTED_EDGE('',*,*,#1943,.T.);
#2597=ORIENTED_EDGE('',*,*,#1944,.F.);
#2598=ORIENTED_EDGE('',*,*,#1945,.F.);
#2599=ORIENTED_EDGE('',*,*,#1904,.T.);
#2600=ORIENTED_EDGE('',*,*,#1945,.T.);
#2601=ORIENTED_EDGE('',*,*,#1946,.F.);
#2602=ORIENTED_EDGE('',*,*,#1947,.F.);
#2603=ORIENTED_EDGE('',*,*,#1905,.T.);
#2604=ORIENTED_EDGE('',*,*,#1947,.T.);
#2605=ORIENTED_EDGE('',*,*,#1948,.F.);
#2606=ORIENTED_EDGE('',*,*,#1949,.F.);
#2607=ORIENTED_EDGE('',*,*,#1906,.T.);
#2608=ORIENTED_EDGE('',*,*,#1949,.T.);
#2609=ORIENTED_EDGE('',*,*,#1950,.F.);
#2610=ORIENTED_EDGE('',*,*,#1951,.F.);
#2611=ORIENTED_EDGE('',*,*,#1907,.T.);
#2612=ORIENTED_EDGE('',*,*,#1951,.T.);
#2613=ORIENTED_EDGE('',*,*,#1952,.F.);
#2614=ORIENTED_EDGE('',*,*,#1953,.F.);
#2615=ORIENTED_EDGE('',*,*,#1908,.T.);
#2616=ORIENTED_EDGE('',*,*,#1953,.T.);
#2617=ORIENTED_EDGE('',*,*,#1954,.F.);
#2618=ORIENTED_EDGE('',*,*,#1955,.F.);
#2619=ORIENTED_EDGE('',*,*,#1909,.T.);
#2620=ORIENTED_EDGE('',*,*,#1955,.T.);
#2621=ORIENTED_EDGE('',*,*,#1956,.F.);
#2622=ORIENTED_EDGE('',*,*,#1957,.F.);
#2623=ORIENTED_EDGE('',*,*,#1910,.T.);
#2624=ORIENTED_EDGE('',*,*,#1957,.T.);
#2625=ORIENTED_EDGE('',*,*,#1958,.F.);
#2626=ORIENTED_EDGE('',*,*,#1959,.F.);
#2627=ORIENTED_EDGE('',*,*,#1911,.T.);
#2628=ORIENTED_EDGE('',*,*,#1959,.T.);
#2629=ORIENTED_EDGE('',*,*,#1960,.F.);
#2630=ORIENTED_EDGE('',*,*,#1961,.F.);
#2631=ORIENTED_EDGE('',*,*,#1912,.T.);
#2632=ORIENTED_EDGE('',*,*,#1961,.T.);
#2633=ORIENTED_EDGE('',*,*,#1962,.F.);
#2634=ORIENTED_EDGE('',*,*,#1963,.F.);
#2635=ORIENTED_EDGE('',*,*,#1913,.T.);
#2636=ORIENTED_EDGE('',*,*,#1963,.T.);
#2637=ORIENTED_EDGE('',*,*,#1964,.F.);
#2638=ORIENTED_EDGE('',*,*,#1965,.F.);
#2639=ORIENTED_EDGE('',*,*,#1914,.T.);
#2640=ORIENTED_EDGE('',*,*,#1965,.T.);
#2641=ORIENTED_EDGE('',*,*,#1966,.F.);
#2642=ORIENTED_EDGE('',*,*,#1967,.F.);
#2643=ORIENTED_EDGE('',*,*,#1915,.T.);
#2644=ORIENTED_EDGE('',*,*,#1967,.T.);
#2645=ORIENTED_EDGE('',*,*,#1968,.F.);
#2646=ORIENTED_EDGE('',*,*,#1969,.F.);
#2647=ORIENTED_EDGE('',*,*,#1916,.T.);
#2648=ORIENTED_EDGE('',*,*,#1969,.T.);
#2649=ORIENTED_EDGE('',*,*,#1970,.F.);
#2650=ORIENTED_EDGE('',*,*,#1971,.F.);
#2651=ORIENTED_EDGE('',*,*,#1917,.T.);
#2652=ORIENTED_EDGE('',*,*,#1971,.T.);
#2653=ORIENTED_EDGE('',*,*,#1972,.F.);
#2654=ORIENTED_EDGE('',*,*,#1973,.F.);
#2655=ORIENTED_EDGE('',*,*,#1918,.T.);
#2656=ORIENTED_EDGE('',*,*,#1973,.T.);
#2657=ORIENTED_EDGE('',*,*,#1974,.F.);
#2658=ORIENTED_EDGE('',*,*,#1919,.F.);
#2659=ORIENTED_EDGE('',*,*,#1975,.F.);
#2660=ORIENTED_EDGE('',*,*,#1976,.F.);
#2661=ORIENTED_EDGE('',*,*,#1977,.F.);
#2662=ORIENTED_EDGE('',*,*,#1978,.F.);
#2663=ORIENTED_EDGE('',*,*,#1979,.F.);
#2664=ORIENTED_EDGE('',*,*,#1980,.F.);
#2665=ORIENTED_EDGE('',*,*,#1981,.F.);
#2666=ORIENTED_EDGE('',*,*,#1982,.F.);
#2667=ORIENTED_EDGE('',*,*,#1983,.F.);
#2668=ORIENTED_EDGE('',*,*,#1975,.T.);
#2669=ORIENTED_EDGE('',*,*,#1984,.T.);
#2670=ORIENTED_EDGE('',*,*,#1985,.F.);
#2671=ORIENTED_EDGE('',*,*,#1986,.F.);
#2672=ORIENTED_EDGE('',*,*,#1976,.T.);
#2673=ORIENTED_EDGE('',*,*,#1986,.T.);
#2674=ORIENTED_EDGE('',*,*,#1987,.F.);
#2675=ORIENTED_EDGE('',*,*,#1988,.F.);
#2676=ORIENTED_EDGE('',*,*,#1977,.T.);
#2677=ORIENTED_EDGE('',*,*,#1988,.T.);
#2678=ORIENTED_EDGE('',*,*,#1989,.F.);
#2679=ORIENTED_EDGE('',*,*,#1990,.F.);
#2680=ORIENTED_EDGE('',*,*,#1978,.T.);
#2681=ORIENTED_EDGE('',*,*,#1990,.T.);
#2682=ORIENTED_EDGE('',*,*,#1991,.F.);
#2683=ORIENTED_EDGE('',*,*,#1992,.F.);
#2684=ORIENTED_EDGE('',*,*,#1979,.T.);
#2685=ORIENTED_EDGE('',*,*,#1992,.T.);
#2686=ORIENTED_EDGE('',*,*,#1993,.F.);
#2687=ORIENTED_EDGE('',*,*,#1994,.F.);
#2688=ORIENTED_EDGE('',*,*,#1980,.T.);
#2689=ORIENTED_EDGE('',*,*,#1994,.T.);
#2690=ORIENTED_EDGE('',*,*,#1995,.F.);
#2691=ORIENTED_EDGE('',*,*,#1996,.F.);
#2692=ORIENTED_EDGE('',*,*,#1981,.T.);
#2693=ORIENTED_EDGE('',*,*,#1996,.T.);
#2694=ORIENTED_EDGE('',*,*,#1997,.F.);
#2695=ORIENTED_EDGE('',*,*,#1998,.F.);
#2696=ORIENTED_EDGE('',*,*,#1982,.T.);
#2697=ORIENTED_EDGE('',*,*,#1998,.T.);
#2698=ORIENTED_EDGE('',*,*,#1999,.F.);
#2699=ORIENTED_EDGE('',*,*,#2000,.F.);
#2700=ORIENTED_EDGE('',*,*,#1983,.T.);
#2701=ORIENTED_EDGE('',*,*,#2000,.T.);
#2702=ORIENTED_EDGE('',*,*,#2001,.F.);
#2703=ORIENTED_EDGE('',*,*,#1984,.F.);
#2704=ORIENTED_EDGE('',*,*,#2002,.F.);
#2705=ORIENTED_EDGE('',*,*,#2003,.F.);
#2706=ORIENTED_EDGE('',*,*,#2004,.F.);
#2707=ORIENTED_EDGE('',*,*,#2005,.F.);
#2708=ORIENTED_EDGE('',*,*,#2006,.F.);
#2709=ORIENTED_EDGE('',*,*,#2007,.F.);
#2710=ORIENTED_EDGE('',*,*,#2008,.F.);
#2711=ORIENTED_EDGE('',*,*,#2009,.F.);
#2712=ORIENTED_EDGE('',*,*,#2010,.F.);
#2713=ORIENTED_EDGE('',*,*,#2002,.T.);
#2714=ORIENTED_EDGE('',*,*,#2011,.T.);
#2715=ORIENTED_EDGE('',*,*,#2012,.F.);
#2716=ORIENTED_EDGE('',*,*,#2013,.F.);
#2717=ORIENTED_EDGE('',*,*,#2003,.T.);
#2718=ORIENTED_EDGE('',*,*,#2013,.T.);
#2719=ORIENTED_EDGE('',*,*,#2014,.F.);
#2720=ORIENTED_EDGE('',*,*,#2015,.F.);
#2721=ORIENTED_EDGE('',*,*,#2004,.T.);
#2722=ORIENTED_EDGE('',*,*,#2015,.T.);
#2723=ORIENTED_EDGE('',*,*,#2016,.F.);
#2724=ORIENTED_EDGE('',*,*,#2017,.F.);
#2725=ORIENTED_EDGE('',*,*,#2005,.T.);
#2726=ORIENTED_EDGE('',*,*,#2017,.T.);
#2727=ORIENTED_EDGE('',*,*,#2018,.F.);
#2728=ORIENTED_EDGE('',*,*,#2019,.F.);
#2729=ORIENTED_EDGE('',*,*,#2006,.T.);
#2730=ORIENTED_EDGE('',*,*,#2019,.T.);
#2731=ORIENTED_EDGE('',*,*,#2020,.F.);
#2732=ORIENTED_EDGE('',*,*,#2021,.F.);
#2733=ORIENTED_EDGE('',*,*,#2007,.T.);
#2734=ORIENTED_EDGE('',*,*,#2021,.T.);
#2735=ORIENTED_EDGE('',*,*,#2022,.F.);
#2736=ORIENTED_EDGE('',*,*,#2023,.F.);
#2737=ORIENTED_EDGE('',*,*,#2008,.T.);
#2738=ORIENTED_EDGE('',*,*,#2023,.T.);
#2739=ORIENTED_EDGE('',*,*,#2024,.F.);
#2740=ORIENTED_EDGE('',*,*,#2025,.F.);
#2741=ORIENTED_EDGE('',*,*,#2009,.T.);
#2742=ORIENTED_EDGE('',*,*,#2025,.T.);
#2743=ORIENTED_EDGE('',*,*,#2026,.F.);
#2744=ORIENTED_EDGE('',*,*,#2027,.F.);
#2745=ORIENTED_EDGE('',*,*,#2010,.T.);
#2746=ORIENTED_EDGE('',*,*,#2027,.T.);
#2747=ORIENTED_EDGE('',*,*,#2028,.F.);
#2748=ORIENTED_EDGE('',*,*,#2011,.F.);
#2749=ORIENTED_EDGE('',*,*,#2029,.F.);
#2750=ORIENTED_EDGE('',*,*,#2030,.F.);
#2751=ORIENTED_EDGE('',*,*,#2031,.F.);
#2752=ORIENTED_EDGE('',*,*,#2032,.F.);
#2753=ORIENTED_EDGE('',*,*,#2033,.F.);
#2754=ORIENTED_EDGE('',*,*,#2034,.F.);
#2755=ORIENTED_EDGE('',*,*,#2035,.F.);
#2756=ORIENTED_EDGE('',*,*,#2036,.F.);
#2757=ORIENTED_EDGE('',*,*,#2037,.F.);
#2758=ORIENTED_EDGE('',*,*,#2038,.F.);
#2759=ORIENTED_EDGE('',*,*,#2039,.F.);
#2760=ORIENTED_EDGE('',*,*,#2040,.F.);
#2761=ORIENTED_EDGE('',*,*,#2041,.F.);
#2762=ORIENTED_EDGE('',*,*,#2042,.F.);
#2763=ORIENTED_EDGE('',*,*,#2043,.F.);
#2764=ORIENTED_EDGE('',*,*,#2044,.F.);
#2765=ORIENTED_EDGE('',*,*,#2045,.F.);
#2766=ORIENTED_EDGE('',*,*,#2046,.F.);
#2767=ORIENTED_EDGE('',*,*,#2047,.F.);
#2768=ORIENTED_EDGE('',*,*,#2048,.F.);
#2769=ORIENTED_EDGE('',*,*,#2049,.F.);
#2770=ORIENTED_EDGE('',*,*,#2050,.F.);
#2771=ORIENTED_EDGE('',*,*,#2051,.F.);
#2772=ORIENTED_EDGE('',*,*,#2052,.F.);
#2773=ORIENTED_EDGE('',*,*,#2053,.F.);
#2774=ORIENTED_EDGE('',*,*,#2054,.F.);
#2775=ORIENTED_EDGE('',*,*,#2055,.F.);
#2776=ORIENTED_EDGE('',*,*,#2056,.F.);
#2777=ORIENTED_EDGE('',*,*,#2029,.T.);
#2778=ORIENTED_EDGE('',*,*,#2057,.T.);
#2779=ORIENTED_EDGE('',*,*,#2058,.F.);
#2780=ORIENTED_EDGE('',*,*,#2059,.F.);
#2781=ORIENTED_EDGE('',*,*,#2030,.T.);
#2782=ORIENTED_EDGE('',*,*,#2059,.T.);
#2783=ORIENTED_EDGE('',*,*,#2060,.F.);
#2784=ORIENTED_EDGE('',*,*,#2061,.F.);
#2785=ORIENTED_EDGE('',*,*,#2031,.T.);
#2786=ORIENTED_EDGE('',*,*,#2061,.T.);
#2787=ORIENTED_EDGE('',*,*,#2062,.F.);
#2788=ORIENTED_EDGE('',*,*,#2063,.F.);
#2789=ORIENTED_EDGE('',*,*,#2032,.T.);
#2790=ORIENTED_EDGE('',*,*,#2063,.T.);
#2791=ORIENTED_EDGE('',*,*,#2064,.F.);
#2792=ORIENTED_EDGE('',*,*,#2065,.F.);
#2793=ORIENTED_EDGE('',*,*,#2033,.T.);
#2794=ORIENTED_EDGE('',*,*,#2065,.T.);
#2795=ORIENTED_EDGE('',*,*,#2066,.F.);
#2796=ORIENTED_EDGE('',*,*,#2067,.F.);
#2797=ORIENTED_EDGE('',*,*,#2034,.T.);
#2798=ORIENTED_EDGE('',*,*,#2067,.T.);
#2799=ORIENTED_EDGE('',*,*,#2068,.F.);
#2800=ORIENTED_EDGE('',*,*,#2069,.F.);
#2801=ORIENTED_EDGE('',*,*,#2035,.T.);
#2802=ORIENTED_EDGE('',*,*,#2069,.T.);
#2803=ORIENTED_EDGE('',*,*,#2070,.F.);
#2804=ORIENTED_EDGE('',*,*,#2071,.F.);
#2805=ORIENTED_EDGE('',*,*,#2036,.T.);
#2806=ORIENTED_EDGE('',*,*,#2071,.T.);
#2807=ORIENTED_EDGE('',*,*,#2072,.F.);
#2808=ORIENTED_EDGE('',*,*,#2073,.F.);
#2809=ORIENTED_EDGE('',*,*,#2037,.T.);
#2810=ORIENTED_EDGE('',*,*,#2073,.T.);
#2811=ORIENTED_EDGE('',*,*,#2074,.F.);
#2812=ORIENTED_EDGE('',*,*,#2075,.F.);
#2813=ORIENTED_EDGE('',*,*,#2038,.T.);
#2814=ORIENTED_EDGE('',*,*,#2075,.T.);
#2815=ORIENTED_EDGE('',*,*,#2076,.F.);
#2816=ORIENTED_EDGE('',*,*,#2077,.F.);
#2817=ORIENTED_EDGE('',*,*,#2039,.T.);
#2818=ORIENTED_EDGE('',*,*,#2077,.T.);
#2819=ORIENTED_EDGE('',*,*,#2078,.F.);
#2820=ORIENTED_EDGE('',*,*,#2079,.F.);
#2821=ORIENTED_EDGE('',*,*,#2040,.T.);
#2822=ORIENTED_EDGE('',*,*,#2079,.T.);
#2823=ORIENTED_EDGE('',*,*,#2080,.F.);
#2824=ORIENTED_EDGE('',*,*,#2081,.F.);
#2825=ORIENTED_EDGE('',*,*,#2041,.T.);
#2826=ORIENTED_EDGE('',*,*,#2081,.T.);
#2827=ORIENTED_EDGE('',*,*,#2082,.F.);
#2828=ORIENTED_EDGE('',*,*,#2083,.F.);
#2829=ORIENTED_EDGE('',*,*,#2042,.T.);
#2830=ORIENTED_EDGE('',*,*,#2083,.T.);
#2831=ORIENTED_EDGE('',*,*,#2084,.F.);
#2832=ORIENTED_EDGE('',*,*,#2085,.F.);
#2833=ORIENTED_EDGE('',*,*,#2043,.T.);
#2834=ORIENTED_EDGE('',*,*,#2085,.T.);
#2835=ORIENTED_EDGE('',*,*,#2086,.F.);
#2836=ORIENTED_EDGE('',*,*,#2087,.F.);
#2837=ORIENTED_EDGE('',*,*,#2044,.T.);
#2838=ORIENTED_EDGE('',*,*,#2087,.T.);
#2839=ORIENTED_EDGE('',*,*,#2088,.F.);
#2840=ORIENTED_EDGE('',*,*,#2089,.F.);
#2841=ORIENTED_EDGE('',*,*,#2045,.T.);
#2842=ORIENTED_EDGE('',*,*,#2089,.T.);
#2843=ORIENTED_EDGE('',*,*,#2090,.F.);
#2844=ORIENTED_EDGE('',*,*,#2091,.F.);
#2845=ORIENTED_EDGE('',*,*,#2046,.T.);
#2846=ORIENTED_EDGE('',*,*,#2091,.T.);
#2847=ORIENTED_EDGE('',*,*,#2092,.F.);
#2848=ORIENTED_EDGE('',*,*,#2093,.F.);
#2849=ORIENTED_EDGE('',*,*,#2047,.T.);
#2850=ORIENTED_EDGE('',*,*,#2093,.T.);
#2851=ORIENTED_EDGE('',*,*,#2094,.F.);
#2852=ORIENTED_EDGE('',*,*,#2095,.F.);
#2853=ORIENTED_EDGE('',*,*,#2048,.T.);
#2854=ORIENTED_EDGE('',*,*,#2095,.T.);
#2855=ORIENTED_EDGE('',*,*,#2096,.F.);
#2856=ORIENTED_EDGE('',*,*,#2097,.F.);
#2857=ORIENTED_EDGE('',*,*,#2049,.T.);
#2858=ORIENTED_EDGE('',*,*,#2097,.T.);
#2859=ORIENTED_EDGE('',*,*,#2098,.F.);
#2860=ORIENTED_EDGE('',*,*,#2099,.F.);
#2861=ORIENTED_EDGE('',*,*,#2050,.T.);
#2862=ORIENTED_EDGE('',*,*,#2099,.T.);
#2863=ORIENTED_EDGE('',*,*,#2100,.F.);
#2864=ORIENTED_EDGE('',*,*,#2101,.F.);
#2865=ORIENTED_EDGE('',*,*,#2051,.T.);
#2866=ORIENTED_EDGE('',*,*,#2101,.T.);
#2867=ORIENTED_EDGE('',*,*,#2102,.F.);
#2868=ORIENTED_EDGE('',*,*,#2103,.F.);
#2869=ORIENTED_EDGE('',*,*,#2052,.T.);
#2870=ORIENTED_EDGE('',*,*,#2103,.T.);
#2871=ORIENTED_EDGE('',*,*,#2104,.F.);
#2872=ORIENTED_EDGE('',*,*,#2105,.F.);
#2873=ORIENTED_EDGE('',*,*,#2053,.T.);
#2874=ORIENTED_EDGE('',*,*,#2105,.T.);
#2875=ORIENTED_EDGE('',*,*,#2106,.F.);
#2876=ORIENTED_EDGE('',*,*,#2107,.F.);
#2877=ORIENTED_EDGE('',*,*,#2054,.T.);
#2878=ORIENTED_EDGE('',*,*,#2107,.T.);
#2879=ORIENTED_EDGE('',*,*,#2108,.F.);
#2880=ORIENTED_EDGE('',*,*,#2109,.F.);
#2881=ORIENTED_EDGE('',*,*,#2055,.T.);
#2882=ORIENTED_EDGE('',*,*,#2109,.T.);
#2883=ORIENTED_EDGE('',*,*,#2110,.F.);
#2884=ORIENTED_EDGE('',*,*,#2111,.F.);
#2885=ORIENTED_EDGE('',*,*,#2056,.T.);
#2886=ORIENTED_EDGE('',*,*,#2111,.T.);
#2887=ORIENTED_EDGE('',*,*,#2112,.F.);
#2888=ORIENTED_EDGE('',*,*,#2057,.F.);
#2889=ORIENTED_EDGE('',*,*,#2113,.F.);
#2890=ORIENTED_EDGE('',*,*,#2114,.F.);
#2891=ORIENTED_EDGE('',*,*,#2115,.F.);
#2892=ORIENTED_EDGE('',*,*,#2116,.F.);
#2893=ORIENTED_EDGE('',*,*,#2117,.F.);
#2894=ORIENTED_EDGE('',*,*,#2118,.F.);
#2895=ORIENTED_EDGE('',*,*,#2119,.F.);
#2896=ORIENTED_EDGE('',*,*,#2120,.F.);
#2897=ORIENTED_EDGE('',*,*,#2121,.F.);
#2898=ORIENTED_EDGE('',*,*,#2122,.F.);
#2899=ORIENTED_EDGE('',*,*,#2123,.F.);
#2900=ORIENTED_EDGE('',*,*,#2124,.F.);
#2901=ORIENTED_EDGE('',*,*,#2125,.F.);
#2902=ORIENTED_EDGE('',*,*,#2126,.F.);
#2903=ORIENTED_EDGE('',*,*,#2127,.F.);
#2904=ORIENTED_EDGE('',*,*,#2128,.F.);
#2905=ORIENTED_EDGE('',*,*,#2129,.F.);
#2906=ORIENTED_EDGE('',*,*,#2130,.F.);
#2907=ORIENTED_EDGE('',*,*,#2131,.F.);
#2908=ORIENTED_EDGE('',*,*,#2132,.F.);
#2909=ORIENTED_EDGE('',*,*,#2133,.F.);
#2910=ORIENTED_EDGE('',*,*,#2134,.F.);
#2911=ORIENTED_EDGE('',*,*,#2113,.T.);
#2912=ORIENTED_EDGE('',*,*,#2135,.T.);
#2913=ORIENTED_EDGE('',*,*,#2136,.F.);
#2914=ORIENTED_EDGE('',*,*,#2137,.F.);
#2915=ORIENTED_EDGE('',*,*,#2114,.T.);
#2916=ORIENTED_EDGE('',*,*,#2137,.T.);
#2917=ORIENTED_EDGE('',*,*,#2138,.F.);
#2918=ORIENTED_EDGE('',*,*,#2139,.F.);
#2919=ORIENTED_EDGE('',*,*,#2115,.T.);
#2920=ORIENTED_EDGE('',*,*,#2139,.T.);
#2921=ORIENTED_EDGE('',*,*,#2140,.F.);
#2922=ORIENTED_EDGE('',*,*,#2141,.F.);
#2923=ORIENTED_EDGE('',*,*,#2116,.T.);
#2924=ORIENTED_EDGE('',*,*,#2141,.T.);
#2925=ORIENTED_EDGE('',*,*,#2142,.F.);
#2926=ORIENTED_EDGE('',*,*,#2143,.F.);
#2927=ORIENTED_EDGE('',*,*,#2117,.T.);
#2928=ORIENTED_EDGE('',*,*,#2143,.T.);
#2929=ORIENTED_EDGE('',*,*,#2144,.F.);
#2930=ORIENTED_EDGE('',*,*,#2145,.F.);
#2931=ORIENTED_EDGE('',*,*,#2118,.T.);
#2932=ORIENTED_EDGE('',*,*,#2145,.T.);
#2933=ORIENTED_EDGE('',*,*,#2146,.F.);
#2934=ORIENTED_EDGE('',*,*,#2147,.F.);
#2935=ORIENTED_EDGE('',*,*,#2119,.T.);
#2936=ORIENTED_EDGE('',*,*,#2147,.T.);
#2937=ORIENTED_EDGE('',*,*,#2148,.F.);
#2938=ORIENTED_EDGE('',*,*,#2149,.F.);
#2939=ORIENTED_EDGE('',*,*,#2120,.T.);
#2940=ORIENTED_EDGE('',*,*,#2149,.T.);
#2941=ORIENTED_EDGE('',*,*,#2150,.F.);
#2942=ORIENTED_EDGE('',*,*,#2151,.F.);
#2943=ORIENTED_EDGE('',*,*,#2121,.T.);
#2944=ORIENTED_EDGE('',*,*,#2151,.T.);
#2945=ORIENTED_EDGE('',*,*,#2152,.F.);
#2946=ORIENTED_EDGE('',*,*,#2153,.F.);
#2947=ORIENTED_EDGE('',*,*,#2122,.T.);
#2948=ORIENTED_EDGE('',*,*,#2153,.T.);
#2949=ORIENTED_EDGE('',*,*,#2154,.F.);
#2950=ORIENTED_EDGE('',*,*,#2155,.F.);
#2951=ORIENTED_EDGE('',*,*,#2123,.T.);
#2952=ORIENTED_EDGE('',*,*,#2155,.T.);
#2953=ORIENTED_EDGE('',*,*,#2156,.F.);
#2954=ORIENTED_EDGE('',*,*,#2157,.F.);
#2955=ORIENTED_EDGE('',*,*,#2124,.T.);
#2956=ORIENTED_EDGE('',*,*,#2157,.T.);
#2957=ORIENTED_EDGE('',*,*,#2158,.F.);
#2958=ORIENTED_EDGE('',*,*,#2159,.F.);
#2959=ORIENTED_EDGE('',*,*,#2125,.T.);
#2960=ORIENTED_EDGE('',*,*,#2159,.T.);
#2961=ORIENTED_EDGE('',*,*,#2160,.F.);
#2962=ORIENTED_EDGE('',*,*,#2161,.F.);
#2963=ORIENTED_EDGE('',*,*,#2126,.T.);
#2964=ORIENTED_EDGE('',*,*,#2161,.T.);
#2965=ORIENTED_EDGE('',*,*,#2162,.F.);
#2966=ORIENTED_EDGE('',*,*,#2163,.F.);
#2967=ORIENTED_EDGE('',*,*,#2127,.T.);
#2968=ORIENTED_EDGE('',*,*,#2163,.T.);
#2969=ORIENTED_EDGE('',*,*,#2164,.F.);
#2970=ORIENTED_EDGE('',*,*,#2165,.F.);
#2971=ORIENTED_EDGE('',*,*,#2128,.T.);
#2972=ORIENTED_EDGE('',*,*,#2165,.T.);
#2973=ORIENTED_EDGE('',*,*,#2166,.F.);
#2974=ORIENTED_EDGE('',*,*,#2167,.F.);
#2975=ORIENTED_EDGE('',*,*,#2129,.T.);
#2976=ORIENTED_EDGE('',*,*,#2167,.T.);
#2977=ORIENTED_EDGE('',*,*,#2168,.F.);
#2978=ORIENTED_EDGE('',*,*,#2169,.F.);
#2979=ORIENTED_EDGE('',*,*,#2130,.T.);
#2980=ORIENTED_EDGE('',*,*,#2169,.T.);
#2981=ORIENTED_EDGE('',*,*,#2170,.F.);
#2982=ORIENTED_EDGE('',*,*,#2171,.F.);
#2983=ORIENTED_EDGE('',*,*,#2131,.T.);
#2984=ORIENTED_EDGE('',*,*,#2171,.T.);
#2985=ORIENTED_EDGE('',*,*,#2172,.F.);
#2986=ORIENTED_EDGE('',*,*,#2173,.F.);
#2987=ORIENTED_EDGE('',*,*,#2132,.T.);
#2988=ORIENTED_EDGE('',*,*,#2173,.T.);
#2989=ORIENTED_EDGE('',*,*,#2174,.F.);
#2990=ORIENTED_EDGE('',*,*,#2175,.F.);
#2991=ORIENTED_EDGE('',*,*,#2133,.T.);
#2992=ORIENTED_EDGE('',*,*,#2175,.T.);
#2993=ORIENTED_EDGE('',*,*,#2176,.F.);
#2994=ORIENTED_EDGE('',*,*,#2177,.F.);
#2995=ORIENTED_EDGE('',*,*,#2134,.T.);
#2996=ORIENTED_EDGE('',*,*,#2177,.T.);
#2997=ORIENTED_EDGE('',*,*,#2178,.F.);
#2998=ORIENTED_EDGE('',*,*,#2135,.F.);
#2999=ORIENTED_EDGE('',*,*,#2179,.F.);
#3000=ORIENTED_EDGE('',*,*,#2180,.F.);
#3001=ORIENTED_EDGE('',*,*,#2181,.F.);
#3002=ORIENTED_EDGE('',*,*,#2182,.F.);
#3003=ORIENTED_EDGE('',*,*,#2179,.T.);
#3004=ORIENTED_EDGE('',*,*,#2183,.T.);
#3005=ORIENTED_EDGE('',*,*,#2184,.F.);
#3006=ORIENTED_EDGE('',*,*,#2185,.F.);
#3007=ORIENTED_EDGE('',*,*,#2180,.T.);
#3008=ORIENTED_EDGE('',*,*,#2185,.T.);
#3009=ORIENTED_EDGE('',*,*,#2186,.F.);
#3010=ORIENTED_EDGE('',*,*,#2187,.F.);
#3011=ORIENTED_EDGE('',*,*,#2181,.T.);
#3012=ORIENTED_EDGE('',*,*,#2187,.T.);
#3013=ORIENTED_EDGE('',*,*,#2188,.F.);
#3014=ORIENTED_EDGE('',*,*,#2189,.F.);
#3015=ORIENTED_EDGE('',*,*,#2182,.T.);
#3016=ORIENTED_EDGE('',*,*,#2189,.T.);
#3017=ORIENTED_EDGE('',*,*,#2190,.F.);
#3018=ORIENTED_EDGE('',*,*,#2183,.F.);
#3019=ORIENTED_EDGE('',*,*,#2191,.F.);
#3020=ORIENTED_EDGE('',*,*,#2192,.F.);
#3021=ORIENTED_EDGE('',*,*,#2193,.F.);
#3022=ORIENTED_EDGE('',*,*,#2194,.F.);
#3023=ORIENTED_EDGE('',*,*,#2195,.F.);
#3024=ORIENTED_EDGE('',*,*,#2196,.F.);
#3025=ORIENTED_EDGE('',*,*,#2197,.F.);
#3026=ORIENTED_EDGE('',*,*,#2198,.F.);
#3027=ORIENTED_EDGE('',*,*,#2199,.F.);
#3028=ORIENTED_EDGE('',*,*,#2200,.F.);
#3029=ORIENTED_EDGE('',*,*,#2201,.F.);
#3030=ORIENTED_EDGE('',*,*,#2202,.F.);
#3031=ORIENTED_EDGE('',*,*,#2203,.F.);
#3032=ORIENTED_EDGE('',*,*,#2204,.F.);
#3033=ORIENTED_EDGE('',*,*,#2205,.F.);
#3034=ORIENTED_EDGE('',*,*,#2206,.F.);
#3035=ORIENTED_EDGE('',*,*,#2207,.F.);
#3036=ORIENTED_EDGE('',*,*,#2208,.F.);
#3037=ORIENTED_EDGE('',*,*,#2209,.F.);
#3038=ORIENTED_EDGE('',*,*,#2210,.F.);
#3039=ORIENTED_EDGE('',*,*,#2211,.F.);
#3040=ORIENTED_EDGE('',*,*,#2212,.F.);
#3041=ORIENTED_EDGE('',*,*,#2213,.F.);
#3042=ORIENTED_EDGE('',*,*,#2214,.F.);
#3043=ORIENTED_EDGE('',*,*,#2215,.F.);
#3044=ORIENTED_EDGE('',*,*,#2216,.F.);
#3045=ORIENTED_EDGE('',*,*,#2217,.F.);
#3046=ORIENTED_EDGE('',*,*,#2218,.F.);
#3047=ORIENTED_EDGE('',*,*,#2219,.F.);
#3048=ORIENTED_EDGE('',*,*,#2220,.F.);
#3049=ORIENTED_EDGE('',*,*,#2221,.F.);
#3050=ORIENTED_EDGE('',*,*,#2222,.F.);
#3051=ORIENTED_EDGE('',*,*,#2223,.F.);
#3052=ORIENTED_EDGE('',*,*,#2191,.T.);
#3053=ORIENTED_EDGE('',*,*,#2224,.T.);
#3054=ORIENTED_EDGE('',*,*,#2225,.F.);
#3055=ORIENTED_EDGE('',*,*,#2226,.F.);
#3056=ORIENTED_EDGE('',*,*,#2192,.T.);
#3057=ORIENTED_EDGE('',*,*,#2226,.T.);
#3058=ORIENTED_EDGE('',*,*,#2227,.F.);
#3059=ORIENTED_EDGE('',*,*,#2228,.F.);
#3060=ORIENTED_EDGE('',*,*,#2193,.T.);
#3061=ORIENTED_EDGE('',*,*,#2228,.T.);
#3062=ORIENTED_EDGE('',*,*,#2229,.F.);
#3063=ORIENTED_EDGE('',*,*,#2230,.F.);
#3064=ORIENTED_EDGE('',*,*,#2194,.T.);
#3065=ORIENTED_EDGE('',*,*,#2230,.T.);
#3066=ORIENTED_EDGE('',*,*,#2231,.F.);
#3067=ORIENTED_EDGE('',*,*,#2232,.F.);
#3068=ORIENTED_EDGE('',*,*,#2195,.T.);
#3069=ORIENTED_EDGE('',*,*,#2232,.T.);
#3070=ORIENTED_EDGE('',*,*,#2233,.F.);
#3071=ORIENTED_EDGE('',*,*,#2234,.F.);
#3072=ORIENTED_EDGE('',*,*,#2196,.T.);
#3073=ORIENTED_EDGE('',*,*,#2234,.T.);
#3074=ORIENTED_EDGE('',*,*,#2235,.F.);
#3075=ORIENTED_EDGE('',*,*,#2236,.F.);
#3076=ORIENTED_EDGE('',*,*,#2197,.T.);
#3077=ORIENTED_EDGE('',*,*,#2236,.T.);
#3078=ORIENTED_EDGE('',*,*,#2237,.F.);
#3079=ORIENTED_EDGE('',*,*,#2238,.F.);
#3080=ORIENTED_EDGE('',*,*,#2198,.T.);
#3081=ORIENTED_EDGE('',*,*,#2238,.T.);
#3082=ORIENTED_EDGE('',*,*,#2239,.F.);
#3083=ORIENTED_EDGE('',*,*,#2240,.F.);
#3084=ORIENTED_EDGE('',*,*,#2199,.T.);
#3085=ORIENTED_EDGE('',*,*,#2240,.T.);
#3086=ORIENTED_EDGE('',*,*,#2241,.F.);
#3087=ORIENTED_EDGE('',*,*,#2242,.F.);
#3088=ORIENTED_EDGE('',*,*,#2200,.T.);
#3089=ORIENTED_EDGE('',*,*,#2242,.T.);
#3090=ORIENTED_EDGE('',*,*,#2243,.F.);
#3091=ORIENTED_EDGE('',*,*,#2244,.F.);
#3092=ORIENTED_EDGE('',*,*,#2201,.T.);
#3093=ORIENTED_EDGE('',*,*,#2244,.T.);
#3094=ORIENTED_EDGE('',*,*,#2245,.F.);
#3095=ORIENTED_EDGE('',*,*,#2246,.F.);
#3096=ORIENTED_EDGE('',*,*,#2202,.T.);
#3097=ORIENTED_EDGE('',*,*,#2246,.T.);
#3098=ORIENTED_EDGE('',*,*,#2247,.F.);
#3099=ORIENTED_EDGE('',*,*,#2248,.F.);
#3100=ORIENTED_EDGE('',*,*,#2203,.T.);
#3101=ORIENTED_EDGE('',*,*,#2248,.T.);
#3102=ORIENTED_EDGE('',*,*,#2249,.F.);
#3103=ORIENTED_EDGE('',*,*,#2250,.F.);
#3104=ORIENTED_EDGE('',*,*,#2204,.T.);
#3105=ORIENTED_EDGE('',*,*,#2250,.T.);
#3106=ORIENTED_EDGE('',*,*,#2251,.F.);
#3107=ORIENTED_EDGE('',*,*,#2252,.F.);
#3108=ORIENTED_EDGE('',*,*,#2205,.T.);
#3109=ORIENTED_EDGE('',*,*,#2252,.T.);
#3110=ORIENTED_EDGE('',*,*,#2253,.F.);
#3111=ORIENTED_EDGE('',*,*,#2254,.F.);
#3112=ORIENTED_EDGE('',*,*,#2206,.T.);
#3113=ORIENTED_EDGE('',*,*,#2254,.T.);
#3114=ORIENTED_EDGE('',*,*,#2255,.F.);
#3115=ORIENTED_EDGE('',*,*,#2224,.F.);
#3116=ORIENTED_EDGE('',*,*,#2207,.T.);
#3117=ORIENTED_EDGE('',*,*,#2256,.T.);
#3118=ORIENTED_EDGE('',*,*,#2257,.F.);
#3119=ORIENTED_EDGE('',*,*,#2258,.F.);
#3120=ORIENTED_EDGE('',*,*,#2208,.T.);
#3121=ORIENTED_EDGE('',*,*,#2258,.T.);
#3122=ORIENTED_EDGE('',*,*,#2259,.F.);
#3123=ORIENTED_EDGE('',*,*,#2260,.F.);
#3124=ORIENTED_EDGE('',*,*,#2209,.T.);
#3125=ORIENTED_EDGE('',*,*,#2260,.T.);
#3126=ORIENTED_EDGE('',*,*,#2261,.F.);
#3127=ORIENTED_EDGE('',*,*,#2262,.F.);
#3128=ORIENTED_EDGE('',*,*,#2210,.T.);
#3129=ORIENTED_EDGE('',*,*,#2262,.T.);
#3130=ORIENTED_EDGE('',*,*,#2263,.F.);
#3131=ORIENTED_EDGE('',*,*,#2264,.F.);
#3132=ORIENTED_EDGE('',*,*,#2211,.T.);
#3133=ORIENTED_EDGE('',*,*,#2264,.T.);
#3134=ORIENTED_EDGE('',*,*,#2265,.F.);
#3135=ORIENTED_EDGE('',*,*,#2266,.F.);
#3136=ORIENTED_EDGE('',*,*,#2212,.T.);
#3137=ORIENTED_EDGE('',*,*,#2266,.T.);
#3138=ORIENTED_EDGE('',*,*,#2267,.F.);
#3139=ORIENTED_EDGE('',*,*,#2268,.F.);
#3140=ORIENTED_EDGE('',*,*,#2213,.T.);
#3141=ORIENTED_EDGE('',*,*,#2268,.T.);
#3142=ORIENTED_EDGE('',*,*,#2269,.F.);
#3143=ORIENTED_EDGE('',*,*,#2270,.F.);
#3144=ORIENTED_EDGE('',*,*,#2214,.T.);
#3145=ORIENTED_EDGE('',*,*,#2270,.T.);
#3146=ORIENTED_EDGE('',*,*,#2271,.F.);
#3147=ORIENTED_EDGE('',*,*,#2272,.F.);
#3148=ORIENTED_EDGE('',*,*,#2215,.T.);
#3149=ORIENTED_EDGE('',*,*,#2272,.T.);
#3150=ORIENTED_EDGE('',*,*,#2273,.F.);
#3151=ORIENTED_EDGE('',*,*,#2256,.F.);
#3152=ORIENTED_EDGE('',*,*,#2216,.T.);
#3153=ORIENTED_EDGE('',*,*,#2274,.T.);
#3154=ORIENTED_EDGE('',*,*,#2275,.F.);
#3155=ORIENTED_EDGE('',*,*,#2276,.F.);
#3156=ORIENTED_EDGE('',*,*,#2217,.T.);
#3157=ORIENTED_EDGE('',*,*,#2276,.T.);
#3158=ORIENTED_EDGE('',*,*,#2277,.F.);
#3159=ORIENTED_EDGE('',*,*,#2278,.F.);
#3160=ORIENTED_EDGE('',*,*,#2218,.T.);
#3161=ORIENTED_EDGE('',*,*,#2278,.T.);
#3162=ORIENTED_EDGE('',*,*,#2279,.F.);
#3163=ORIENTED_EDGE('',*,*,#2280,.F.);
#3164=ORIENTED_EDGE('',*,*,#2219,.T.);
#3165=ORIENTED_EDGE('',*,*,#2280,.T.);
#3166=ORIENTED_EDGE('',*,*,#2281,.F.);
#3167=ORIENTED_EDGE('',*,*,#2282,.F.);
#3168=ORIENTED_EDGE('',*,*,#2220,.T.);
#3169=ORIENTED_EDGE('',*,*,#2282,.T.);
#3170=ORIENTED_EDGE('',*,*,#2283,.F.);
#3171=ORIENTED_EDGE('',*,*,#2284,.F.);
#3172=ORIENTED_EDGE('',*,*,#2221,.T.);
#3173=ORIENTED_EDGE('',*,*,#2284,.T.);
#3174=ORIENTED_EDGE('',*,*,#2285,.F.);
#3175=ORIENTED_EDGE('',*,*,#2286,.F.);
#3176=ORIENTED_EDGE('',*,*,#2222,.T.);
#3177=ORIENTED_EDGE('',*,*,#2286,.T.);
#3178=ORIENTED_EDGE('',*,*,#2287,.F.);
#3179=ORIENTED_EDGE('',*,*,#2288,.F.);
#3180=ORIENTED_EDGE('',*,*,#2223,.T.);
#3181=ORIENTED_EDGE('',*,*,#2288,.T.);
#3182=ORIENTED_EDGE('',*,*,#2289,.F.);
#3183=ORIENTED_EDGE('',*,*,#2274,.F.);
#3184=ORIENTED_EDGE('',*,*,#2275,.T.);
#3185=ORIENTED_EDGE('',*,*,#2289,.T.);
#3186=ORIENTED_EDGE('',*,*,#2287,.T.);
#3187=ORIENTED_EDGE('',*,*,#2285,.T.);
#3188=ORIENTED_EDGE('',*,*,#2283,.T.);
#3189=ORIENTED_EDGE('',*,*,#2281,.T.);
#3190=ORIENTED_EDGE('',*,*,#2279,.T.);
#3191=ORIENTED_EDGE('',*,*,#2277,.T.);
#3192=ORIENTED_EDGE('',*,*,#2257,.T.);
#3193=ORIENTED_EDGE('',*,*,#2273,.T.);
#3194=ORIENTED_EDGE('',*,*,#2271,.T.);
#3195=ORIENTED_EDGE('',*,*,#2269,.T.);
#3196=ORIENTED_EDGE('',*,*,#2267,.T.);
#3197=ORIENTED_EDGE('',*,*,#2265,.T.);
#3198=ORIENTED_EDGE('',*,*,#2263,.T.);
#3199=ORIENTED_EDGE('',*,*,#2261,.T.);
#3200=ORIENTED_EDGE('',*,*,#2259,.T.);
#3201=ORIENTED_EDGE('',*,*,#1843,.T.);
#3202=ORIENTED_EDGE('',*,*,#1857,.T.);
#3203=ORIENTED_EDGE('',*,*,#1855,.T.);
#3204=ORIENTED_EDGE('',*,*,#1853,.T.);
#3205=ORIENTED_EDGE('',*,*,#1851,.T.);
#3206=ORIENTED_EDGE('',*,*,#1849,.T.);
#3207=ORIENTED_EDGE('',*,*,#1847,.T.);
#3208=ORIENTED_EDGE('',*,*,#1845,.T.);
#3209=ORIENTED_EDGE('',*,*,#2290,.F.);
#3210=ORIENTED_EDGE('',*,*,#2291,.T.);
#3211=ORIENTED_EDGE('',*,*,#2292,.F.);
#3212=ORIENTED_EDGE('',*,*,#2293,.F.);
#3213=ORIENTED_EDGE('',*,*,#2294,.F.);
#3214=ORIENTED_EDGE('',*,*,#2293,.T.);
#3215=ORIENTED_EDGE('',*,*,#2295,.F.);
#3216=ORIENTED_EDGE('',*,*,#2296,.F.);
#3217=ORIENTED_EDGE('',*,*,#2297,.F.);
#3218=ORIENTED_EDGE('',*,*,#2296,.T.);
#3219=ORIENTED_EDGE('',*,*,#2298,.F.);
#3220=ORIENTED_EDGE('',*,*,#2299,.F.);
#3221=ORIENTED_EDGE('',*,*,#1799,.T.);
#3222=ORIENTED_EDGE('',*,*,#1841,.T.);
#3223=ORIENTED_EDGE('',*,*,#1839,.T.);
#3224=ORIENTED_EDGE('',*,*,#1837,.T.);
#3225=ORIENTED_EDGE('',*,*,#1835,.T.);
#3226=ORIENTED_EDGE('',*,*,#1833,.T.);
#3227=ORIENTED_EDGE('',*,*,#1831,.T.);
#3228=ORIENTED_EDGE('',*,*,#1829,.T.);
#3229=ORIENTED_EDGE('',*,*,#1827,.T.);
#3230=ORIENTED_EDGE('',*,*,#1825,.T.);
#3231=ORIENTED_EDGE('',*,*,#1823,.T.);
#3232=ORIENTED_EDGE('',*,*,#1821,.T.);
#3233=ORIENTED_EDGE('',*,*,#1819,.T.);
#3234=ORIENTED_EDGE('',*,*,#1817,.T.);
#3235=ORIENTED_EDGE('',*,*,#1815,.T.);
#3236=ORIENTED_EDGE('',*,*,#1813,.T.);
#3237=ORIENTED_EDGE('',*,*,#1811,.T.);
#3238=ORIENTED_EDGE('',*,*,#1809,.T.);
#3239=ORIENTED_EDGE('',*,*,#1807,.T.);
#3240=ORIENTED_EDGE('',*,*,#1805,.T.);
#3241=ORIENTED_EDGE('',*,*,#1803,.T.);
#3242=ORIENTED_EDGE('',*,*,#1801,.T.);
#3243=ORIENTED_EDGE('',*,*,#1870,.T.);
#3244=ORIENTED_EDGE('',*,*,#1890,.T.);
#3245=ORIENTED_EDGE('',*,*,#1888,.T.);
#3246=ORIENTED_EDGE('',*,*,#1886,.T.);
#3247=ORIENTED_EDGE('',*,*,#1884,.T.);
#3248=ORIENTED_EDGE('',*,*,#1882,.T.);
#3249=ORIENTED_EDGE('',*,*,#1880,.T.);
#3250=ORIENTED_EDGE('',*,*,#1878,.T.);
#3251=ORIENTED_EDGE('',*,*,#1876,.T.);
#3252=ORIENTED_EDGE('',*,*,#1874,.T.);
#3253=ORIENTED_EDGE('',*,*,#1872,.T.);
#3254=ORIENTED_EDGE('',*,*,#1920,.T.);
#3255=ORIENTED_EDGE('',*,*,#1974,.T.);
#3256=ORIENTED_EDGE('',*,*,#1972,.T.);
#3257=ORIENTED_EDGE('',*,*,#1970,.T.);
#3258=ORIENTED_EDGE('',*,*,#1968,.T.);
#3259=ORIENTED_EDGE('',*,*,#1966,.T.);
#3260=ORIENTED_EDGE('',*,*,#1964,.T.);
#3261=ORIENTED_EDGE('',*,*,#1962,.T.);
#3262=ORIENTED_EDGE('',*,*,#1960,.T.);
#3263=ORIENTED_EDGE('',*,*,#1958,.T.);
#3264=ORIENTED_EDGE('',*,*,#1956,.T.);
#3265=ORIENTED_EDGE('',*,*,#1954,.T.);
#3266=ORIENTED_EDGE('',*,*,#1952,.T.);
#3267=ORIENTED_EDGE('',*,*,#1950,.T.);
#3268=ORIENTED_EDGE('',*,*,#1948,.T.);
#3269=ORIENTED_EDGE('',*,*,#1946,.T.);
#3270=ORIENTED_EDGE('',*,*,#1944,.T.);
#3271=ORIENTED_EDGE('',*,*,#1942,.T.);
#3272=ORIENTED_EDGE('',*,*,#1940,.T.);
#3273=ORIENTED_EDGE('',*,*,#1938,.T.);
#3274=ORIENTED_EDGE('',*,*,#1936,.T.);
#3275=ORIENTED_EDGE('',*,*,#1934,.T.);
#3276=ORIENTED_EDGE('',*,*,#1932,.T.);
#3277=ORIENTED_EDGE('',*,*,#1930,.T.);
#3278=ORIENTED_EDGE('',*,*,#1928,.T.);
#3279=ORIENTED_EDGE('',*,*,#1926,.T.);
#3280=ORIENTED_EDGE('',*,*,#1924,.T.);
#3281=ORIENTED_EDGE('',*,*,#1922,.T.);
#3282=ORIENTED_EDGE('',*,*,#1985,.T.);
#3283=ORIENTED_EDGE('',*,*,#2001,.T.);
#3284=ORIENTED_EDGE('',*,*,#1999,.T.);
#3285=ORIENTED_EDGE('',*,*,#1997,.T.);
#3286=ORIENTED_EDGE('',*,*,#1995,.T.);
#3287=ORIENTED_EDGE('',*,*,#1993,.T.);
#3288=ORIENTED_EDGE('',*,*,#1991,.T.);
#3289=ORIENTED_EDGE('',*,*,#1989,.T.);
#3290=ORIENTED_EDGE('',*,*,#1987,.T.);
#3291=ORIENTED_EDGE('',*,*,#2012,.T.);
#3292=ORIENTED_EDGE('',*,*,#2028,.T.);
#3293=ORIENTED_EDGE('',*,*,#2026,.T.);
#3294=ORIENTED_EDGE('',*,*,#2024,.T.);
#3295=ORIENTED_EDGE('',*,*,#2022,.T.);
#3296=ORIENTED_EDGE('',*,*,#2020,.T.);
#3297=ORIENTED_EDGE('',*,*,#2018,.T.);
#3298=ORIENTED_EDGE('',*,*,#2016,.T.);
#3299=ORIENTED_EDGE('',*,*,#2014,.T.);
#3300=ORIENTED_EDGE('',*,*,#2058,.T.);
#3301=ORIENTED_EDGE('',*,*,#2112,.T.);
#3302=ORIENTED_EDGE('',*,*,#2110,.T.);
#3303=ORIENTED_EDGE('',*,*,#2108,.T.);
#3304=ORIENTED_EDGE('',*,*,#2106,.T.);
#3305=ORIENTED_EDGE('',*,*,#2104,.T.);
#3306=ORIENTED_EDGE('',*,*,#2102,.T.);
#3307=ORIENTED_EDGE('',*,*,#2100,.T.);
#3308=ORIENTED_EDGE('',*,*,#2098,.T.);
#3309=ORIENTED_EDGE('',*,*,#2096,.T.);
#3310=ORIENTED_EDGE('',*,*,#2094,.T.);
#3311=ORIENTED_EDGE('',*,*,#2092,.T.);
#3312=ORIENTED_EDGE('',*,*,#2090,.T.);
#3313=ORIENTED_EDGE('',*,*,#2088,.T.);
#3314=ORIENTED_EDGE('',*,*,#2086,.T.);
#3315=ORIENTED_EDGE('',*,*,#2084,.T.);
#3316=ORIENTED_EDGE('',*,*,#2082,.T.);
#3317=ORIENTED_EDGE('',*,*,#2080,.T.);
#3318=ORIENTED_EDGE('',*,*,#2078,.T.);
#3319=ORIENTED_EDGE('',*,*,#2076,.T.);
#3320=ORIENTED_EDGE('',*,*,#2074,.T.);
#3321=ORIENTED_EDGE('',*,*,#2072,.T.);
#3322=ORIENTED_EDGE('',*,*,#2070,.T.);
#3323=ORIENTED_EDGE('',*,*,#2068,.T.);
#3324=ORIENTED_EDGE('',*,*,#2066,.T.);
#3325=ORIENTED_EDGE('',*,*,#2064,.T.);
#3326=ORIENTED_EDGE('',*,*,#2062,.T.);
#3327=ORIENTED_EDGE('',*,*,#2060,.T.);
#3328=ORIENTED_EDGE('',*,*,#2136,.T.);
#3329=ORIENTED_EDGE('',*,*,#2178,.T.);
#3330=ORIENTED_EDGE('',*,*,#2176,.T.);
#3331=ORIENTED_EDGE('',*,*,#2174,.T.);
#3332=ORIENTED_EDGE('',*,*,#2172,.T.);
#3333=ORIENTED_EDGE('',*,*,#2170,.T.);
#3334=ORIENTED_EDGE('',*,*,#2168,.T.);
#3335=ORIENTED_EDGE('',*,*,#2166,.T.);
#3336=ORIENTED_EDGE('',*,*,#2164,.T.);
#3337=ORIENTED_EDGE('',*,*,#2162,.T.);
#3338=ORIENTED_EDGE('',*,*,#2160,.T.);
#3339=ORIENTED_EDGE('',*,*,#2158,.T.);
#3340=ORIENTED_EDGE('',*,*,#2156,.T.);
#3341=ORIENTED_EDGE('',*,*,#2154,.T.);
#3342=ORIENTED_EDGE('',*,*,#2152,.T.);
#3343=ORIENTED_EDGE('',*,*,#2150,.T.);
#3344=ORIENTED_EDGE('',*,*,#2148,.T.);
#3345=ORIENTED_EDGE('',*,*,#2146,.T.);
#3346=ORIENTED_EDGE('',*,*,#2144,.T.);
#3347=ORIENTED_EDGE('',*,*,#2142,.T.);
#3348=ORIENTED_EDGE('',*,*,#2140,.T.);
#3349=ORIENTED_EDGE('',*,*,#2138,.T.);
#3350=ORIENTED_EDGE('',*,*,#2184,.T.);
#3351=ORIENTED_EDGE('',*,*,#2190,.T.);
#3352=ORIENTED_EDGE('',*,*,#2188,.T.);
#3353=ORIENTED_EDGE('',*,*,#2186,.T.);
#3354=ORIENTED_EDGE('',*,*,#2225,.T.);
#3355=ORIENTED_EDGE('',*,*,#2255,.T.);
#3356=ORIENTED_EDGE('',*,*,#2253,.T.);
#3357=ORIENTED_EDGE('',*,*,#2251,.T.);
#3358=ORIENTED_EDGE('',*,*,#2249,.T.);
#3359=ORIENTED_EDGE('',*,*,#2247,.T.);
#3360=ORIENTED_EDGE('',*,*,#2245,.T.);
#3361=ORIENTED_EDGE('',*,*,#2243,.T.);
#3362=ORIENTED_EDGE('',*,*,#2241,.T.);
#3363=ORIENTED_EDGE('',*,*,#2239,.T.);
#3364=ORIENTED_EDGE('',*,*,#2237,.T.);
#3365=ORIENTED_EDGE('',*,*,#2235,.T.);
#3366=ORIENTED_EDGE('',*,*,#2233,.T.);
#3367=ORIENTED_EDGE('',*,*,#2231,.T.);
#3368=ORIENTED_EDGE('',*,*,#2229,.T.);
#3369=ORIENTED_EDGE('',*,*,#2227,.T.);
#3370=ORIENTED_EDGE('',*,*,#2300,.F.);
#3371=ORIENTED_EDGE('',*,*,#2299,.T.);
#3372=ORIENTED_EDGE('',*,*,#2301,.F.);
#3373=ORIENTED_EDGE('',*,*,#2302,.F.);
#3374=ORIENTED_EDGE('',*,*,#2303,.F.);
#3375=ORIENTED_EDGE('',*,*,#2302,.T.);
#3376=ORIENTED_EDGE('',*,*,#2304,.F.);
#3377=ORIENTED_EDGE('',*,*,#2305,.F.);
#3378=ORIENTED_EDGE('',*,*,#2306,.F.);
#3379=ORIENTED_EDGE('',*,*,#2305,.T.);
#3380=ORIENTED_EDGE('',*,*,#2307,.F.);
#3381=ORIENTED_EDGE('',*,*,#2308,.F.);
#3382=ORIENTED_EDGE('',*,*,#2309,.F.);
#3383=ORIENTED_EDGE('',*,*,#2308,.T.);
#3384=ORIENTED_EDGE('',*,*,#2310,.F.);
#3385=ORIENTED_EDGE('',*,*,#2311,.F.);
#3386=ORIENTED_EDGE('',*,*,#2312,.F.);
#3387=ORIENTED_EDGE('',*,*,#2311,.T.);
#3388=ORIENTED_EDGE('',*,*,#2313,.F.);
#3389=ORIENTED_EDGE('',*,*,#2291,.F.);
#3390=ORIENTED_EDGE('',*,*,#2313,.T.);
#3391=ORIENTED_EDGE('',*,*,#2310,.T.);
#3392=ORIENTED_EDGE('',*,*,#2307,.T.);
#3393=ORIENTED_EDGE('',*,*,#2304,.T.);
#3394=ORIENTED_EDGE('',*,*,#2301,.T.);
#3395=ORIENTED_EDGE('',*,*,#2298,.T.);
#3396=ORIENTED_EDGE('',*,*,#2295,.T.);
#3397=ORIENTED_EDGE('',*,*,#2292,.T.);
#3398=ORIENTED_EDGE('',*,*,#2312,.T.);
#3399=ORIENTED_EDGE('',*,*,#2290,.T.);
#3400=ORIENTED_EDGE('',*,*,#2294,.T.);
#3401=ORIENTED_EDGE('',*,*,#2297,.T.);
#3402=ORIENTED_EDGE('',*,*,#2300,.T.);
#3403=ORIENTED_EDGE('',*,*,#2303,.T.);
#3404=ORIENTED_EDGE('',*,*,#2306,.T.);
#3405=ORIENTED_EDGE('',*,*,#2309,.T.);
#3406=PLANE('',#3690);
#3407=PLANE('',#3691);
#3408=PLANE('',#3692);
#3409=PLANE('',#3693);
#3410=PLANE('',#3694);
#3411=PLANE('',#3695);
#3412=PLANE('',#3696);
#3413=PLANE('',#3697);
#3414=PLANE('',#3698);
#3415=PLANE('',#3699);
#3416=PLANE('',#3700);
#3417=PLANE('',#3701);
#3418=PLANE('',#3702);
#3419=PLANE('',#3703);
#3420=PLANE('',#3704);
#3421=PLANE('',#3705);
#3422=PLANE('',#3706);
#3423=PLANE('',#3707);
#3424=PLANE('',#3708);
#3425=PLANE('',#3709);
#3426=PLANE('',#3710);
#3427=PLANE('',#3711);
#3428=PLANE('',#3712);
#3429=PLANE('',#3713);
#3430=PLANE('',#3714);
#3431=PLANE('',#3715);
#3432=PLANE('',#3716);
#3433=PLANE('',#3717);
#3434=PLANE('',#3718);
#3435=PLANE('',#3719);
#3436=PLANE('',#3720);
#3437=PLANE('',#3721);
#3438=PLANE('',#3722);
#3439=PLANE('',#3723);
#3440=PLANE('',#3724);
#3441=PLANE('',#3725);
#3442=PLANE('',#3726);
#3443=PLANE('',#3727);
#3444=PLANE('',#3728);
#3445=PLANE('',#3729);
#3446=PLANE('',#3730);
#3447=PLANE('',#3731);
#3448=PLANE('',#3732);
#3449=PLANE('',#3733);
#3450=PLANE('',#3734);
#3451=PLANE('',#3735);
#3452=PLANE('',#3736);
#3453=PLANE('',#3737);
#3454=PLANE('',#3738);
#3455=PLANE('',#3739);
#3456=PLANE('',#3740);
#3457=PLANE('',#3741);
#3458=PLANE('',#3742);
#3459=PLANE('',#3743);
#3460=PLANE('',#3744);
#3461=PLANE('',#3745);
#3462=PLANE('',#3746);
#3463=PLANE('',#3747);
#3464=PLANE('',#3748);
#3465=PLANE('',#3749);
#3466=PLANE('',#3750);
#3467=PLANE('',#3751);
#3468=PLANE('',#3752);
#3469=PLANE('',#3753);
#3470=PLANE('',#3754);
#3471=PLANE('',#3755);
#3472=PLANE('',#3756);
#3473=PLANE('',#3757);
#3474=PLANE('',#3758);
#3475=PLANE('',#3759);
#3476=PLANE('',#3760);
#3477=PLANE('',#3761);
#3478=PLANE('',#3762);
#3479=ADVANCED_FACE('',(#154,#142),#3406,.T.);
#3480=ADVANCED_FACE('',(#155),#19,.T.);
#3481=ADVANCED_FACE('',(#156),#20,.T.);
#3482=ADVANCED_FACE('',(#157),#21,.T.);
#3483=ADVANCED_FACE('',(#158),#22,.T.);
#3484=ADVANCED_FACE('',(#159),#23,.T.);
#3485=ADVANCED_FACE('',(#160),#24,.T.);
#3486=ADVANCED_FACE('',(#161),#25,.T.);
#3487=ADVANCED_FACE('',(#162),#26,.T.);
#3488=ADVANCED_FACE('',(#163),#27,.T.);
#3489=ADVANCED_FACE('',(#164),#28,.T.);
#3490=ADVANCED_FACE('',(#165),#29,.T.);
#3491=ADVANCED_FACE('',(#166),#30,.T.);
#3492=ADVANCED_FACE('',(#167),#31,.T.);
#3493=ADVANCED_FACE('',(#168),#32,.T.);
#3494=ADVANCED_FACE('',(#169),#33,.T.);
#3495=ADVANCED_FACE('',(#170),#34,.T.);
#3496=ADVANCED_FACE('',(#171),#35,.T.);
#3497=ADVANCED_FACE('',(#172),#36,.T.);
#3498=ADVANCED_FACE('',(#173),#37,.T.);
#3499=ADVANCED_FACE('',(#174),#38,.T.);
#3500=ADVANCED_FACE('',(#175),#3407,.T.);
#3501=ADVANCED_FACE('',(#176),#39,.T.);
#3502=ADVANCED_FACE('',(#177),#40,.T.);
#3503=ADVANCED_FACE('',(#178),#41,.T.);
#3504=ADVANCED_FACE('',(#179),#42,.T.);
#3505=ADVANCED_FACE('',(#180),#43,.T.);
#3506=ADVANCED_FACE('',(#181),#44,.T.);
#3507=ADVANCED_FACE('',(#182),#45,.T.);
#3508=ADVANCED_FACE('',(#183),#46,.T.);
#3509=ADVANCED_FACE('',(#184),#47,.T.);
#3510=ADVANCED_FACE('',(#185),#3408,.T.);
#3511=ADVANCED_FACE('',(#186),#48,.T.);
#3512=ADVANCED_FACE('',(#187),#49,.T.);
#3513=ADVANCED_FACE('',(#188),#50,.T.);
#3514=ADVANCED_FACE('',(#189),#3409,.T.);
#3515=ADVANCED_FACE('',(#190),#51,.T.);
#3516=ADVANCED_FACE('',(#191),#52,.T.);
#3517=ADVANCED_FACE('',(#192),#53,.T.);
#3518=ADVANCED_FACE('',(#193),#3410,.T.);
#3519=ADVANCED_FACE('',(#194),#3411,.T.);
#3520=ADVANCED_FACE('',(#195),#3412,.T.);
#3521=ADVANCED_FACE('',(#196),#3413,.T.);
#3522=ADVANCED_FACE('',(#197),#3414,.T.);
#3523=ADVANCED_FACE('',(#198),#3415,.T.);
#3524=ADVANCED_FACE('',(#199),#54,.T.);
#3525=ADVANCED_FACE('',(#200),#55,.T.);
#3526=ADVANCED_FACE('',(#201),#56,.T.);
#3527=ADVANCED_FACE('',(#202),#57,.T.);
#3528=ADVANCED_FACE('',(#203),#58,.T.);
#3529=ADVANCED_FACE('',(#204),#3416,.T.);
#3530=ADVANCED_FACE('',(#205),#3417,.T.);
#3531=ADVANCED_FACE('',(#206),#3418,.T.);
#3532=ADVANCED_FACE('',(#207),#59,.T.);
#3533=ADVANCED_FACE('',(#208),#60,.T.);
#3534=ADVANCED_FACE('',(#209),#61,.T.);
#3535=ADVANCED_FACE('',(#210),#62,.T.);
#3536=ADVANCED_FACE('',(#211),#63,.T.);
#3537=ADVANCED_FACE('',(#212),#3419,.T.);
#3538=ADVANCED_FACE('',(#213),#3420,.T.);
#3539=ADVANCED_FACE('',(#214),#3421,.T.);
#3540=ADVANCED_FACE('',(#215),#64,.T.);
#3541=ADVANCED_FACE('',(#216),#65,.T.);
#3542=ADVANCED_FACE('',(#217),#66,.T.);
#3543=ADVANCED_FACE('',(#218),#67,.T.);
#3544=ADVANCED_FACE('',(#219),#68,.T.);
#3545=ADVANCED_FACE('',(#220),#69,.T.);
#3546=ADVANCED_FACE('',(#221),#70,.T.);
#3547=ADVANCED_FACE('',(#222),#3422,.T.);
#3548=ADVANCED_FACE('',(#223),#3423,.T.);
#3549=ADVANCED_FACE('',(#224),#3424,.T.);
#3550=ADVANCED_FACE('',(#225),#3425,.T.);
#3551=ADVANCED_FACE('',(#226),#3426,.T.);
#3552=ADVANCED_FACE('',(#227),#3427,.T.);
#3553=ADVANCED_FACE('',(#228),#3428,.T.);
#3554=ADVANCED_FACE('',(#229),#3429,.T.);
#3555=ADVANCED_FACE('',(#230),#71,.T.);
#3556=ADVANCED_FACE('',(#231),#72,.T.);
#3557=ADVANCED_FACE('',(#232),#3430,.T.);
#3558=ADVANCED_FACE('',(#233),#3431,.T.);
#3559=ADVANCED_FACE('',(#234),#3432,.T.);
#3560=ADVANCED_FACE('',(#235),#3433,.T.);
#3561=ADVANCED_FACE('',(#236),#3434,.T.);
#3562=ADVANCED_FACE('',(#237),#3435,.T.);
#3563=ADVANCED_FACE('',(#238),#73,.T.);
#3564=ADVANCED_FACE('',(#239),#74,.T.);
#3565=ADVANCED_FACE('',(#240),#3436,.T.);
#3566=ADVANCED_FACE('',(#241),#75,.T.);
#3567=ADVANCED_FACE('',(#242),#76,.T.);
#3568=ADVANCED_FACE('',(#243),#3437,.T.);
#3569=ADVANCED_FACE('',(#244),#3438,.T.);
#3570=ADVANCED_FACE('',(#245),#3439,.T.);
#3571=ADVANCED_FACE('',(#246),#3440,.T.);
#3572=ADVANCED_FACE('',(#247),#3441,.T.);
#3573=ADVANCED_FACE('',(#248),#77,.T.);
#3574=ADVANCED_FACE('',(#249),#78,.T.);
#3575=ADVANCED_FACE('',(#250),#79,.T.);
#3576=ADVANCED_FACE('',(#251),#80,.T.);
#3577=ADVANCED_FACE('',(#252),#81,.T.);
#3578=ADVANCED_FACE('',(#253),#3442,.T.);
#3579=ADVANCED_FACE('',(#254),#3443,.T.);
#3580=ADVANCED_FACE('',(#255),#3444,.T.);
#3581=ADVANCED_FACE('',(#256),#82,.T.);
#3582=ADVANCED_FACE('',(#257),#83,.T.);
#3583=ADVANCED_FACE('',(#258),#84,.T.);
#3584=ADVANCED_FACE('',(#259),#85,.T.);
#3585=ADVANCED_FACE('',(#260),#86,.T.);
#3586=ADVANCED_FACE('',(#261),#3445,.T.);
#3587=ADVANCED_FACE('',(#262),#3446,.T.);
#3588=ADVANCED_FACE('',(#263),#3447,.T.);
#3589=ADVANCED_FACE('',(#264),#87,.T.);
#3590=ADVANCED_FACE('',(#265),#88,.T.);
#3591=ADVANCED_FACE('',(#266),#89,.T.);
#3592=ADVANCED_FACE('',(#267),#90,.T.);
#3593=ADVANCED_FACE('',(#268),#91,.T.);
#3594=ADVANCED_FACE('',(#269),#92,.T.);
#3595=ADVANCED_FACE('',(#270),#93,.T.);
#3596=ADVANCED_FACE('',(#271),#3448,.T.);
#3597=ADVANCED_FACE('',(#272),#3449,.T.);
#3598=ADVANCED_FACE('',(#273),#3450,.T.);
#3599=ADVANCED_FACE('',(#274),#3451,.T.);
#3600=ADVANCED_FACE('',(#275),#3452,.T.);
#3601=ADVANCED_FACE('',(#276),#94,.T.);
#3602=ADVANCED_FACE('',(#277),#95,.T.);
#3603=ADVANCED_FACE('',(#278),#96,.T.);
#3604=ADVANCED_FACE('',(#279),#97,.T.);
#3605=ADVANCED_FACE('',(#280),#98,.T.);
#3606=ADVANCED_FACE('',(#281),#99,.T.);
#3607=ADVANCED_FACE('',(#282),#3453,.T.);
#3608=ADVANCED_FACE('',(#283),#3454,.T.);
#3609=ADVANCED_FACE('',(#284),#3455,.T.);
#3610=ADVANCED_FACE('',(#285),#3456,.T.);
#3611=ADVANCED_FACE('',(#286),#3457,.T.);
#3612=ADVANCED_FACE('',(#287),#3458,.T.);
#3613=ADVANCED_FACE('',(#288),#100,.T.);
#3614=ADVANCED_FACE('',(#289),#101,.T.);
#3615=ADVANCED_FACE('',(#290),#102,.T.);
#3616=ADVANCED_FACE('',(#291),#103,.T.);
#3617=ADVANCED_FACE('',(#292),#104,.T.);
#3618=ADVANCED_FACE('',(#293),#105,.T.);
#3619=ADVANCED_FACE('',(#294),#106,.T.);
#3620=ADVANCED_FACE('',(#295),#107,.T.);
#3621=ADVANCED_FACE('',(#296),#3459,.T.);
#3622=ADVANCED_FACE('',(#297),#108,.T.);
#3623=ADVANCED_FACE('',(#298),#3460,.T.);
#3624=ADVANCED_FACE('',(#299),#3461,.T.);
#3625=ADVANCED_FACE('',(#300),#3462,.T.);
#3626=ADVANCED_FACE('',(#301),#3463,.T.);
#3627=ADVANCED_FACE('',(#302),#3464,.T.);
#3628=ADVANCED_FACE('',(#303,#143,#144),#3465,.T.);
#3629=ADVANCED_FACE('',(#304),#109,.T.);
#3630=ADVANCED_FACE('',(#305),#110,.T.);
#3631=ADVANCED_FACE('',(#306),#111,.T.);
#3632=ADVANCED_FACE('',(#307),#112,.T.);
#3633=ADVANCED_FACE('',(#308),#113,.T.);
#3634=ADVANCED_FACE('',(#309),#114,.T.);
#3635=ADVANCED_FACE('',(#310),#115,.T.);
#3636=ADVANCED_FACE('',(#311),#116,.T.);
#3637=ADVANCED_FACE('',(#312),#117,.T.);
#3638=ADVANCED_FACE('',(#313),#118,.T.);
#3639=ADVANCED_FACE('',(#314),#119,.T.);
#3640=ADVANCED_FACE('',(#315),#120,.T.);
#3641=ADVANCED_FACE('',(#316),#121,.T.);
#3642=ADVANCED_FACE('',(#317),#122,.T.);
#3643=ADVANCED_FACE('',(#318),#123,.T.);
#3644=ADVANCED_FACE('',(#319),#124,.T.);
#3645=ADVANCED_FACE('',(#320),#125,.T.);
#3646=ADVANCED_FACE('',(#321),#126,.T.);
#3647=ADVANCED_FACE('',(#322),#127,.T.);
#3648=ADVANCED_FACE('',(#323),#128,.T.);
#3649=ADVANCED_FACE('',(#324),#129,.T.);
#3650=ADVANCED_FACE('',(#325),#130,.T.);
#3651=ADVANCED_FACE('',(#326),#131,.T.);
#3652=ADVANCED_FACE('',(#327),#132,.T.);
#3653=ADVANCED_FACE('',(#328),#133,.T.);
#3654=ADVANCED_FACE('',(#329),#134,.T.);
#3655=ADVANCED_FACE('',(#330),#135,.T.);
#3656=ADVANCED_FACE('',(#331),#136,.T.);
#3657=ADVANCED_FACE('',(#332),#137,.T.);
#3658=ADVANCED_FACE('',(#333),#138,.T.);
#3659=ADVANCED_FACE('',(#334),#139,.T.);
#3660=ADVANCED_FACE('',(#335),#140,.T.);
#3661=ADVANCED_FACE('',(#336),#141,.T.);
#3662=ADVANCED_FACE('',(#337),#3466,.T.);
#3663=ADVANCED_FACE('',(#338),#3467,.T.);
#3664=ADVANCED_FACE('',(#339),#3468,.T.);
#3665=ADVANCED_FACE('',(#340),#3469,.T.);
#3666=ADVANCED_FACE('',(#341),#3470,.T.);
#3667=ADVANCED_FACE('',(#342,#145,#146,#147,#148,#149,#150,#151,#152,#153),
#3471,.T.);
#3668=ADVANCED_FACE('',(#343),#3472,.T.);
#3669=ADVANCED_FACE('',(#344),#3473,.T.);
#3670=ADVANCED_FACE('',(#345),#3474,.T.);
#3671=ADVANCED_FACE('',(#346),#3475,.T.);
#3672=ADVANCED_FACE('',(#347),#3476,.T.);
#3673=ADVANCED_FACE('',(#348),#3477,.T.);
#3674=ADVANCED_FACE('',(#349),#3478,.F.);
#3675=CLOSED_SHELL('',(#3479,#3480,#3481,#3482,#3483,#3484,#3485,#3486,
#3487,#3488,#3489,#3490,#3491,#3492,#3493,#3494,#3495,#3496,#3497,#3498,
#3499,#3500,#3501,#3502,#3503,#3504,#3505,#3506,#3507,#3508,#3509,#3510,
#3511,#3512,#3513,#3514,#3515,#3516,#3517,#3518,#3519,#3520,#3521,#3522,
#3523,#3524,#3525,#3526,#3527,#3528,#3529,#3530,#3531,#3532,#3533,#3534,
#3535,#3536,#3537,#3538,#3539,#3540,#3541,#3542,#3543,#3544,#3545,#3546,
#3547,#3548,#3549,#3550,#3551,#3552,#3553,#3554,#3555,#3556,#3557,#3558,
#3559,#3560,#3561,#3562,#3563,#3564,#3565,#3566,#3567,#3568,#3569,#3570,
#3571,#3572,#3573,#3574,#3575,#3576,#3577,#3578,#3579,#3580,#3581,#3582,
#3583,#3584,#3585,#3586,#3587,#3588,#3589,#3590,#3591,#3592,#3593,#3594,
#3595,#3596,#3597,#3598,#3599,#3600,#3601,#3602,#3603,#3604,#3605,#3606,
#3607,#3608,#3609,#3610,#3611,#3612,#3613,#3614,#3615,#3616,#3617,#3618,
#3619,#3620,#3621,#3622,#3623,#3624,#3625,#3626,#3627,#3628,#3629,#3630,
#3631,#3632,#3633,#3634,#3635,#3636,#3637,#3638,#3639,#3640,#3641,#3642,
#3643,#3644,#3645,#3646,#3647,#3648,#3649,#3650,#3651,#3652,#3653,#3654,
#3655,#3656,#3657,#3658,#3659,#3660,#3661,#3662,#3663,#3664,#3665,#3666,
#3667,#3668,#3669,#3670,#3671,#3672,#3673,#3674));
#3676=DERIVED_UNIT_ELEMENT(#3678,1.);
#3677=DERIVED_UNIT_ELEMENT(#7423,-3.);
#3678=(
MASS_UNIT()
NAMED_UNIT(*)
SI_UNIT(.KILO.,.GRAM.)
);
#3679=DERIVED_UNIT((#3676,#3677));
#3680=MEASURE_REPRESENTATION_ITEM('density measure',
POSITIVE_RATIO_MEASURE(7850.),#3679);
#3681=PROPERTY_DEFINITION_REPRESENTATION(#3686,#3683);
#3682=PROPERTY_DEFINITION_REPRESENTATION(#3687,#3684);
#3683=REPRESENTATION('material name',(#3685),#7420);
#3684=REPRESENTATION('density',(#3680),#7420);
#3685=DESCRIPTIVE_REPRESENTATION_ITEM('Steel','Steel');
#3686=PROPERTY_DEFINITION('material property','material name',#7435);
#3687=PROPERTY_DEFINITION('material property','density of part',#7435);
#3688=AXIS2_PLACEMENT_3D('',#4216,#3764,#3765);
#3689=AXIS2_PLACEMENT_3D('',#4217,#3766,#3767);
#3690=AXIS2_PLACEMENT_3D('',#4218,#3768,#3769);
#3691=AXIS2_PLACEMENT_3D('',#4737,#3792,#3793);
#3692=AXIS2_PLACEMENT_3D('',#4892,#3804,#3805);
#3693=AXIS2_PLACEMENT_3D('',#4992,#3815,#3816);
#3694=AXIS2_PLACEMENT_3D('',#5047,#3822,#3823);
#3695=AXIS2_PLACEMENT_3D('',#5051,#3826,#3827);
#3696=AXIS2_PLACEMENT_3D('',#5055,#3830,#3831);
#3697=AXIS2_PLACEMENT_3D('',#5059,#3834,#3835);
#3698=AXIS2_PLACEMENT_3D('',#5061,#3837,#3838);
#3699=AXIS2_PLACEMENT_3D('',#5186,#3850,#3851);
#3700=AXIS2_PLACEMENT_3D('',#5277,#3860,#3861);
#3701=AXIS2_PLACEMENT_3D('',#5281,#3864,#3865);
#3702=AXIS2_PLACEMENT_3D('',#5285,#3868,#3869);
#3703=AXIS2_PLACEMENT_3D('',#5374,#3877,#3878);
#3704=AXIS2_PLACEMENT_3D('',#5378,#3881,#3882);
#3705=AXIS2_PLACEMENT_3D('',#5382,#3885,#3886);
#3706=AXIS2_PLACEMENT_3D('',#5505,#3896,#3897);
#3707=AXIS2_PLACEMENT_3D('',#5509,#3900,#3901);
#3708=AXIS2_PLACEMENT_3D('',#5513,#3904,#3905);
#3709=AXIS2_PLACEMENT_3D('',#5517,#3908,#3909);
#3710=AXIS2_PLACEMENT_3D('',#5519,#3911,#3912);
#3711=AXIS2_PLACEMENT_3D('',#5546,#3920,#3921);
#3712=AXIS2_PLACEMENT_3D('',#5552,#3925,#3926);
#3713=AXIS2_PLACEMENT_3D('',#5556,#3929,#3930);
#3714=AXIS2_PLACEMENT_3D('',#5594,#3935,#3936);
#3715=AXIS2_PLACEMENT_3D('',#5598,#3939,#3940);
#3716=AXIS2_PLACEMENT_3D('',#5602,#3943,#3944);
#3717=AXIS2_PLACEMENT_3D('',#5606,#3947,#3948);
#3718=AXIS2_PLACEMENT_3D('',#5608,#3950,#3951);
#3719=AXIS2_PLACEMENT_3D('',#5643,#3957,#3958);
#3720=AXIS2_PLACEMENT_3D('',#5683,#3964,#3965);
#3721=AXIS2_PLACEMENT_3D('',#5721,#3970,#3971);
#3722=AXIS2_PLACEMENT_3D('',#5725,#3974,#3975);
#3723=AXIS2_PLACEMENT_3D('',#5729,#3978,#3979);
#3724=AXIS2_PLACEMENT_3D('',#5731,#3981,#3982);
#3725=AXIS2_PLACEMENT_3D('',#5856,#3994,#3995);
#3726=AXIS2_PLACEMENT_3D('',#5947,#4004,#4005);
#3727=AXIS2_PLACEMENT_3D('',#5951,#4008,#4009);
#3728=AXIS2_PLACEMENT_3D('',#5955,#4012,#4013);
#3729=AXIS2_PLACEMENT_3D('',#6044,#4021,#4022);
#3730=AXIS2_PLACEMENT_3D('',#6048,#4025,#4026);
#3731=AXIS2_PLACEMENT_3D('',#6052,#4029,#4030);
#3732=AXIS2_PLACEMENT_3D('',#6175,#4040,#4041);
#3733=AXIS2_PLACEMENT_3D('',#6179,#4044,#4045);
#3734=AXIS2_PLACEMENT_3D('',#6183,#4048,#4049);
#3735=AXIS2_PLACEMENT_3D('',#6187,#4052,#4053);
#3736=AXIS2_PLACEMENT_3D('',#6189,#4055,#4056);
#3737=AXIS2_PLACEMENT_3D('',#6398,#4071,#4072);
#3738=AXIS2_PLACEMENT_3D('',#6402,#4075,#4076);
#3739=AXIS2_PLACEMENT_3D('',#6406,#4079,#4080);
#3740=AXIS2_PLACEMENT_3D('',#6410,#4083,#4084);
#3741=AXIS2_PLACEMENT_3D('',#6414,#4087,#4088);
#3742=AXIS2_PLACEMENT_3D('',#6418,#4091,#4092);
#3743=AXIS2_PLACEMENT_3D('',#6558,#4103,#4104);
#3744=AXIS2_PLACEMENT_3D('',#6577,#4107,#4108);
#3745=AXIS2_PLACEMENT_3D('',#6586,#4113,#4114);
#3746=AXIS2_PLACEMENT_3D('',#6592,#4118,#4119);
#3747=AXIS2_PLACEMENT_3D('',#6596,#4122,#4123);
#3748=AXIS2_PLACEMENT_3D('',#6600,#4126,#4127);
#3749=AXIS2_PLACEMENT_3D('',#6602,#4129,#4130);
#3750=AXIS2_PLACEMENT_3D('',#7362,#4164,#4165);
#3751=AXIS2_PLACEMENT_3D('',#7363,#4166,#4167);
#3752=AXIS2_PLACEMENT_3D('',#7364,#4168,#4169);
#3753=AXIS2_PLACEMENT_3D('',#7365,#4170,#4171);
#3754=AXIS2_PLACEMENT_3D('',#7374,#4176,#4177);
#3755=AXIS2_PLACEMENT_3D('',#7380,#4181,#4182);
#3756=AXIS2_PLACEMENT_3D('',#7386,#4186,#4187);
#3757=AXIS2_PLACEMENT_3D('',#7392,#4191,#4192);
#3758=AXIS2_PLACEMENT_3D('',#7398,#4196,#4197);
#3759=AXIS2_PLACEMENT_3D('',#7404,#4201,#4202);
#3760=AXIS2_PLACEMENT_3D('',#7410,#4206,#4207);
#3761=AXIS2_PLACEMENT_3D('',#7413,#4210,#4211);
#3762=AXIS2_PLACEMENT_3D('',#7414,#4212,#4213);
#3763=AXIS2_PLACEMENT_3D('',#7415,#4214,#4215);
#3764=DIRECTION('axis',(0.,0.,1.));
#3765=DIRECTION('refdir',(1.,0.,0.));
#3766=DIRECTION('axis',(0.,0.,1.));
#3767=DIRECTION('refdir',(1.,0.,0.));
#3768=DIRECTION('center_axis',(0.,-1.,0.));
#3769=DIRECTION('ref_axis',(1.,0.,0.));
#3770=DIRECTION('',(-0.0920925203188508,0.,0.99575045453232));
#3771=DIRECTION('',(0.,-1.,0.));
#3772=DIRECTION('',(0.,-1.,0.));
#3773=DIRECTION('',(0.,-1.,0.));
#3774=DIRECTION('',(0.,-1.,0.));
#3775=DIRECTION('',(0.,-1.,0.));
#3776=DIRECTION('',(0.,-1.,0.));
#3777=DIRECTION('',(0.,-1.,0.));
#3778=DIRECTION('',(0.,-1.,0.));
#3779=DIRECTION('',(0.,-1.,0.));
#3780=DIRECTION('',(0.,-1.,0.));
#3781=DIRECTION('',(0.,-1.,0.));
#3782=DIRECTION('',(0.,-1.,0.));
#3783=DIRECTION('',(0.,-1.,0.));
#3784=DIRECTION('',(0.,-1.,0.));
#3785=DIRECTION('',(0.,-1.,0.));
#3786=DIRECTION('',(0.,-1.,0.));
#3787=DIRECTION('',(0.,-1.,0.));
#3788=DIRECTION('',(0.,-1.,0.));
#3789=DIRECTION('',(0.,-1.,0.));
#3790=DIRECTION('',(0.,-1.,0.));
#3791=DIRECTION('',(0.,-1.,0.));
#3792=DIRECTION('center_axis',(0.99575045453232,0.,0.0920925203188508));
#3793=DIRECTION('ref_axis',(0.0920925203188508,0.,-0.99575045453232));
#3794=DIRECTION('',(-0.0920925203188508,0.,0.99575045453232));
#3795=DIRECTION('',(0.,-1.,0.));
#3796=DIRECTION('',(0.,-1.,0.));
#3797=DIRECTION('',(0.,-1.,0.));
#3798=DIRECTION('',(0.,-1.,0.));
#3799=DIRECTION('',(0.,-1.,0.));
#3800=DIRECTION('',(0.,-1.,0.));
#3801=DIRECTION('',(0.,-1.,0.));
#3802=DIRECTION('',(0.,-1.,0.));
#3803=DIRECTION('',(0.,-1.,0.));
#3804=DIRECTION('center_axis',(0.,-1.,0.));
#3805=DIRECTION('ref_axis',(1.,0.,0.));
#3806=DIRECTION('',(0.,0.,-1.));
#3807=DIRECTION('',(1.,0.,0.));
#3808=DIRECTION('',(0.,0.,1.));
#3809=DIRECTION('',(-1.,0.,0.));
#3810=DIRECTION('',(0.,0.,-1.));
#3811=DIRECTION('',(0.,-1.,0.));
#3812=DIRECTION('',(0.,-1.,0.));
#3813=DIRECTION('',(0.,-1.,0.));
#3814=DIRECTION('',(0.,-1.,0.));
#3815=DIRECTION('center_axis',(-1.,0.,0.));
#3816=DIRECTION('ref_axis',(0.,0.,1.));
#3817=DIRECTION('',(0.,0.,-1.));
#3818=DIRECTION('',(0.,-1.,0.));
#3819=DIRECTION('',(0.,-1.,0.));
#3820=DIRECTION('',(0.,-1.,0.));
#3821=DIRECTION('',(0.,-1.,0.));
#3822=DIRECTION('center_axis',(0.,0.,-1.));
#3823=DIRECTION('ref_axis',(-1.,0.,0.));
#3824=DIRECTION('',(1.,0.,0.));
#3825=DIRECTION('',(0.,-1.,0.));
#3826=DIRECTION('center_axis',(1.,0.,0.));
#3827=DIRECTION('ref_axis',(0.,0.,-1.));
#3828=DIRECTION('',(0.,0.,1.));
#3829=DIRECTION('',(0.,-1.,0.));
#3830=DIRECTION('center_axis',(0.,0.,1.));
#3831=DIRECTION('ref_axis',(1.,0.,0.));
#3832=DIRECTION('',(-1.,0.,0.));
#3833=DIRECTION('',(0.,-1.,0.));
#3834=DIRECTION('center_axis',(-1.,0.,0.));
#3835=DIRECTION('ref_axis',(0.,0.,1.));
#3836=DIRECTION('',(0.,0.,-1.));
#3837=DIRECTION('center_axis',(0.,-1.,0.));
#3838=DIRECTION('ref_axis',(1.,0.,0.));
#3839=DIRECTION('',(1.,0.,0.));
#3840=DIRECTION('',(-1.,0.,0.));
#3841=DIRECTION('',(0.,0.,-1.));
#3842=DIRECTION('',(1.,0.,0.));
#3843=DIRECTION('',(-1.,0.,0.));
#3844=DIRECTION('',(0.,0.,-1.));
#3845=DIRECTION('',(1.,0.,0.));
#3846=DIRECTION('',(1.,0.,0.));
#3847=DIRECTION('',(0.,0.,1.));
#3848=DIRECTION('',(-1.,0.,0.));
#3849=DIRECTION('',(0.,0.,-1.));
#3850=DIRECTION('center_axis',(0.,0.,-1.));
#3851=DIRECTION('ref_axis',(-1.,0.,0.));
#3852=DIRECTION('',(0.,-1.,0.));
#3853=DIRECTION('',(1.,0.,0.));
#3854=DIRECTION('',(0.,-1.,0.));
#3855=DIRECTION('',(0.,-1.,0.));
#3856=DIRECTION('',(0.,-1.,0.));
#3857=DIRECTION('',(0.,-1.,0.));
#3858=DIRECTION('',(0.,-1.,0.));
#3859=DIRECTION('',(0.,-1.,0.));
#3860=DIRECTION('center_axis',(0.,0.,1.));
#3861=DIRECTION('ref_axis',(1.,0.,0.));
#3862=DIRECTION('',(-1.,0.,0.));
#3863=DIRECTION('',(0.,-1.,0.));
#3864=DIRECTION('center_axis',(-1.,0.,0.));
#3865=DIRECTION('ref_axis',(0.,0.,1.));
#3866=DIRECTION('',(0.,0.,-1.));
#3867=DIRECTION('',(0.,-1.,0.));
#3868=DIRECTION('center_axis',(0.,0.,-1.));
#3869=DIRECTION('ref_axis',(-1.,0.,0.));
#3870=DIRECTION('',(1.,0.,0.));
#3871=DIRECTION('',(0.,-1.,0.));
#3872=DIRECTION('',(0.,-1.,0.));
#3873=DIRECTION('',(0.,-1.,0.));
#3874=DIRECTION('',(0.,-1.,0.));
#3875=DIRECTION('',(0.,-1.,0.));
#3876=DIRECTION('',(0.,-1.,0.));
#3877=DIRECTION('center_axis',(0.,0.,1.));
#3878=DIRECTION('ref_axis',(1.,0.,0.));
#3879=DIRECTION('',(-1.,0.,0.));
#3880=DIRECTION('',(0.,-1.,0.));
#3881=DIRECTION('center_axis',(-1.,0.,0.));
#3882=DIRECTION('ref_axis',(0.,0.,1.));
#3883=DIRECTION('',(0.,0.,-1.));
#3884=DIRECTION('',(0.,-1.,0.));
#3885=DIRECTION('center_axis',(0.,0.,-1.));
#3886=DIRECTION('ref_axis',(-1.,0.,0.));
#3887=DIRECTION('',(1.,0.,0.));
#3888=DIRECTION('',(0.,-1.,0.));
#3889=DIRECTION('',(0.,-1.,0.));
#3890=DIRECTION('',(0.,-1.,0.));
#3891=DIRECTION('',(0.,-1.,0.));
#3892=DIRECTION('',(0.,-1.,0.));
#3893=DIRECTION('',(0.,-1.,0.));
#3894=DIRECTION('',(0.,-1.,0.));
#3895=DIRECTION('',(0.,-1.,0.));
#3896=DIRECTION('center_axis',(0.,0.,-1.));
#3897=DIRECTION('ref_axis',(-1.,0.,0.));
#3898=DIRECTION('',(1.,0.,0.));
#3899=DIRECTION('',(0.,-1.,0.));
#3900=DIRECTION('center_axis',(1.,0.,0.));
#3901=DIRECTION('ref_axis',(0.,0.,-1.));
#3902=DIRECTION('',(0.,0.,1.));
#3903=DIRECTION('',(0.,-1.,0.));
#3904=DIRECTION('center_axis',(0.,0.,1.));
#3905=DIRECTION('ref_axis',(1.,0.,0.));
#3906=DIRECTION('',(-1.,0.,0.));
#3907=DIRECTION('',(0.,-1.,0.));
#3908=DIRECTION('center_axis',(-1.,0.,0.));
#3909=DIRECTION('ref_axis',(0.,0.,1.));
#3910=DIRECTION('',(0.,0.,-1.));
#3911=DIRECTION('center_axis',(0.,-1.,0.));
#3912=DIRECTION('ref_axis',(1.,0.,0.));
#3913=DIRECTION('',(0.935238814778618,0.,-0.354017456252494));
#3914=DIRECTION('',(0.,0.,1.));
#3915=DIRECTION('',(-0.939624541660849,0.,0.342207131294249));
#3916=DIRECTION('',(0.941339416752669,0.,0.337461260691869));
#3917=DIRECTION('',(0.,0.,1.));
#3918=DIRECTION('',(-0.934654472733227,0.,-0.355557332366769));
#3919=DIRECTION('',(0.,0.,-1.));
#3920=DIRECTION('center_axis',(-0.354017456252494,0.,-0.935238814778618));
#3921=DIRECTION('ref_axis',(-0.935238814778618,0.,0.354017456252494));
#3922=DIRECTION('',(0.,-1.,0.));
#3923=DIRECTION('',(0.935238814778618,0.,-0.354017456252494));
#3924=DIRECTION('',(0.,-1.,0.));
#3925=DIRECTION('center_axis',(1.,0.,0.));
#3926=DIRECTION('ref_axis',(0.,0.,-1.));
#3927=DIRECTION('',(0.,0.,1.));
#3928=DIRECTION('',(0.,-1.,0.));
#3929=DIRECTION('center_axis',(0.342207131294249,0.,0.939624541660849));
#3930=DIRECTION('ref_axis',(0.939624541660849,0.,-0.342207131294249));
#3931=DIRECTION('',(-0.939624541660849,0.,0.342207131294249));
#3932=DIRECTION('',(0.,-1.,0.));
#3933=DIRECTION('',(0.,-1.,0.));
#3934=DIRECTION('',(0.,-1.,0.));
#3935=DIRECTION('center_axis',(0.337461260691869,0.,-0.941339416752669));
#3936=DIRECTION('ref_axis',(-0.941339416752669,0.,-0.337461260691869));
#3937=DIRECTION('',(0.941339416752669,0.,0.337461260691869));
#3938=DIRECTION('',(0.,-1.,0.));
#3939=DIRECTION('center_axis',(1.,0.,0.));
#3940=DIRECTION('ref_axis',(0.,0.,-1.));
#3941=DIRECTION('',(0.,0.,1.));
#3942=DIRECTION('',(0.,-1.,0.));
#3943=DIRECTION('center_axis',(-0.35555733236677,0.,0.934654472733227));
#3944=DIRECTION('ref_axis',(0.934654472733227,0.,0.35555733236677));
#3945=DIRECTION('',(-0.934654472733227,0.,-0.35555733236677));
#3946=DIRECTION('',(0.,-1.,0.));
#3947=DIRECTION('center_axis',(-1.,0.,0.));
#3948=DIRECTION('ref_axis',(0.,0.,1.));
#3949=DIRECTION('',(0.,0.,-1.));
#3950=DIRECTION('center_axis',(0.,-1.,0.));
#3951=DIRECTION('ref_axis',(1.,0.,0.));
#3952=DIRECTION('',(0.,0.,1.));
#3953=DIRECTION('',(-1.,0.,0.));
#3954=DIRECTION('',(-1.,0.,0.));
#3955=DIRECTION('',(0.,0.,-1.));
#3956=DIRECTION('',(1.,0.,0.));
#3957=DIRECTION('center_axis',(1.,0.,0.));
#3958=DIRECTION('ref_axis',(0.,0.,-1.));
#3959=DIRECTION('',(0.,-1.,0.));
#3960=DIRECTION('',(0.,0.,1.));
#3961=DIRECTION('',(0.,-1.,0.));
#3962=DIRECTION('',(0.,-1.,0.));
#3963=DIRECTION('',(0.,-1.,0.));
#3964=DIRECTION('center_axis',(0.,0.,1.));
#3965=DIRECTION('ref_axis',(1.,0.,0.));
#3966=DIRECTION('',(-1.,0.,0.));
#3967=DIRECTION('',(0.,-1.,0.));
#3968=DIRECTION('',(0.,-1.,0.));
#3969=DIRECTION('',(0.,-1.,0.));
#3970=DIRECTION('center_axis',(0.,0.,1.));
#3971=DIRECTION('ref_axis',(1.,0.,0.));
#3972=DIRECTION('',(-1.,0.,0.));
#3973=DIRECTION('',(0.,-1.,0.));
#3974=DIRECTION('center_axis',(-1.,0.,0.));
#3975=DIRECTION('ref_axis',(0.,0.,1.));
#3976=DIRECTION('',(0.,0.,-1.));
#3977=DIRECTION('',(0.,-1.,0.));
#3978=DIRECTION('center_axis',(0.,0.,-1.));
#3979=DIRECTION('ref_axis',(-1.,0.,0.));
#3980=DIRECTION('',(1.,0.,0.));
#3981=DIRECTION('center_axis',(0.,-1.,0.));
#3982=DIRECTION('ref_axis',(1.,0.,0.));
#3983=DIRECTION('',(1.,0.,0.));
#3984=DIRECTION('',(-1.,0.,0.));
#3985=DIRECTION('',(0.,0.,-1.));
#3986=DIRECTION('',(1.,0.,0.));
#3987=DIRECTION('',(-1.,0.,0.));
#3988=DIRECTION('',(0.,0.,-1.));
#3989=DIRECTION('',(1.,0.,0.));
#3990=DIRECTION('',(1.,0.,0.));
#3991=DIRECTION('',(0.,0.,1.));
#3992=DIRECTION('',(-1.,0.,0.));
#3993=DIRECTION('',(0.,0.,-1.));
#3994=DIRECTION('center_axis',(0.,0.,-1.));
#3995=DIRECTION('ref_axis',(-1.,0.,0.));
#3996=DIRECTION('',(0.,-1.,0.));
#3997=DIRECTION('',(1.,0.,0.));
#3998=DIRECTION('',(0.,-1.,0.));
#3999=DIRECTION('',(0.,-1.,0.));
#4000=DIRECTION('',(0.,-1.,0.));
#4001=DIRECTION('',(0.,-1.,0.));
#4002=DIRECTION('',(0.,-1.,0.));
#4003=DIRECTION('',(0.,-1.,0.));
#4004=DIRECTION('center_axis',(0.,0.,1.));
#4005=DIRECTION('ref_axis',(1.,0.,0.));
#4006=DIRECTION('',(-1.,0.,0.));
#4007=DIRECTION('',(0.,-1.,0.));
#4008=DIRECTION('center_axis',(-1.,0.,0.));
#4009=DIRECTION('ref_axis',(0.,0.,1.));
#4010=DIRECTION('',(0.,0.,-1.));
#4011=DIRECTION('',(0.,-1.,0.));
#4012=DIRECTION('center_axis',(0.,0.,-1.));
#4013=DIRECTION('ref_axis',(-1.,0.,0.));
#4014=DIRECTION('',(1.,0.,0.));
#4015=DIRECTION('',(0.,-1.,0.));
#4016=DIRECTION('',(0.,-1.,0.));
#4017=DIRECTION('',(0.,-1.,0.));
#4018=DIRECTION('',(0.,-1.,0.));
#4019=DIRECTION('',(0.,-1.,0.));
#4020=DIRECTION('',(0.,-1.,0.));
#4021=DIRECTION('center_axis',(0.,0.,1.));
#4022=DIRECTION('ref_axis',(1.,0.,0.));
#4023=DIRECTION('',(-1.,0.,0.));
#4024=DIRECTION('',(0.,-1.,0.));
#4025=DIRECTION('center_axis',(-1.,0.,0.));
#4026=DIRECTION('ref_axis',(0.,0.,1.));
#4027=DIRECTION('',(0.,0.,-1.));
#4028=DIRECTION('',(0.,-1.,0.));
#4029=DIRECTION('center_axis',(0.,0.,-1.));
#4030=DIRECTION('ref_axis',(-1.,0.,0.));
#4031=DIRECTION('',(1.,0.,0.));
#4032=DIRECTION('',(0.,-1.,0.));
#4033=DIRECTION('',(0.,-1.,0.));
#4034=DIRECTION('',(0.,-1.,0.));
#4035=DIRECTION('',(0.,-1.,0.));
#4036=DIRECTION('',(0.,-1.,0.));
#4037=DIRECTION('',(0.,-1.,0.));
#4038=DIRECTION('',(0.,-1.,0.));
#4039=DIRECTION('',(0.,-1.,0.));
#4040=DIRECTION('center_axis',(0.,0.,-1.));
#4041=DIRECTION('ref_axis',(-1.,0.,0.));
#4042=DIRECTION('',(1.,0.,0.));
#4043=DIRECTION('',(0.,-1.,0.));
#4044=DIRECTION('center_axis',(1.,0.,0.));
#4045=DIRECTION('ref_axis',(0.,0.,-1.));
#4046=DIRECTION('',(0.,0.,1.));
#4047=DIRECTION('',(0.,-1.,0.));
#4048=DIRECTION('center_axis',(0.,0.,1.));
#4049=DIRECTION('ref_axis',(1.,0.,0.));
#4050=DIRECTION('',(-1.,0.,0.));
#4051=DIRECTION('',(0.,-1.,0.));
#4052=DIRECTION('center_axis',(-1.,0.,0.));
#4053=DIRECTION('ref_axis',(0.,0.,1.));
#4054=DIRECTION('',(0.,0.,-1.));
#4055=DIRECTION('center_axis',(0.,-1.,0.));
#4056=DIRECTION('ref_axis',(1.,0.,0.));
#4057=DIRECTION('',(0.980484964974978,0.,-0.196594082967968));
#4058=DIRECTION('',(0.,0.,-1.));
#4059=DIRECTION('',(1.,0.,0.));
#4060=DIRECTION('',(0.,0.,1.));
#4061=DIRECTION('',(-0.982679552839805,0.,0.185312968867698));
#4062=DIRECTION('',(-0.129087713347951,0.,-0.991633179286876));
#4063=DIRECTION('',(-0.0843546394725238,0.,0.996435795623311));
#4064=DIRECTION('',(0.,-1.,0.));
#4065=DIRECTION('',(0.,-1.,0.));
#4066=DIRECTION('',(0.,-1.,0.));
#4067=DIRECTION('',(0.,-1.,0.));
#4068=DIRECTION('',(0.,-1.,0.));
#4069=DIRECTION('',(0.,-1.,0.));
#4070=DIRECTION('',(0.,-1.,0.));
#4071=DIRECTION('center_axis',(-0.196594082967968,0.,-0.980484964974978));
#4072=DIRECTION('ref_axis',(-0.980484964974978,0.,0.196594082967968));
#4073=DIRECTION('',(0.980484964974978,0.,-0.196594082967968));
#4074=DIRECTION('',(0.,-1.,0.));
#4075=DIRECTION('center_axis',(-1.,0.,0.));
#4076=DIRECTION('ref_axis',(0.,0.,1.));
#4077=DIRECTION('',(0.,0.,-1.));
#4078=DIRECTION('',(0.,-1.,0.));
#4079=DIRECTION('center_axis',(0.,0.,-1.));
#4080=DIRECTION('ref_axis',(-1.,0.,0.));
#4081=DIRECTION('',(1.,0.,0.));
#4082=DIRECTION('',(0.,-1.,0.));
#4083=DIRECTION('center_axis',(1.,0.,0.));
#4084=DIRECTION('ref_axis',(0.,0.,-1.));
#4085=DIRECTION('',(0.,0.,1.));
#4086=DIRECTION('',(0.,-1.,0.));
#4087=DIRECTION('center_axis',(0.185312968867698,0.,0.982679552839805));
#4088=DIRECTION('ref_axis',(0.982679552839805,0.,-0.185312968867698));
#4089=DIRECTION('',(-0.982679552839805,0.,0.185312968867698));
#4090=DIRECTION('',(0.,-1.,0.));
#4091=DIRECTION('center_axis',(-0.991633179286876,0.,0.129087713347951));
#4092=DIRECTION('ref_axis',(0.129087713347951,0.,0.991633179286876));
#4093=DIRECTION('',(-0.129087713347951,0.,-0.991633179286876));
#4094=DIRECTION('',(0.,-1.,0.));
#4095=DIRECTION('',(0.,-1.,0.));
#4096=DIRECTION('',(0.,-1.,0.));
#4097=DIRECTION('',(0.,-1.,0.));
#4098=DIRECTION('',(0.,-1.,0.));
#4099=DIRECTION('',(0.,-1.,0.));
#4100=DIRECTION('',(0.,-1.,0.));
#4101=DIRECTION('',(0.,-1.,0.));
#4102=DIRECTION('',(0.,-1.,0.));
#4103=DIRECTION('center_axis',(0.996435795623311,0.,0.0843546394725238));
#4104=DIRECTION('ref_axis',(0.0843546394725238,0.,-0.996435795623311));
#4105=DIRECTION('',(-0.0843546394725238,0.,0.996435795623311));
#4106=DIRECTION('',(0.,-1.,0.));
#4107=DIRECTION('center_axis',(0.,-1.,0.));
#4108=DIRECTION('ref_axis',(1.,0.,0.));
#4109=DIRECTION('',(1.,0.,0.));
#4110=DIRECTION('',(0.,0.,1.));
#4111=DIRECTION('',(-1.,0.,0.));
#4112=DIRECTION('',(0.,0.,-1.));
#4113=DIRECTION('center_axis',(0.,0.,-1.));
#4114=DIRECTION('ref_axis',(-1.,0.,0.));
#4115=DIRECTION('',(0.,-1.,0.));
#4116=DIRECTION('',(1.,0.,0.));
#4117=DIRECTION('',(0.,-1.,0.));
#4118=DIRECTION('center_axis',(1.,0.,0.));
#4119=DIRECTION('ref_axis',(0.,0.,-1.));
#4120=DIRECTION('',(0.,0.,1.));
#4121=DIRECTION('',(0.,-1.,0.));
#4122=DIRECTION('center_axis',(0.,0.,1.));
#4123=DIRECTION('ref_axis',(1.,0.,0.));
#4124=DIRECTION('',(-1.,0.,0.));
#4125=DIRECTION('',(0.,-1.,0.));
#4126=DIRECTION('center_axis',(-1.,0.,0.));
#4127=DIRECTION('ref_axis',(0.,0.,1.));
#4128=DIRECTION('',(0.,0.,-1.));
#4129=DIRECTION('center_axis',(0.,-1.,0.));
#4130=DIRECTION('ref_axis',(1.,0.,0.));
#4131=DIRECTION('',(0.,-1.,0.));
#4132=DIRECTION('',(0.,-1.,0.));
#4133=DIRECTION('',(0.,-1.,0.));
#4134=DIRECTION('',(0.,-1.,0.));
#4135=DIRECTION('',(0.,-1.,0.));
#4136=DIRECTION('',(0.,-1.,0.));
#4137=DIRECTION('',(0.,-1.,0.));
#4138=DIRECTION('',(0.,-1.,0.));
#4139=DIRECTION('',(0.,-1.,0.));
#4140=DIRECTION('',(0.,-1.,0.));
#4141=DIRECTION('',(0.,-1.,0.));
#4142=DIRECTION('',(0.,-1.,0.));
#4143=DIRECTION('',(0.,-1.,0.));
#4144=DIRECTION('',(0.,-1.,0.));
#4145=DIRECTION('',(0.,-1.,0.));
#4146=DIRECTION('',(0.,-1.,0.));
#4147=DIRECTION('',(0.,-1.,0.));
#4148=DIRECTION('',(0.,-1.,0.));
#4149=DIRECTION('',(0.,-1.,0.));
#4150=DIRECTION('',(0.,-1.,0.));
#4151=DIRECTION('',(0.,-1.,0.));
#4152=DIRECTION('',(0.,-1.,0.));
#4153=DIRECTION('',(0.,-1.,0.));
#4154=DIRECTION('',(0.,-1.,0.));
#4155=DIRECTION('',(0.,-1.,0.));
#4156=DIRECTION('',(0.,-1.,0.));
#4157=DIRECTION('',(0.,-1.,0.));
#4158=DIRECTION('',(0.,-1.,0.));
#4159=DIRECTION('',(0.,-1.,0.));
#4160=DIRECTION('',(0.,-1.,0.));
#4161=DIRECTION('',(0.,-1.,0.));
#4162=DIRECTION('',(0.,-1.,0.));
#4163=DIRECTION('',(0.,-1.,0.));
#4164=DIRECTION('center_axis',(0.,-1.,0.));
#4165=DIRECTION('ref_axis',(1.,0.,0.));
#4166=DIRECTION('center_axis',(0.,-1.,0.));
#4167=DIRECTION('ref_axis',(1.,0.,0.));
#4168=DIRECTION('center_axis',(0.,-1.,0.));
#4169=DIRECTION('ref_axis',(1.,0.,0.));
#4170=DIRECTION('center_axis',(-6.2450045135165E-16,-1.,0.));
#4171=DIRECTION('ref_axis',(1.,-6.2450045135165E-16,0.));
#4172=DIRECTION('',(-1.,6.2450045135165E-16,0.));
#4173=DIRECTION('',(0.,0.,1.));
#4174=DIRECTION('',(1.,-6.2450045135165E-16,0.));
#4175=DIRECTION('',(0.,0.,1.));
#4176=DIRECTION('center_axis',(-1.,0.,0.));
#4177=DIRECTION('ref_axis',(0.,-1.,0.));
#4178=DIRECTION('',(0.,1.,0.));
#4179=DIRECTION('',(0.,-1.,0.));
#4180=DIRECTION('',(0.,0.,1.));
#4181=DIRECTION('center_axis',(0.,-1.,0.));
#4182=DIRECTION('ref_axis',(1.,0.,0.));
#4183=DIRECTION('',(-1.,0.,0.));
#4184=DIRECTION('',(1.,0.,0.));
#4185=DIRECTION('',(0.,0.,1.));
#4186=DIRECTION('center_axis',(1.,5.10212787052002E-18,0.));
#4187=DIRECTION('ref_axis',(-5.10212787052002E-18,1.,0.));
#4188=DIRECTION('',(5.10212787052002E-18,-1.,0.));
#4189=DIRECTION('',(-5.10212787052002E-18,1.,0.));
#4190=DIRECTION('',(0.,0.,1.));
#4191=DIRECTION('center_axis',(6.93889390390723E-17,-1.,0.));
#4192=DIRECTION('ref_axis',(1.,6.93889390390723E-17,0.));
#4193=DIRECTION('',(-1.,-6.93889390390723E-17,0.));
#4194=DIRECTION('',(1.,6.93889390390723E-17,0.));
#4195=DIRECTION('',(0.,0.,1.));
#4196=DIRECTION('center_axis',(-1.,1.85863229568944E-16,0.));
#4197=DIRECTION('ref_axis',(-1.85863229568944E-16,-1.,0.));
#4198=DIRECTION('',(1.85863229568944E-16,1.,0.));
#4199=DIRECTION('',(-1.85863229568944E-16,-1.,0.));
#4200=DIRECTION('',(0.,0.,1.));
#4201=DIRECTION('center_axis',(0.,1.,0.));
#4202=DIRECTION('ref_axis',(-1.,0.,0.));
#4203=DIRECTION('',(1.,0.,0.));
#4204=DIRECTION('',(-1.,0.,0.));
#4205=DIRECTION('',(0.,0.,1.));
#4206=DIRECTION('center_axis',(1.,0.,0.));
#4207=DIRECTION('ref_axis',(0.,1.,0.));
#4208=DIRECTION('',(0.,-1.,0.));
#4209=DIRECTION('',(0.,1.,0.));
#4210=DIRECTION('center_axis',(0.,0.,1.));
#4211=DIRECTION('ref_axis',(1.,0.,0.));
#4212=DIRECTION('center_axis',(0.,0.,1.));
#4213=DIRECTION('ref_axis',(1.,0.,0.));
#4214=DIRECTION('',(0.,0.,1.));
#4215=DIRECTION('',(1.,0.,0.));
#4216=CARTESIAN_POINT('',(0.,0.,0.));
#4217=CARTESIAN_POINT('',(0.,0.,0.));
#4218=CARTESIAN_POINT('Origin',(-0.2,21.2,0.));
#4219=CARTESIAN_POINT('',(14.7421204533113,21.2,80.5871669987662));
#4220=CARTESIAN_POINT('',(14.2237030949129,21.2,79.0537445286735));
#4221=CARTESIAN_POINT('Ctrl Pts',(14.7421204533113,21.2,80.5871669987662));
#4222=CARTESIAN_POINT('Ctrl Pts',(14.7249476937145,21.2,80.2938887387649));
#4223=CARTESIAN_POINT('Ctrl Pts',(14.6921648908594,21.2,79.7340204587091));
#4224=CARTESIAN_POINT('Ctrl Pts',(14.3748144571673,21.2,79.2731806137204));
#4225=CARTESIAN_POINT('Ctrl Pts',(14.2237030949129,21.2,79.0537445286735));
#4226=CARTESIAN_POINT('',(14.2673599209322,21.2,82.1260492543204));
#4227=CARTESIAN_POINT('Ctrl Pts',(14.2673599209322,21.2,82.1260492543204));
#4228=CARTESIAN_POINT('Ctrl Pts',(14.4058099348165,21.2,81.8948485547839));
#4229=CARTESIAN_POINT('Ctrl Pts',(14.6894946815053,21.2,81.421117205525));
#4230=CARTESIAN_POINT('Ctrl Pts',(14.7243010483361,21.2,80.8695475882279));
#4231=CARTESIAN_POINT('Ctrl Pts',(14.7421204533113,21.2,80.5871669987662));
#4232=CARTESIAN_POINT('',(12.8867315735353,21.2,83.1192295292838));
#4233=CARTESIAN_POINT('Ctrl Pts',(12.8867315735353,21.2,83.1192295292838));
#4234=CARTESIAN_POINT('Ctrl Pts',(13.1666915808124,21.2,83.0000658156207));
#4235=CARTESIAN_POINT('Ctrl Pts',(13.7021836926406,21.2,82.7721360148489));
#4236=CARTESIAN_POINT('Ctrl Pts',(14.0847856481512,21.2,82.3347608287854));
#4237=CARTESIAN_POINT('Ctrl Pts',(14.2673599209322,21.2,82.1260492543204));
#4238=CARTESIAN_POINT('',(10.4419838871492,21.2,83.4521095494254));
#4239=CARTESIAN_POINT('Ctrl Pts',(10.4419838871492,21.2,83.4521095494254));
#4240=CARTESIAN_POINT('Ctrl Pts',(10.9044246509971,21.2,83.4458643062284));
#4241=CARTESIAN_POINT('Ctrl Pts',(11.7339179986847,21.2,83.4346620332206));
#4242=CARTESIAN_POINT('Ctrl Pts',(12.5330943330541,21.2,83.2159916447583));
#4243=CARTESIAN_POINT('Ctrl Pts',(12.8867315735353,21.2,83.1192295292838));
#4244=CARTESIAN_POINT('',(8.19368953366412,21.2,83.113774512194));
#4245=CARTESIAN_POINT('Ctrl Pts',(8.19368953366412,21.2,83.113774512194));
#4246=CARTESIAN_POINT('Ctrl Pts',(8.50795656345475,21.2,83.2119729344952));
#4247=CARTESIAN_POINT('Ctrl Pts',(9.2383895817439,21.2,83.4402099533149));
#4248=CARTESIAN_POINT('Ctrl Pts',(10.0051310633678,21.2,83.4477905092477));
#4249=CARTESIAN_POINT('Ctrl Pts',(10.4419838871492,21.2,83.4521095494254));
#4250=CARTESIAN_POINT('',(6.99314410348071,21.2,82.1315090397819));
#4251=CARTESIAN_POINT('Ctrl Pts',(6.99314410348071,21.2,82.1315090397819));
#4252=CARTESIAN_POINT('Ctrl Pts',(7.15128691667016,21.2,82.3360704379156));
#4253=CARTESIAN_POINT('Ctrl Pts',(7.4755739401285,21.2,82.755543226956));
#4254=CARTESIAN_POINT('Ctrl Pts',(7.95041231156919,21.2,82.9924158998414));
#4255=CARTESIAN_POINT('Ctrl Pts',(8.19368953366412,21.2,83.113774512194));
#4256=CARTESIAN_POINT('',(6.57295281548633,21.2,80.7072250584586));
#4257=CARTESIAN_POINT('Ctrl Pts',(6.57295281548633,21.2,80.7072250584586));
#4258=CARTESIAN_POINT('Ctrl Pts',(6.59018326468435,21.2,80.9612335001946));
#4259=CARTESIAN_POINT('Ctrl Pts',(6.62450894009302,21.2,81.4672569486776));
#4260=CARTESIAN_POINT('Ctrl Pts',(6.870588852428,21.2,81.9106739435326));
#4261=CARTESIAN_POINT('Ctrl Pts',(6.99314410348071,21.2,82.1315090397819));
#4262=CARTESIAN_POINT('',(7.3151087250246,21.2,78.9064066151603));
#4263=CARTESIAN_POINT('Ctrl Pts',(7.3151087250246,21.2,78.9064066151603));
#4264=CARTESIAN_POINT('Ctrl Pts',(7.0986559615081,21.2,79.163693806921));
#4265=CARTESIAN_POINT('Ctrl Pts',(6.66034164267312,21.2,79.6846973661711));
#4266=CARTESIAN_POINT('Ctrl Pts',(6.60232108215009,21.2,80.3635899862773));
#4267=CARTESIAN_POINT('Ctrl Pts',(6.57295281548633,21.2,80.7072250584586));
#4268=CARTESIAN_POINT('',(9.27418048043384,21.2,78.1915371159537));
#4269=CARTESIAN_POINT('Ctrl Pts',(9.27418048043384,21.2,78.1915371159537));
#4270=CARTESIAN_POINT('Ctrl Pts',(8.89469833487513,21.2,78.2154007483968));
#4271=CARTESIAN_POINT('Ctrl Pts',(8.16933240331072,21.2,78.261015189498));
#4272=CARTESIAN_POINT('Ctrl Pts',(7.59091941145494,21.2,78.6980234285864));
#4273=CARTESIAN_POINT('Ctrl Pts',(7.3151087250246,21.2,78.9064066151603));
#4274=CARTESIAN_POINT('',(11.1732255901827,21.2,78.8791219929679));
#4275=CARTESIAN_POINT('Ctrl Pts',(11.1732255901827,21.2,78.8791219929679));
#4276=CARTESIAN_POINT('Ctrl Pts',(10.9055490381012,21.2,78.6786985161855));
#4277=CARTESIAN_POINT('Ctrl Pts',(10.3438536565413,21.2,78.258127717625));
#4278=CARTESIAN_POINT('Ctrl Pts',(9.64171446678884,21.2,78.2144172907891));
#4279=CARTESIAN_POINT('Ctrl Pts',(9.27418048043384,21.2,78.1915371159537));
#4280=CARTESIAN_POINT('',(11.8935530867113,21.2,80.5598823765739));
#4281=CARTESIAN_POINT('Ctrl Pts',(11.8935530867113,21.2,80.5598823765739));
#4282=CARTESIAN_POINT('Ctrl Pts',(11.863449401268,21.2,80.2414714416603));
#4283=CARTESIAN_POINT('Ctrl Pts',(11.8031967531172,21.2,79.6041706678112));
#4284=CARTESIAN_POINT('Ctrl Pts',(11.3833211506245,21.2,79.1209259304358));
#4285=CARTESIAN_POINT('Ctrl Pts',(11.1732255901827,21.2,78.8791219929679));
#4286=CARTESIAN_POINT('',(11.6043304886354,21.2,81.6622059086783));
#4287=CARTESIAN_POINT('Ctrl Pts',(11.6043304886354,21.2,81.6622059086783));
#4288=CARTESIAN_POINT('Ctrl Pts',(11.6886864600342,21.2,81.4889317132568));
#4289=CARTESIAN_POINT('Ctrl Pts',(11.8582067563802,21.2,81.1407228968578));
#4290=CARTESIAN_POINT('Ctrl Pts',(11.8817335808977,21.2,80.7541104008683));
#4291=CARTESIAN_POINT('Ctrl Pts',(11.8935530867113,21.2,80.5598823765739));
#4292=CARTESIAN_POINT('',(10.840346762134,21.2,82.4698440770133));
#4293=CARTESIAN_POINT('Ctrl Pts',(10.840346762134,21.2,82.4698440770133));
#4294=CARTESIAN_POINT('Ctrl Pts',(10.9903115260509,21.2,82.3611039125329));
#4295=CARTESIAN_POINT('Ctrl Pts',(11.2954516119012,21.2,82.1398453831405));
#4296=CARTESIAN_POINT('Ctrl Pts',(11.5002054076037,21.2,81.8232212863182));
#4297=CARTESIAN_POINT('Ctrl Pts',(11.6043304886354,21.2,81.6622059086783));
#4298=CARTESIAN_POINT('',(11.036800095035,21.2,82.4752990941031));
#4299=CARTESIAN_POINT('Ctrl Pts',(11.036800095035,21.2,82.4752990941031));
#4300=CARTESIAN_POINT('Ctrl Pts',(11.0095122456153,21.2,82.4749526085686));
#4301=CARTESIAN_POINT('Ctrl Pts',(10.944001975632,21.2,82.4741207965571));
#4302=CARTESIAN_POINT('Ctrl Pts',(10.8785406347025,21.2,82.471419921351));
#4303=CARTESIAN_POINT('Ctrl Pts',(10.840346762134,21.2,82.4698440770133));
#4304=CARTESIAN_POINT('',(12.2373455252184,21.2,82.32796118059));
#4305=CARTESIAN_POINT('Ctrl Pts',(12.2373455252184,21.2,82.32796118059));
#4306=CARTESIAN_POINT('Ctrl Pts',(12.0398276377135,21.2,82.3709341145043));
#4307=CARTESIAN_POINT('Ctrl Pts',(11.6441859315972,21.2,82.4570118115953));
#4308=CARTESIAN_POINT('Ctrl Pts',(11.2394686507167,21.2,82.4691971126111));
#4309=CARTESIAN_POINT('Ctrl Pts',(11.036800095035,21.2,82.4752990941031));
#4310=CARTESIAN_POINT('',(13.1759541716112,21.2,81.9623415211661));
#4311=CARTESIAN_POINT('Ctrl Pts',(13.1759541716112,21.2,81.9623415211661));
#4312=CARTESIAN_POINT('Ctrl Pts',(13.0414702748283,21.2,82.0340657345405));
#4313=CARTESIAN_POINT('Ctrl Pts',(12.7433773935414,21.2,82.1930474262841));
#4314=CARTESIAN_POINT('Ctrl Pts',(12.416663319313,21.2,82.2801530516369));
#4315=CARTESIAN_POINT('Ctrl Pts',(12.2373455252184,21.2,82.32796118059));
#4316=CARTESIAN_POINT('',(13.7271141495241,21.2,81.4002649525626));
#4317=CARTESIAN_POINT('Ctrl Pts',(13.7271141495241,21.2,81.4002649525626));
#4318=CARTESIAN_POINT('Ctrl Pts',(13.6520966085649,21.2,81.5097657888306));
#4319=CARTESIAN_POINT('Ctrl Pts',(13.5015043743732,21.2,81.7295807196934));
#4320=CARTESIAN_POINT('Ctrl Pts',(13.2847382320647,21.2,81.8845634553446));
#4321=CARTESIAN_POINT('Ctrl Pts',(13.1759541716112,21.2,81.9623415211661));
#4322=CARTESIAN_POINT('',(13.9344810928835,21.2,80.6089966038688));
#4323=CARTESIAN_POINT('Ctrl Pts',(13.9344810928835,21.2,80.6089966038688));
#4324=CARTESIAN_POINT('Ctrl Pts',(13.9271139804962,21.2,80.7530750221096));
#4325=CARTESIAN_POINT('Ctrl Pts',(13.9128772000128,21.2,81.0315033540051));
#4326=CARTESIAN_POINT('Ctrl Pts',(13.7875757897932,21.2,81.280241454572));
#4327=CARTESIAN_POINT('Ctrl Pts',(13.7271141495241,21.2,81.4002649525626));
#4328=CARTESIAN_POINT('',(13.6343442883028,21.2,79.7413294056876));
#4329=CARTESIAN_POINT('Ctrl Pts',(13.6343442883028,21.2,79.7413294056876));
#4330=CARTESIAN_POINT('Ctrl Pts',(13.7218393410269,21.2,79.8655997817916));
#4331=CARTESIAN_POINT('Ctrl Pts',(13.90475378844,21.2,80.1253955812929));
#4332=CARTESIAN_POINT('Ctrl Pts',(13.9242898729646,21.2,80.4432067865162));
#4333=CARTESIAN_POINT('Ctrl Pts',(13.9344810928835,21.2,80.6089966038688));
#4334=CARTESIAN_POINT('',(12.6684510197176,21.2,79.2829410771354));
#4335=CARTESIAN_POINT('Ctrl Pts',(12.6684510197176,21.2,79.2829410771354));
#4336=CARTESIAN_POINT('Ctrl Pts',(12.868050075443,21.2,79.3247490609716));
#4337=CARTESIAN_POINT('Ctrl Pts',(13.2284286505537,21.2,79.4002338952479));
#4338=CARTESIAN_POINT('Ctrl Pts',(13.5091175637493,21.2,79.6360999699134));
#4339=CARTESIAN_POINT('Ctrl Pts',(13.6343442883028,21.2,79.7413294056876));
#4340=CARTESIAN_POINT('',(12.7557634796633,21.2,78.3388750294669));
#4341=CARTESIAN_POINT('',(12.7557634796633,21.2,78.3388750294669));
#4342=CARTESIAN_POINT('Ctrl Pts',(14.2237030949129,21.2,79.0537445286735));
#4343=CARTESIAN_POINT('Ctrl Pts',(14.0243339175218,21.2,78.8744393333291));
#4344=CARTESIAN_POINT('Ctrl Pts',(13.6044909670609,21.2,78.4968482571588));
#4345=CARTESIAN_POINT('Ctrl Pts',(13.0479972205264,21.2,78.3932683511987));
#4346=CARTESIAN_POINT('Ctrl Pts',(12.7557634796633,21.2,78.3388750294669));
#4347=CARTESIAN_POINT('',(11.0258858885302,21.2,80.799993727587));
#4348=CARTESIAN_POINT('',(10.5511247601046,21.2,81.9186823109611));
#4349=CARTESIAN_POINT('Ctrl Pts',(11.0258858885302,21.2,80.799993727587));
#4350=CARTESIAN_POINT('Ctrl Pts',(11.0073954355547,21.2,81.0159362682308));
#4351=CARTESIAN_POINT('Ctrl Pts',(10.9709944359484,21.2,81.4410488572749));
#4352=CARTESIAN_POINT('Ctrl Pts',(10.6895869459401,21.2,81.7611711215839));
#4353=CARTESIAN_POINT('Ctrl Pts',(10.5511247601046,21.2,81.9186823109611));
#4354=CARTESIAN_POINT('',(10.5511247601046,21.2,79.6594755391105));
#4355=CARTESIAN_POINT('Ctrl Pts',(10.5511247601046,21.2,79.6594755391105));
#4356=CARTESIAN_POINT('Ctrl Pts',(10.6895953701088,21.2,79.8235661897814));
#4357=CARTESIAN_POINT('Ctrl Pts',(10.9680504630438,21.2,80.1535414630973));
#4358=CARTESIAN_POINT('Ctrl Pts',(11.006537665755,21.2,80.5837300393429));
#4359=CARTESIAN_POINT('Ctrl Pts',(11.0258858885302,21.2,80.799993727587));
#4360=CARTESIAN_POINT('',(9.3069230999483,21.2,79.2010872105582));
#4361=CARTESIAN_POINT('Ctrl Pts',(9.3069230999483,21.2,79.2010872105582));
#4362=CARTESIAN_POINT('Ctrl Pts',(9.54633923294972,21.2,79.2170180153537));
#4363=CARTESIAN_POINT('Ctrl Pts',(10.0071545271386,21.2,79.2476807714783));
#4364=CARTESIAN_POINT('Ctrl Pts',(10.3745900174873,21.2,79.5258357204044));
#4365=CARTESIAN_POINT('Ctrl Pts',(10.5511247601046,21.2,79.6594755391105));
#4366=CARTESIAN_POINT('',(7.92083854336871,21.2,79.6867601613029));
#4367=CARTESIAN_POINT('Ctrl Pts',(7.92083854336871,21.2,79.6867601613029));
#4368=CARTESIAN_POINT('Ctrl Pts',(8.11821643235734,21.2,79.5451845774188));
#4369=CARTESIAN_POINT('Ctrl Pts',(8.53172222363363,21.2,79.2485843648045));
#4370=CARTESIAN_POINT('Ctrl Pts',(9.0408278433538,21.2,79.2173910717029));
#4371=CARTESIAN_POINT('Ctrl Pts',(9.3069230999483,21.2,79.2010872105582));
#4372=CARTESIAN_POINT('',(7.38604957718982,21.2,80.8272783497794));
#4373=CARTESIAN_POINT('Ctrl Pts',(7.38604957718982,21.2,80.8272783497794));
#4374=CARTESIAN_POINT('Ctrl Pts',(7.41072260706954,21.2,80.6139151931954));
#4375=CARTESIAN_POINT('Ctrl Pts',(7.46148784168967,21.2,80.1749163853438));
#4376=CARTESIAN_POINT('Ctrl Pts',(7.76489433477184,21.2,79.8524835089573));
#4377=CARTESIAN_POINT('Ctrl Pts',(7.92083854336871,21.2,79.6867601613029));
#4378=CARTESIAN_POINT('',(7.88263911862506,21.2,81.9077675084098));
#4379=CARTESIAN_POINT('Ctrl Pts',(7.88263911862506,21.2,81.9077675084098));
#4380=CARTESIAN_POINT('Ctrl Pts',(7.73781073268096,21.2,81.7525659391309));
#4381=CARTESIAN_POINT('Ctrl Pts',(7.45258714755341,21.2,81.4469135097499));
#4382=CARTESIAN_POINT('Ctrl Pts',(7.407997751915,21.2,81.0316720582149));
#4383=CARTESIAN_POINT('Ctrl Pts',(7.38604957718982,21.2,80.8272783497794));
#4384=CARTESIAN_POINT('',(9.22506744523181,21.2,82.3607055882438));
#4385=CARTESIAN_POINT('Ctrl Pts',(9.22506744523181,21.2,82.3607055882438));
#4386=CARTESIAN_POINT('Ctrl Pts',(8.96375211302789,21.2,82.3471020240457));
#4387=CARTESIAN_POINT('Ctrl Pts',(8.47226477906214,21.2,82.3215161564133));
#4388=CARTESIAN_POINT('Ctrl Pts',(8.07069920713776,21.2,82.0397319268305));
#4389=CARTESIAN_POINT('Ctrl Pts',(7.88263911862506,21.2,81.9077675084098));
#4390=CARTESIAN_POINT('Ctrl Pts',(10.5511247601046,21.2,81.9186823109611));
#4391=CARTESIAN_POINT('Ctrl Pts',(10.366944190165,21.2,82.0474297201442));
#4392=CARTESIAN_POINT('Ctrl Pts',(9.9702411826009,21.2,82.3247363027863));
#4393=CARTESIAN_POINT('Ctrl Pts',(9.48501413716693,21.2,82.3481580489291));
#4394=CARTESIAN_POINT('Ctrl Pts',(9.22506744523181,21.2,82.3607055882438));
#4395=CARTESIAN_POINT('Ctrl Pts',(14.7421204533113,21.2,80.5871669987662));
#4396=CARTESIAN_POINT('Ctrl Pts',(14.7421204533113,20.2,80.5871669987662));
#4397=CARTESIAN_POINT('Ctrl Pts',(14.7249476937145,21.2,80.2938887387649));
#4398=CARTESIAN_POINT('Ctrl Pts',(14.7249476937145,20.2,80.2938887387649));
#4399=CARTESIAN_POINT('Ctrl Pts',(14.6921648908594,21.2,79.7340204587091));
#4400=CARTESIAN_POINT('Ctrl Pts',(14.6921648908594,20.2,79.7340204587091));
#4401=CARTESIAN_POINT('Ctrl Pts',(14.3748144571673,21.2,79.2731806137204));
#4402=CARTESIAN_POINT('Ctrl Pts',(14.3748144571673,20.2,79.2731806137204));
#4403=CARTESIAN_POINT('Ctrl Pts',(14.2237030949129,21.2,79.0537445286735));
#4404=CARTESIAN_POINT('Ctrl Pts',(14.2237030949129,20.2,79.0537445286735));
#4405=CARTESIAN_POINT('',(14.2237030949129,20.2,79.0537445286735));
#4406=CARTESIAN_POINT('',(14.2237030949129,20.2,79.0537445286735));
#4407=CARTESIAN_POINT('',(14.7421204533113,20.2,80.5871669987662));
#4408=CARTESIAN_POINT('Ctrl Pts',(14.7421204533113,20.2,80.5871669987662));
#4409=CARTESIAN_POINT('Ctrl Pts',(14.7249476937145,20.2,80.2938887387649));
#4410=CARTESIAN_POINT('Ctrl Pts',(14.6921648908594,20.2,79.7340204587091));
#4411=CARTESIAN_POINT('Ctrl Pts',(14.3748144571673,20.2,79.2731806137204));
#4412=CARTESIAN_POINT('Ctrl Pts',(14.2237030949129,20.2,79.0537445286735));
#4413=CARTESIAN_POINT('',(14.7421204533113,20.2,80.5871669987662));
#4414=CARTESIAN_POINT('Ctrl Pts',(14.2673599209322,21.2,82.1260492543204));
#4415=CARTESIAN_POINT('Ctrl Pts',(14.2673599209322,20.2,82.1260492543204));
#4416=CARTESIAN_POINT('Ctrl Pts',(14.4058099348165,21.2,81.8948485547839));
#4417=CARTESIAN_POINT('Ctrl Pts',(14.4058099348165,20.2,81.8948485547839));
#4418=CARTESIAN_POINT('Ctrl Pts',(14.6894946815053,21.2,81.421117205525));
#4419=CARTESIAN_POINT('Ctrl Pts',(14.6894946815053,20.2,81.421117205525));
#4420=CARTESIAN_POINT('Ctrl Pts',(14.7243010483361,21.2,80.8695475882279));
#4421=CARTESIAN_POINT('Ctrl Pts',(14.7243010483361,20.2,80.8695475882279));
#4422=CARTESIAN_POINT('Ctrl Pts',(14.7421204533113,21.2,80.5871669987662));
#4423=CARTESIAN_POINT('Ctrl Pts',(14.7421204533113,20.2,80.5871669987662));
#4424=CARTESIAN_POINT('',(14.2673599209322,20.2,82.1260492543204));
#4425=CARTESIAN_POINT('Ctrl Pts',(14.2673599209322,20.2,82.1260492543204));
#4426=CARTESIAN_POINT('Ctrl Pts',(14.4058099348165,20.2,81.8948485547839));
#4427=CARTESIAN_POINT('Ctrl Pts',(14.6894946815053,20.2,81.421117205525));
#4428=CARTESIAN_POINT('Ctrl Pts',(14.7243010483361,20.2,80.8695475882279));
#4429=CARTESIAN_POINT('Ctrl Pts',(14.7421204533113,20.2,80.5871669987662));
#4430=CARTESIAN_POINT('',(14.2673599209322,20.2,82.1260492543204));
#4431=CARTESIAN_POINT('Ctrl Pts',(12.8867315735353,21.2,83.1192295292838));
#4432=CARTESIAN_POINT('Ctrl Pts',(12.8867315735353,20.2,83.1192295292838));
#4433=CARTESIAN_POINT('Ctrl Pts',(13.1666915808124,21.2,83.0000658156207));
#4434=CARTESIAN_POINT('Ctrl Pts',(13.1666915808124,20.2,83.0000658156207));
#4435=CARTESIAN_POINT('Ctrl Pts',(13.7021836926406,21.2,82.7721360148489));
#4436=CARTESIAN_POINT('Ctrl Pts',(13.7021836926406,20.2,82.7721360148489));
#4437=CARTESIAN_POINT('Ctrl Pts',(14.0847856481512,21.2,82.3347608287854));
#4438=CARTESIAN_POINT('Ctrl Pts',(14.0847856481512,20.2,82.3347608287854));
#4439=CARTESIAN_POINT('Ctrl Pts',(14.2673599209322,21.2,82.1260492543204));
#4440=CARTESIAN_POINT('Ctrl Pts',(14.2673599209322,20.2,82.1260492543204));
#4441=CARTESIAN_POINT('',(12.8867315735353,20.2,83.1192295292838));
#4442=CARTESIAN_POINT('Ctrl Pts',(12.8867315735353,20.2,83.1192295292838));
#4443=CARTESIAN_POINT('Ctrl Pts',(13.1666915808124,20.2,83.0000658156207));
#4444=CARTESIAN_POINT('Ctrl Pts',(13.7021836926406,20.2,82.7721360148489));
#4445=CARTESIAN_POINT('Ctrl Pts',(14.0847856481512,20.2,82.3347608287854));
#4446=CARTESIAN_POINT('Ctrl Pts',(14.2673599209322,20.2,82.1260492543204));
#4447=CARTESIAN_POINT('',(12.8867315735353,20.2,83.1192295292838));
#4448=CARTESIAN_POINT('Ctrl Pts',(10.4419838871492,21.2,83.4521095494254));
#4449=CARTESIAN_POINT('Ctrl Pts',(10.4419838871492,20.2,83.4521095494254));
#4450=CARTESIAN_POINT('Ctrl Pts',(10.9044246509971,21.2,83.4458643062284));
#4451=CARTESIAN_POINT('Ctrl Pts',(10.9044246509971,20.2,83.4458643062284));
#4452=CARTESIAN_POINT('Ctrl Pts',(11.7339179986847,21.2,83.4346620332206));
#4453=CARTESIAN_POINT('Ctrl Pts',(11.7339179986847,20.2,83.4346620332206));
#4454=CARTESIAN_POINT('Ctrl Pts',(12.5330943330541,21.2,83.2159916447583));
#4455=CARTESIAN_POINT('Ctrl Pts',(12.5330943330541,20.2,83.2159916447583));
#4456=CARTESIAN_POINT('Ctrl Pts',(12.8867315735353,21.2,83.1192295292838));
#4457=CARTESIAN_POINT('Ctrl Pts',(12.8867315735353,20.2,83.1192295292838));
#4458=CARTESIAN_POINT('',(10.4419838871492,20.2,83.4521095494254));
#4459=CARTESIAN_POINT('Ctrl Pts',(10.4419838871492,20.2,83.4521095494254));
#4460=CARTESIAN_POINT('Ctrl Pts',(10.9044246509971,20.2,83.4458643062284));
#4461=CARTESIAN_POINT('Ctrl Pts',(11.7339179986847,20.2,83.4346620332206));
#4462=CARTESIAN_POINT('Ctrl Pts',(12.5330943330541,20.2,83.2159916447583));
#4463=CARTESIAN_POINT('Ctrl Pts',(12.8867315735353,20.2,83.1192295292838));
#4464=CARTESIAN_POINT('',(10.4419838871492,20.2,83.4521095494254));
#4465=CARTESIAN_POINT('Ctrl Pts',(8.19368953366412,21.2,83.113774512194));
#4466=CARTESIAN_POINT('Ctrl Pts',(8.19368953366412,20.2,83.113774512194));
#4467=CARTESIAN_POINT('Ctrl Pts',(8.50795656345475,21.2,83.2119729344952));
#4468=CARTESIAN_POINT('Ctrl Pts',(8.50795656345475,20.2,83.2119729344952));
#4469=CARTESIAN_POINT('Ctrl Pts',(9.2383895817439,21.2,83.4402099533149));
#4470=CARTESIAN_POINT('Ctrl Pts',(9.2383895817439,20.2,83.4402099533149));
#4471=CARTESIAN_POINT('Ctrl Pts',(10.0051310633678,21.2,83.4477905092477));
#4472=CARTESIAN_POINT('Ctrl Pts',(10.0051310633678,20.2,83.4477905092477));
#4473=CARTESIAN_POINT('Ctrl Pts',(10.4419838871492,21.2,83.4521095494254));
#4474=CARTESIAN_POINT('Ctrl Pts',(10.4419838871492,20.2,83.4521095494254));
#4475=CARTESIAN_POINT('',(8.19368953366412,20.2,83.113774512194));
#4476=CARTESIAN_POINT('Ctrl Pts',(8.19368953366412,20.2,83.113774512194));
#4477=CARTESIAN_POINT('Ctrl Pts',(8.50795656345475,20.2,83.2119729344952));
#4478=CARTESIAN_POINT('Ctrl Pts',(9.2383895817439,20.2,83.4402099533149));
#4479=CARTESIAN_POINT('Ctrl Pts',(10.0051310633678,20.2,83.4477905092477));
#4480=CARTESIAN_POINT('Ctrl Pts',(10.4419838871492,20.2,83.4521095494254));
#4481=CARTESIAN_POINT('',(8.19368953366412,20.2,83.113774512194));
#4482=CARTESIAN_POINT('Ctrl Pts',(6.99314410348071,21.2,82.1315090397819));
#4483=CARTESIAN_POINT('Ctrl Pts',(6.99314410348071,20.2,82.1315090397819));
#4484=CARTESIAN_POINT('Ctrl Pts',(7.15128691667016,21.2,82.3360704379156));
#4485=CARTESIAN_POINT('Ctrl Pts',(7.15128691667016,20.2,82.3360704379156));
#4486=CARTESIAN_POINT('Ctrl Pts',(7.4755739401285,21.2,82.755543226956));
#4487=CARTESIAN_POINT('Ctrl Pts',(7.4755739401285,20.2,82.755543226956));
#4488=CARTESIAN_POINT('Ctrl Pts',(7.95041231156919,21.2,82.9924158998414));
#4489=CARTESIAN_POINT('Ctrl Pts',(7.95041231156919,20.2,82.9924158998414));
#4490=CARTESIAN_POINT('Ctrl Pts',(8.19368953366412,21.2,83.113774512194));
#4491=CARTESIAN_POINT('Ctrl Pts',(8.19368953366412,20.2,83.113774512194));
#4492=CARTESIAN_POINT('',(6.99314410348071,20.2,82.1315090397819));
#4493=CARTESIAN_POINT('Ctrl Pts',(6.99314410348071,20.2,82.1315090397819));
#4494=CARTESIAN_POINT('Ctrl Pts',(7.15128691667016,20.2,82.3360704379156));
#4495=CARTESIAN_POINT('Ctrl Pts',(7.4755739401285,20.2,82.755543226956));
#4496=CARTESIAN_POINT('Ctrl Pts',(7.95041231156919,20.2,82.9924158998414));
#4497=CARTESIAN_POINT('Ctrl Pts',(8.19368953366412,20.2,83.113774512194));
#4498=CARTESIAN_POINT('',(6.99314410348071,20.2,82.1315090397819));
#4499=CARTESIAN_POINT('Ctrl Pts',(6.57295281548633,21.2,80.7072250584586));
#4500=CARTESIAN_POINT('Ctrl Pts',(6.57295281548633,20.2,80.7072250584586));
#4501=CARTESIAN_POINT('Ctrl Pts',(6.59018326468435,21.2,80.9612335001946));
#4502=CARTESIAN_POINT('Ctrl Pts',(6.59018326468435,20.2,80.9612335001946));
#4503=CARTESIAN_POINT('Ctrl Pts',(6.62450894009302,21.2,81.4672569486776));
#4504=CARTESIAN_POINT('Ctrl Pts',(6.62450894009302,20.2,81.4672569486776));
#4505=CARTESIAN_POINT('Ctrl Pts',(6.870588852428,21.2,81.9106739435326));
#4506=CARTESIAN_POINT('Ctrl Pts',(6.870588852428,20.2,81.9106739435326));
#4507=CARTESIAN_POINT('Ctrl Pts',(6.99314410348071,21.2,82.1315090397819));
#4508=CARTESIAN_POINT('Ctrl Pts',(6.99314410348071,20.2,82.1315090397819));
#4509=CARTESIAN_POINT('',(6.57295281548633,20.2,80.7072250584586));
#4510=CARTESIAN_POINT('Ctrl Pts',(6.57295281548633,20.2,80.7072250584586));
#4511=CARTESIAN_POINT('Ctrl Pts',(6.59018326468435,20.2,80.9612335001946));
#4512=CARTESIAN_POINT('Ctrl Pts',(6.62450894009302,20.2,81.4672569486776));
#4513=CARTESIAN_POINT('Ctrl Pts',(6.870588852428,20.2,81.9106739435326));
#4514=CARTESIAN_POINT('Ctrl Pts',(6.99314410348071,20.2,82.1315090397819));
#4515=CARTESIAN_POINT('',(6.57295281548633,20.2,80.7072250584586));
#4516=CARTESIAN_POINT('Ctrl Pts',(7.3151087250246,21.2,78.9064066151603));
#4517=CARTESIAN_POINT('Ctrl Pts',(7.3151087250246,20.2,78.9064066151603));
#4518=CARTESIAN_POINT('Ctrl Pts',(7.0986559615081,21.2,79.163693806921));
#4519=CARTESIAN_POINT('Ctrl Pts',(7.0986559615081,20.2,79.163693806921));
#4520=CARTESIAN_POINT('Ctrl Pts',(6.66034164267312,21.2,79.6846973661711));
#4521=CARTESIAN_POINT('Ctrl Pts',(6.66034164267312,20.2,79.6846973661711));
#4522=CARTESIAN_POINT('Ctrl Pts',(6.60232108215009,21.2,80.3635899862773));
#4523=CARTESIAN_POINT('Ctrl Pts',(6.60232108215009,20.2,80.3635899862773));
#4524=CARTESIAN_POINT('Ctrl Pts',(6.57295281548633,21.2,80.7072250584586));
#4525=CARTESIAN_POINT('Ctrl Pts',(6.57295281548633,20.2,80.7072250584586));
#4526=CARTESIAN_POINT('',(7.3151087250246,20.2,78.9064066151603));
#4527=CARTESIAN_POINT('Ctrl Pts',(7.3151087250246,20.2,78.9064066151603));
#4528=CARTESIAN_POINT('Ctrl Pts',(7.0986559615081,20.2,79.163693806921));
#4529=CARTESIAN_POINT('Ctrl Pts',(6.66034164267312,20.2,79.6846973661711));
#4530=CARTESIAN_POINT('Ctrl Pts',(6.60232108215009,20.2,80.3635899862773));
#4531=CARTESIAN_POINT('Ctrl Pts',(6.57295281548633,20.2,80.7072250584586));
#4532=CARTESIAN_POINT('',(7.3151087250246,20.2,78.9064066151603));
#4533=CARTESIAN_POINT('Ctrl Pts',(9.27418048043384,21.2,78.1915371159537));
#4534=CARTESIAN_POINT('Ctrl Pts',(9.27418048043384,20.2,78.1915371159537));
#4535=CARTESIAN_POINT('Ctrl Pts',(8.89469833487513,21.2,78.2154007483968));
#4536=CARTESIAN_POINT('Ctrl Pts',(8.89469833487513,20.2,78.2154007483968));
#4537=CARTESIAN_POINT('Ctrl Pts',(8.16933240331072,21.2,78.261015189498));
#4538=CARTESIAN_POINT('Ctrl Pts',(8.16933240331072,20.2,78.261015189498));
#4539=CARTESIAN_POINT('Ctrl Pts',(7.59091941145494,21.2,78.6980234285864));
#4540=CARTESIAN_POINT('Ctrl Pts',(7.59091941145494,20.2,78.6980234285864));
#4541=CARTESIAN_POINT('Ctrl Pts',(7.3151087250246,21.2,78.9064066151603));
#4542=CARTESIAN_POINT('Ctrl Pts',(7.3151087250246,20.2,78.9064066151603));
#4543=CARTESIAN_POINT('',(9.27418048043384,20.2,78.1915371159537));
#4544=CARTESIAN_POINT('Ctrl Pts',(9.27418048043384,20.2,78.1915371159537));
#4545=CARTESIAN_POINT('Ctrl Pts',(8.89469833487513,20.2,78.2154007483968));
#4546=CARTESIAN_POINT('Ctrl Pts',(8.16933240331072,20.2,78.261015189498));
#4547=CARTESIAN_POINT('Ctrl Pts',(7.59091941145494,20.2,78.6980234285864));
#4548=CARTESIAN_POINT('Ctrl Pts',(7.3151087250246,20.2,78.9064066151603));
#4549=CARTESIAN_POINT('',(9.27418048043384,20.2,78.1915371159537));
#4550=CARTESIAN_POINT('Ctrl Pts',(11.1732255901827,21.2,78.8791219929679));
#4551=CARTESIAN_POINT('Ctrl Pts',(11.1732255901827,20.2,78.8791219929679));
#4552=CARTESIAN_POINT('Ctrl Pts',(10.9055490381012,21.2,78.6786985161855));
#4553=CARTESIAN_POINT('Ctrl Pts',(10.9055490381012,20.2,78.6786985161855));
#4554=CARTESIAN_POINT('Ctrl Pts',(10.3438536565413,21.2,78.258127717625));
#4555=CARTESIAN_POINT('Ctrl Pts',(10.3438536565413,20.2,78.258127717625));
#4556=CARTESIAN_POINT('Ctrl Pts',(9.64171446678884,21.2,78.2144172907891));
#4557=CARTESIAN_POINT('Ctrl Pts',(9.64171446678884,20.2,78.2144172907891));
#4558=CARTESIAN_POINT('Ctrl Pts',(9.27418048043384,21.2,78.1915371159537));
#4559=CARTESIAN_POINT('Ctrl Pts',(9.27418048043384,20.2,78.1915371159537));
#4560=CARTESIAN_POINT('',(11.1732255901827,20.2,78.8791219929679));
#4561=CARTESIAN_POINT('Ctrl Pts',(11.1732255901827,20.2,78.8791219929679));
#4562=CARTESIAN_POINT('Ctrl Pts',(10.9055490381012,20.2,78.6786985161855));
#4563=CARTESIAN_POINT('Ctrl Pts',(10.3438536565413,20.2,78.258127717625));
#4564=CARTESIAN_POINT('Ctrl Pts',(9.64171446678884,20.2,78.2144172907891));
#4565=CARTESIAN_POINT('Ctrl Pts',(9.27418048043384,20.2,78.1915371159537));
#4566=CARTESIAN_POINT('',(11.1732255901827,20.2,78.8791219929679));
#4567=CARTESIAN_POINT('Ctrl Pts',(11.8935530867113,21.2,80.5598823765739));
#4568=CARTESIAN_POINT('Ctrl Pts',(11.8935530867113,20.2,80.5598823765739));
#4569=CARTESIAN_POINT('Ctrl Pts',(11.863449401268,21.2,80.2414714416603));
#4570=CARTESIAN_POINT('Ctrl Pts',(11.863449401268,20.2,80.2414714416603));
#4571=CARTESIAN_POINT('Ctrl Pts',(11.8031967531172,21.2,79.6041706678112));
#4572=CARTESIAN_POINT('Ctrl Pts',(11.8031967531172,20.2,79.6041706678112));
#4573=CARTESIAN_POINT('Ctrl Pts',(11.3833211506245,21.2,79.1209259304358));
#4574=CARTESIAN_POINT('Ctrl Pts',(11.3833211506245,20.2,79.1209259304358));
#4575=CARTESIAN_POINT('Ctrl Pts',(11.1732255901827,21.2,78.8791219929679));
#4576=CARTESIAN_POINT('Ctrl Pts',(11.1732255901827,20.2,78.8791219929679));
#4577=CARTESIAN_POINT('',(11.8935530867113,20.2,80.5598823765739));
#4578=CARTESIAN_POINT('Ctrl Pts',(11.8935530867113,20.2,80.5598823765739));
#4579=CARTESIAN_POINT('Ctrl Pts',(11.863449401268,20.2,80.2414714416603));
#4580=CARTESIAN_POINT('Ctrl Pts',(11.8031967531172,20.2,79.6041706678112));
#4581=CARTESIAN_POINT('Ctrl Pts',(11.3833211506245,20.2,79.1209259304358));
#4582=CARTESIAN_POINT('Ctrl Pts',(11.1732255901827,20.2,78.8791219929679));
#4583=CARTESIAN_POINT('',(11.8935530867113,20.2,80.5598823765739));
#4584=CARTESIAN_POINT('Ctrl Pts',(11.6043304886354,21.2,81.6622059086783));
#4585=CARTESIAN_POINT('Ctrl Pts',(11.6043304886354,20.2,81.6622059086783));
#4586=CARTESIAN_POINT('Ctrl Pts',(11.6886864600342,21.2,81.4889317132568));
#4587=CARTESIAN_POINT('Ctrl Pts',(11.6886864600342,20.2,81.4889317132568));
#4588=CARTESIAN_POINT('Ctrl Pts',(11.8582067563802,21.2,81.1407228968578));
#4589=CARTESIAN_POINT('Ctrl Pts',(11.8582067563802,20.2,81.1407228968578));
#4590=CARTESIAN_POINT('Ctrl Pts',(11.8817335808977,21.2,80.7541104008683));
#4591=CARTESIAN_POINT('Ctrl Pts',(11.8817335808977,20.2,80.7541104008683));
#4592=CARTESIAN_POINT('Ctrl Pts',(11.8935530867113,21.2,80.5598823765739));
#4593=CARTESIAN_POINT('Ctrl Pts',(11.8935530867113,20.2,80.5598823765739));
#4594=CARTESIAN_POINT('',(11.6043304886354,20.2,81.6622059086783));
#4595=CARTESIAN_POINT('Ctrl Pts',(11.6043304886354,20.2,81.6622059086783));
#4596=CARTESIAN_POINT('Ctrl Pts',(11.6886864600342,20.2,81.4889317132568));
#4597=CARTESIAN_POINT('Ctrl Pts',(11.8582067563802,20.2,81.1407228968578));
#4598=CARTESIAN_POINT('Ctrl Pts',(11.8817335808977,20.2,80.7541104008683));
#4599=CARTESIAN_POINT('Ctrl Pts',(11.8935530867113,20.2,80.5598823765739));
#4600=CARTESIAN_POINT('',(11.6043304886354,20.2,81.6622059086783));
#4601=CARTESIAN_POINT('Ctrl Pts',(10.840346762134,21.2,82.4698440770133));
#4602=CARTESIAN_POINT('Ctrl Pts',(10.840346762134,20.2,82.4698440770133));
#4603=CARTESIAN_POINT('Ctrl Pts',(10.9903115260509,21.2,82.3611039125329));
#4604=CARTESIAN_POINT('Ctrl Pts',(10.9903115260509,20.2,82.3611039125329));
#4605=CARTESIAN_POINT('Ctrl Pts',(11.2954516119012,21.2,82.1398453831405));
#4606=CARTESIAN_POINT('Ctrl Pts',(11.2954516119012,20.2,82.1398453831405));
#4607=CARTESIAN_POINT('Ctrl Pts',(11.5002054076037,21.2,81.8232212863182));
#4608=CARTESIAN_POINT('Ctrl Pts',(11.5002054076037,20.2,81.8232212863182));
#4609=CARTESIAN_POINT('Ctrl Pts',(11.6043304886354,21.2,81.6622059086783));
#4610=CARTESIAN_POINT('Ctrl Pts',(11.6043304886354,20.2,81.6622059086783));
#4611=CARTESIAN_POINT('',(10.840346762134,20.2,82.4698440770133));
#4612=CARTESIAN_POINT('Ctrl Pts',(10.840346762134,20.2,82.4698440770133));
#4613=CARTESIAN_POINT('Ctrl Pts',(10.9903115260509,20.2,82.3611039125329));
#4614=CARTESIAN_POINT('Ctrl Pts',(11.2954516119012,20.2,82.1398453831405));
#4615=CARTESIAN_POINT('Ctrl Pts',(11.5002054076037,20.2,81.8232212863182));
#4616=CARTESIAN_POINT('Ctrl Pts',(11.6043304886354,20.2,81.6622059086783));
#4617=CARTESIAN_POINT('',(10.840346762134,20.2,82.4698440770133));
#4618=CARTESIAN_POINT('Ctrl Pts',(11.036800095035,21.2,82.4752990941031));
#4619=CARTESIAN_POINT('Ctrl Pts',(11.036800095035,20.2,82.4752990941031));
#4620=CARTESIAN_POINT('Ctrl Pts',(11.0095122456153,21.2,82.4749526085686));
#4621=CARTESIAN_POINT('Ctrl Pts',(11.0095122456153,20.2,82.4749526085686));
#4622=CARTESIAN_POINT('Ctrl Pts',(10.944001975632,21.2,82.4741207965571));
#4623=CARTESIAN_POINT('Ctrl Pts',(10.944001975632,20.2,82.4741207965571));
#4624=CARTESIAN_POINT('Ctrl Pts',(10.8785406347025,21.2,82.471419921351));
#4625=CARTESIAN_POINT('Ctrl Pts',(10.8785406347025,20.2,82.471419921351));
#4626=CARTESIAN_POINT('Ctrl Pts',(10.840346762134,21.2,82.4698440770133));
#4627=CARTESIAN_POINT('Ctrl Pts',(10.840346762134,20.2,82.4698440770133));
#4628=CARTESIAN_POINT('',(11.036800095035,20.2,82.4752990941031));
#4629=CARTESIAN_POINT('Ctrl Pts',(11.036800095035,20.2,82.4752990941031));
#4630=CARTESIAN_POINT('Ctrl Pts',(11.0095122456153,20.2,82.4749526085686));
#4631=CARTESIAN_POINT('Ctrl Pts',(10.944001975632,20.2,82.4741207965571));
#4632=CARTESIAN_POINT('Ctrl Pts',(10.8785406347025,20.2,82.471419921351));
#4633=CARTESIAN_POINT('Ctrl Pts',(10.840346762134,20.2,82.4698440770133));
#4634=CARTESIAN_POINT('',(11.036800095035,20.2,82.4752990941031));
#4635=CARTESIAN_POINT('Ctrl Pts',(12.2373455252184,21.2,82.32796118059));
#4636=CARTESIAN_POINT('Ctrl Pts',(12.2373455252184,20.2,82.32796118059));
#4637=CARTESIAN_POINT('Ctrl Pts',(12.0398276377135,21.2,82.3709341145043));
#4638=CARTESIAN_POINT('Ctrl Pts',(12.0398276377135,20.2,82.3709341145043));
#4639=CARTESIAN_POINT('Ctrl Pts',(11.6441859315972,21.2,82.4570118115953));
#4640=CARTESIAN_POINT('Ctrl Pts',(11.6441859315972,20.2,82.4570118115953));
#4641=CARTESIAN_POINT('Ctrl Pts',(11.2394686507167,21.2,82.4691971126111));
#4642=CARTESIAN_POINT('Ctrl Pts',(11.2394686507167,20.2,82.4691971126111));
#4643=CARTESIAN_POINT('Ctrl Pts',(11.036800095035,21.2,82.4752990941031));
#4644=CARTESIAN_POINT('Ctrl Pts',(11.036800095035,20.2,82.4752990941031));
#4645=CARTESIAN_POINT('',(12.2373455252184,20.2,82.32796118059));
#4646=CARTESIAN_POINT('Ctrl Pts',(12.2373455252184,20.2,82.32796118059));
#4647=CARTESIAN_POINT('Ctrl Pts',(12.0398276377135,20.2,82.3709341145043));
#4648=CARTESIAN_POINT('Ctrl Pts',(11.6441859315972,20.2,82.4570118115953));
#4649=CARTESIAN_POINT('Ctrl Pts',(11.2394686507167,20.2,82.4691971126111));
#4650=CARTESIAN_POINT('Ctrl Pts',(11.036800095035,20.2,82.4752990941031));
#4651=CARTESIAN_POINT('',(12.2373455252184,20.2,82.32796118059));
#4652=CARTESIAN_POINT('Ctrl Pts',(13.1759541716112,21.2,81.9623415211661));
#4653=CARTESIAN_POINT('Ctrl Pts',(13.1759541716112,20.2,81.9623415211661));
#4654=CARTESIAN_POINT('Ctrl Pts',(13.0414702748283,21.2,82.0340657345405));
#4655=CARTESIAN_POINT('Ctrl Pts',(13.0414702748283,20.2,82.0340657345405));
#4656=CARTESIAN_POINT('Ctrl Pts',(12.7433773935414,21.2,82.1930474262841));
#4657=CARTESIAN_POINT('Ctrl Pts',(12.7433773935414,20.2,82.1930474262841));
#4658=CARTESIAN_POINT('Ctrl Pts',(12.416663319313,21.2,82.2801530516369));
#4659=CARTESIAN_POINT('Ctrl Pts',(12.416663319313,20.2,82.2801530516369));
#4660=CARTESIAN_POINT('Ctrl Pts',(12.2373455252184,21.2,82.32796118059));
#4661=CARTESIAN_POINT('Ctrl Pts',(12.2373455252184,20.2,82.32796118059));
#4662=CARTESIAN_POINT('',(13.1759541716112,20.2,81.9623415211661));
#4663=CARTESIAN_POINT('Ctrl Pts',(13.1759541716112,20.2,81.9623415211661));
#4664=CARTESIAN_POINT('Ctrl Pts',(13.0414702748283,20.2,82.0340657345405));
#4665=CARTESIAN_POINT('Ctrl Pts',(12.7433773935414,20.2,82.1930474262841));
#4666=CARTESIAN_POINT('Ctrl Pts',(12.416663319313,20.2,82.2801530516369));
#4667=CARTESIAN_POINT('Ctrl Pts',(12.2373455252184,20.2,82.32796118059));
#4668=CARTESIAN_POINT('',(13.1759541716112,20.2,81.9623415211661));
#4669=CARTESIAN_POINT('Ctrl Pts',(13.7271141495241,21.2,81.4002649525626));
#4670=CARTESIAN_POINT('Ctrl Pts',(13.7271141495241,20.2,81.4002649525626));
#4671=CARTESIAN_POINT('Ctrl Pts',(13.6520966085649,21.2,81.5097657888306));
#4672=CARTESIAN_POINT('Ctrl Pts',(13.6520966085649,20.2,81.5097657888306));
#4673=CARTESIAN_POINT('Ctrl Pts',(13.5015043743732,21.2,81.7295807196934));
#4674=CARTESIAN_POINT('Ctrl Pts',(13.5015043743732,20.2,81.7295807196934));
#4675=CARTESIAN_POINT('Ctrl Pts',(13.2847382320647,21.2,81.8845634553446));
#4676=CARTESIAN_POINT('Ctrl Pts',(13.2847382320647,20.2,81.8845634553446));
#4677=CARTESIAN_POINT('Ctrl Pts',(13.1759541716112,21.2,81.9623415211661));
#4678=CARTESIAN_POINT('Ctrl Pts',(13.1759541716112,20.2,81.9623415211661));
#4679=CARTESIAN_POINT('',(13.7271141495241,20.2,81.4002649525626));
#4680=CARTESIAN_POINT('Ctrl Pts',(13.7271141495241,20.2,81.4002649525626));
#4681=CARTESIAN_POINT('Ctrl Pts',(13.6520966085649,20.2,81.5097657888306));
#4682=CARTESIAN_POINT('Ctrl Pts',(13.5015043743732,20.2,81.7295807196934));
#4683=CARTESIAN_POINT('Ctrl Pts',(13.2847382320647,20.2,81.8845634553446));
#4684=CARTESIAN_POINT('Ctrl Pts',(13.1759541716112,20.2,81.9623415211661));
#4685=CARTESIAN_POINT('',(13.7271141495241,20.2,81.4002649525626));
#4686=CARTESIAN_POINT('Ctrl Pts',(13.9344810928835,21.2,80.6089966038688));
#4687=CARTESIAN_POINT('Ctrl Pts',(13.9344810928835,20.2,80.6089966038688));
#4688=CARTESIAN_POINT('Ctrl Pts',(13.9271139804962,21.2,80.7530750221096));
#4689=CARTESIAN_POINT('Ctrl Pts',(13.9271139804962,20.2,80.7530750221096));
#4690=CARTESIAN_POINT('Ctrl Pts',(13.9128772000128,21.2,81.0315033540051));
#4691=CARTESIAN_POINT('Ctrl Pts',(13.9128772000128,20.2,81.0315033540051));
#4692=CARTESIAN_POINT('Ctrl Pts',(13.7875757897932,21.2,81.280241454572));
#4693=CARTESIAN_POINT('Ctrl Pts',(13.7875757897932,20.2,81.280241454572));
#4694=CARTESIAN_POINT('Ctrl Pts',(13.7271141495241,21.2,81.4002649525626));
#4695=CARTESIAN_POINT('Ctrl Pts',(13.7271141495241,20.2,81.4002649525626));
#4696=CARTESIAN_POINT('',(13.9344810928835,20.2,80.6089966038688));
#4697=CARTESIAN_POINT('Ctrl Pts',(13.9344810928835,20.2,80.6089966038688));
#4698=CARTESIAN_POINT('Ctrl Pts',(13.9271139804962,20.2,80.7530750221096));
#4699=CARTESIAN_POINT('Ctrl Pts',(13.9128772000128,20.2,81.0315033540051));
#4700=CARTESIAN_POINT('Ctrl Pts',(13.7875757897932,20.2,81.280241454572));
#4701=CARTESIAN_POINT('Ctrl Pts',(13.7271141495241,20.2,81.4002649525626));
#4702=CARTESIAN_POINT('',(13.9344810928835,20.2,80.6089966038688));
#4703=CARTESIAN_POINT('Ctrl Pts',(13.6343442883028,21.2,79.7413294056876));
#4704=CARTESIAN_POINT('Ctrl Pts',(13.6343442883028,20.2,79.7413294056876));
#4705=CARTESIAN_POINT('Ctrl Pts',(13.7218393410269,21.2,79.8655997817916));
#4706=CARTESIAN_POINT('Ctrl Pts',(13.7218393410269,20.2,79.8655997817916));
#4707=CARTESIAN_POINT('Ctrl Pts',(13.90475378844,21.2,80.1253955812929));
#4708=CARTESIAN_POINT('Ctrl Pts',(13.90475378844,20.2,80.1253955812929));
#4709=CARTESIAN_POINT('Ctrl Pts',(13.9242898729646,21.2,80.4432067865162));
#4710=CARTESIAN_POINT('Ctrl Pts',(13.9242898729646,20.2,80.4432067865162));
#4711=CARTESIAN_POINT('Ctrl Pts',(13.9344810928835,21.2,80.6089966038688));
#4712=CARTESIAN_POINT('Ctrl Pts',(13.9344810928835,20.2,80.6089966038688));
#4713=CARTESIAN_POINT('',(13.6343442883028,20.2,79.7413294056876));
#4714=CARTESIAN_POINT('Ctrl Pts',(13.6343442883028,20.2,79.7413294056876));
#4715=CARTESIAN_POINT('Ctrl Pts',(13.7218393410269,20.2,79.8655997817916));
#4716=CARTESIAN_POINT('Ctrl Pts',(13.90475378844,20.2,80.1253955812929));
#4717=CARTESIAN_POINT('Ctrl Pts',(13.9242898729646,20.2,80.4432067865162));
#4718=CARTESIAN_POINT('Ctrl Pts',(13.9344810928835,20.2,80.6089966038688));
#4719=CARTESIAN_POINT('',(13.6343442883028,20.2,79.7413294056876));
#4720=CARTESIAN_POINT('Ctrl Pts',(12.6684510197176,21.2,79.2829410771354));
#4721=CARTESIAN_POINT('Ctrl Pts',(12.6684510197176,20.2,79.2829410771354));
#4722=CARTESIAN_POINT('Ctrl Pts',(12.868050075443,21.2,79.3247490609716));
#4723=CARTESIAN_POINT('Ctrl Pts',(12.868050075443,20.2,79.3247490609716));
#4724=CARTESIAN_POINT('Ctrl Pts',(13.2284286505537,21.2,79.4002338952479));
#4725=CARTESIAN_POINT('Ctrl Pts',(13.2284286505537,20.2,79.4002338952479));
#4726=CARTESIAN_POINT('Ctrl Pts',(13.5091175637493,21.2,79.6360999699134));
#4727=CARTESIAN_POINT('Ctrl Pts',(13.5091175637493,20.2,79.6360999699134));
#4728=CARTESIAN_POINT('Ctrl Pts',(13.6343442883028,21.2,79.7413294056876));
#4729=CARTESIAN_POINT('Ctrl Pts',(13.6343442883028,20.2,79.7413294056876));
#4730=CARTESIAN_POINT('',(12.6684510197176,20.2,79.2829410771354));
#4731=CARTESIAN_POINT('Ctrl Pts',(12.6684510197176,20.2,79.2829410771354));
#4732=CARTESIAN_POINT('Ctrl Pts',(12.868050075443,20.2,79.3247490609716));
#4733=CARTESIAN_POINT('Ctrl Pts',(13.2284286505537,20.2,79.4002338952479));
#4734=CARTESIAN_POINT('Ctrl Pts',(13.5091175637493,20.2,79.6360999699134));
#4735=CARTESIAN_POINT('Ctrl Pts',(13.6343442883028,20.2,79.7413294056876));
#4736=CARTESIAN_POINT('',(12.6684510197176,20.2,79.2829410771354));
#4737=CARTESIAN_POINT('Origin',(12.7121072496904,20.2,78.8109080533011));
#4738=CARTESIAN_POINT('',(12.7557634796633,20.2,78.3388750294669));
#4739=CARTESIAN_POINT('',(16.2708794482765,20.2,40.3316806193035));
#4740=CARTESIAN_POINT('',(12.7557634796633,20.2,78.3388750294669));
#4741=CARTESIAN_POINT('Ctrl Pts',(14.2237030949129,21.2,79.0537445286735));
#4742=CARTESIAN_POINT('Ctrl Pts',(14.2237030949129,20.2,79.0537445286735));
#4743=CARTESIAN_POINT('Ctrl Pts',(14.0243339175218,21.2,78.8744393333291));
#4744=CARTESIAN_POINT('Ctrl Pts',(14.0243339175218,20.2,78.8744393333291));
#4745=CARTESIAN_POINT('Ctrl Pts',(13.6044909670609,21.2,78.4968482571588));
#4746=CARTESIAN_POINT('Ctrl Pts',(13.6044909670609,20.2,78.4968482571588));
#4747=CARTESIAN_POINT('Ctrl Pts',(13.0479972205264,21.2,78.3932683511987));
#4748=CARTESIAN_POINT('Ctrl Pts',(13.0479972205264,20.2,78.3932683511987));
#4749=CARTESIAN_POINT('Ctrl Pts',(12.7557634796633,21.2,78.3388750294669));
#4750=CARTESIAN_POINT('Ctrl Pts',(12.7557634796633,20.2,78.3388750294669));
#4751=CARTESIAN_POINT('Ctrl Pts',(14.2237030949129,20.2,79.0537445286735));
#4752=CARTESIAN_POINT('Ctrl Pts',(14.0243339175218,20.2,78.8744393333291));
#4753=CARTESIAN_POINT('Ctrl Pts',(13.6044909670609,20.2,78.4968482571588));
#4754=CARTESIAN_POINT('Ctrl Pts',(13.0479972205264,20.2,78.3932683511987));
#4755=CARTESIAN_POINT('Ctrl Pts',(12.7557634796633,20.2,78.3388750294669));
#4756=CARTESIAN_POINT('Ctrl Pts',(11.0258858885302,21.2,80.799993727587));
#4757=CARTESIAN_POINT('Ctrl Pts',(11.0258858885302,20.2,80.799993727587));
#4758=CARTESIAN_POINT('Ctrl Pts',(11.0073954355547,21.2,81.0159362682308));
#4759=CARTESIAN_POINT('Ctrl Pts',(11.0073954355547,20.2,81.0159362682308));
#4760=CARTESIAN_POINT('Ctrl Pts',(10.9709944359484,21.2,81.4410488572749));
#4761=CARTESIAN_POINT('Ctrl Pts',(10.9709944359484,20.2,81.4410488572749));
#4762=CARTESIAN_POINT('Ctrl Pts',(10.6895869459401,21.2,81.7611711215839));
#4763=CARTESIAN_POINT('Ctrl Pts',(10.6895869459401,20.2,81.7611711215839));
#4764=CARTESIAN_POINT('Ctrl Pts',(10.5511247601046,21.2,81.9186823109611));
#4765=CARTESIAN_POINT('Ctrl Pts',(10.5511247601046,20.2,81.9186823109611));
#4766=CARTESIAN_POINT('',(10.5511247601046,20.2,81.9186823109611));
#4767=CARTESIAN_POINT('',(10.5511247601046,20.2,81.9186823109611));
#4768=CARTESIAN_POINT('',(11.0258858885302,20.2,80.799993727587));
#4769=CARTESIAN_POINT('Ctrl Pts',(11.0258858885302,20.2,80.799993727587));
#4770=CARTESIAN_POINT('Ctrl Pts',(11.0073954355547,20.2,81.0159362682308));
#4771=CARTESIAN_POINT('Ctrl Pts',(10.9709944359484,20.2,81.4410488572749));
#4772=CARTESIAN_POINT('Ctrl Pts',(10.6895869459401,20.2,81.7611711215839));
#4773=CARTESIAN_POINT('Ctrl Pts',(10.5511247601046,20.2,81.9186823109611));
#4774=CARTESIAN_POINT('',(11.0258858885302,20.2,80.799993727587));
#4775=CARTESIAN_POINT('Ctrl Pts',(10.5511247601046,21.2,79.6594755391105));
#4776=CARTESIAN_POINT('Ctrl Pts',(10.5511247601046,20.2,79.6594755391105));
#4777=CARTESIAN_POINT('Ctrl Pts',(10.6895953701088,21.2,79.8235661897814));
#4778=CARTESIAN_POINT('Ctrl Pts',(10.6895953701088,20.2,79.8235661897814));
#4779=CARTESIAN_POINT('Ctrl Pts',(10.9680504630438,21.2,80.1535414630973));
#4780=CARTESIAN_POINT('Ctrl Pts',(10.9680504630438,20.2,80.1535414630973));
#4781=CARTESIAN_POINT('Ctrl Pts',(11.006537665755,21.2,80.5837300393429));
#4782=CARTESIAN_POINT('Ctrl Pts',(11.006537665755,20.2,80.5837300393429));
#4783=CARTESIAN_POINT('Ctrl Pts',(11.0258858885302,21.2,80.799993727587));
#4784=CARTESIAN_POINT('Ctrl Pts',(11.0258858885302,20.2,80.799993727587));
#4785=CARTESIAN_POINT('',(10.5511247601046,20.2,79.6594755391105));
#4786=CARTESIAN_POINT('Ctrl Pts',(10.5511247601046,20.2,79.6594755391105));
#4787=CARTESIAN_POINT('Ctrl Pts',(10.6895953701088,20.2,79.8235661897814));
#4788=CARTESIAN_POINT('Ctrl Pts',(10.9680504630438,20.2,80.1535414630973));
#4789=CARTESIAN_POINT('Ctrl Pts',(11.006537665755,20.2,80.5837300393429));
#4790=CARTESIAN_POINT('Ctrl Pts',(11.0258858885302,20.2,80.799993727587));
#4791=CARTESIAN_POINT('',(10.5511247601046,20.2,79.6594755391105));
#4792=CARTESIAN_POINT('Ctrl Pts',(9.3069230999483,21.2,79.2010872105582));
#4793=CARTESIAN_POINT('Ctrl Pts',(9.3069230999483,20.2,79.2010872105582));
#4794=CARTESIAN_POINT('Ctrl Pts',(9.54633923294972,21.2,79.2170180153537));
#4795=CARTESIAN_POINT('Ctrl Pts',(9.54633923294972,20.2,79.2170180153537));
#4796=CARTESIAN_POINT('Ctrl Pts',(10.0071545271386,21.2,79.2476807714783));
#4797=CARTESIAN_POINT('Ctrl Pts',(10.0071545271386,20.2,79.2476807714783));
#4798=CARTESIAN_POINT('Ctrl Pts',(10.3745900174873,21.2,79.5258357204044));
#4799=CARTESIAN_POINT('Ctrl Pts',(10.3745900174873,20.2,79.5258357204044));
#4800=CARTESIAN_POINT('Ctrl Pts',(10.5511247601046,21.2,79.6594755391105));
#4801=CARTESIAN_POINT('Ctrl Pts',(10.5511247601046,20.2,79.6594755391105));
#4802=CARTESIAN_POINT('',(9.3069230999483,20.2,79.2010872105582));
#4803=CARTESIAN_POINT('Ctrl Pts',(9.3069230999483,20.2,79.2010872105582));
#4804=CARTESIAN_POINT('Ctrl Pts',(9.54633923294972,20.2,79.2170180153537));
#4805=CARTESIAN_POINT('Ctrl Pts',(10.0071545271386,20.2,79.2476807714783));
#4806=CARTESIAN_POINT('Ctrl Pts',(10.3745900174873,20.2,79.5258357204044));
#4807=CARTESIAN_POINT('Ctrl Pts',(10.5511247601046,20.2,79.6594755391105));
#4808=CARTESIAN_POINT('',(9.3069230999483,20.2,79.2010872105582));
#4809=CARTESIAN_POINT('Ctrl Pts',(7.92083854336871,21.2,79.6867601613029));
#4810=CARTESIAN_POINT('Ctrl Pts',(7.92083854336871,20.2,79.6867601613029));
#4811=CARTESIAN_POINT('Ctrl Pts',(8.11821643235734,21.2,79.5451845774188));
#4812=CARTESIAN_POINT('Ctrl Pts',(8.11821643235734,20.2,79.5451845774188));
#4813=CARTESIAN_POINT('Ctrl Pts',(8.53172222363363,21.2,79.2485843648045));
#4814=CARTESIAN_POINT('Ctrl Pts',(8.53172222363363,20.2,79.2485843648045));
#4815=CARTESIAN_POINT('Ctrl Pts',(9.0408278433538,21.2,79.2173910717029));
#4816=CARTESIAN_POINT('Ctrl Pts',(9.0408278433538,20.2,79.2173910717029));
#4817=CARTESIAN_POINT('Ctrl Pts',(9.3069230999483,21.2,79.2010872105582));
#4818=CARTESIAN_POINT('Ctrl Pts',(9.3069230999483,20.2,79.2010872105582));
#4819=CARTESIAN_POINT('',(7.92083854336871,20.2,79.6867601613029));
#4820=CARTESIAN_POINT('Ctrl Pts',(7.92083854336871,20.2,79.6867601613029));
#4821=CARTESIAN_POINT('Ctrl Pts',(8.11821643235734,20.2,79.5451845774188));
#4822=CARTESIAN_POINT('Ctrl Pts',(8.53172222363363,20.2,79.2485843648045));
#4823=CARTESIAN_POINT('Ctrl Pts',(9.0408278433538,20.2,79.2173910717029));
#4824=CARTESIAN_POINT('Ctrl Pts',(9.3069230999483,20.2,79.2010872105582));
#4825=CARTESIAN_POINT('',(7.92083854336871,20.2,79.6867601613029));
#4826=CARTESIAN_POINT('Ctrl Pts',(7.38604957718982,21.2,80.8272783497794));
#4827=CARTESIAN_POINT('Ctrl Pts',(7.38604957718982,20.2,80.8272783497794));
#4828=CARTESIAN_POINT('Ctrl Pts',(7.41072260706954,21.2,80.6139151931954));
#4829=CARTESIAN_POINT('Ctrl Pts',(7.41072260706954,20.2,80.6139151931954));
#4830=CARTESIAN_POINT('Ctrl Pts',(7.46148784168967,21.2,80.1749163853438));
#4831=CARTESIAN_POINT('Ctrl Pts',(7.46148784168967,20.2,80.1749163853438));
#4832=CARTESIAN_POINT('Ctrl Pts',(7.76489433477184,21.2,79.8524835089573));
#4833=CARTESIAN_POINT('Ctrl Pts',(7.76489433477184,20.2,79.8524835089573));
#4834=CARTESIAN_POINT('Ctrl Pts',(7.92083854336871,21.2,79.6867601613029));
#4835=CARTESIAN_POINT('Ctrl Pts',(7.92083854336871,20.2,79.6867601613029));
#4836=CARTESIAN_POINT('',(7.38604957718982,20.2,80.8272783497794));
#4837=CARTESIAN_POINT('Ctrl Pts',(7.38604957718982,20.2,80.8272783497794));
#4838=CARTESIAN_POINT('Ctrl Pts',(7.41072260706954,20.2,80.6139151931954));
#4839=CARTESIAN_POINT('Ctrl Pts',(7.46148784168967,20.2,80.1749163853438));
#4840=CARTESIAN_POINT('Ctrl Pts',(7.76489433477184,20.2,79.8524835089573));
#4841=CARTESIAN_POINT('Ctrl Pts',(7.92083854336871,20.2,79.6867601613029));
#4842=CARTESIAN_POINT('',(7.38604957718982,20.2,80.8272783497794));
#4843=CARTESIAN_POINT('Ctrl Pts',(7.88263911862506,21.2,81.9077675084098));
#4844=CARTESIAN_POINT('Ctrl Pts',(7.88263911862506,20.2,81.9077675084098));
#4845=CARTESIAN_POINT('Ctrl Pts',(7.73781073268096,21.2,81.7525659391309));
#4846=CARTESIAN_POINT('Ctrl Pts',(7.73781073268096,20.2,81.7525659391309));
#4847=CARTESIAN_POINT('Ctrl Pts',(7.45258714755341,21.2,81.4469135097499));
#4848=CARTESIAN_POINT('Ctrl Pts',(7.45258714755341,20.2,81.4469135097499));
#4849=CARTESIAN_POINT('Ctrl Pts',(7.407997751915,21.2,81.0316720582149));
#4850=CARTESIAN_POINT('Ctrl Pts',(7.407997751915,20.2,81.0316720582149));
#4851=CARTESIAN_POINT('Ctrl Pts',(7.38604957718982,21.2,80.8272783497794));
#4852=CARTESIAN_POINT('Ctrl Pts',(7.38604957718982,20.2,80.8272783497794));
#4853=CARTESIAN_POINT('',(7.88263911862506,20.2,81.9077675084098));
#4854=CARTESIAN_POINT('Ctrl Pts',(7.88263911862506,20.2,81.9077675084098));
#4855=CARTESIAN_POINT('Ctrl Pts',(7.73781073268096,20.2,81.7525659391309));
#4856=CARTESIAN_POINT('Ctrl Pts',(7.45258714755341,20.2,81.4469135097499));
#4857=CARTESIAN_POINT('Ctrl Pts',(7.407997751915,20.2,81.0316720582149));
#4858=CARTESIAN_POINT('Ctrl Pts',(7.38604957718982,20.2,80.8272783497794));
#4859=CARTESIAN_POINT('',(7.88263911862506,20.2,81.9077675084098));
#4860=CARTESIAN_POINT('Ctrl Pts',(9.22506744523181,21.2,82.3607055882438));
#4861=CARTESIAN_POINT('Ctrl Pts',(9.22506744523181,20.2,82.3607055882438));
#4862=CARTESIAN_POINT('Ctrl Pts',(8.96375211302789,21.2,82.3471020240457));
#4863=CARTESIAN_POINT('Ctrl Pts',(8.96375211302789,20.2,82.3471020240457));
#4864=CARTESIAN_POINT('Ctrl Pts',(8.47226477906214,21.2,82.3215161564133));
#4865=CARTESIAN_POINT('Ctrl Pts',(8.47226477906214,20.2,82.3215161564133));
#4866=CARTESIAN_POINT('Ctrl Pts',(8.07069920713776,21.2,82.0397319268305));
#4867=CARTESIAN_POINT('Ctrl Pts',(8.07069920713776,20.2,82.0397319268305));
#4868=CARTESIAN_POINT('Ctrl Pts',(7.88263911862506,21.2,81.9077675084098));
#4869=CARTESIAN_POINT('Ctrl Pts',(7.88263911862506,20.2,81.9077675084098));
#4870=CARTESIAN_POINT('',(9.22506744523181,20.2,82.3607055882438));
#4871=CARTESIAN_POINT('Ctrl Pts',(9.22506744523181,20.2,82.3607055882438));
#4872=CARTESIAN_POINT('Ctrl Pts',(8.96375211302789,20.2,82.3471020240457));
#4873=CARTESIAN_POINT('Ctrl Pts',(8.47226477906214,20.2,82.3215161564133));
#4874=CARTESIAN_POINT('Ctrl Pts',(8.07069920713776,20.2,82.0397319268305));
#4875=CARTESIAN_POINT('Ctrl Pts',(7.88263911862506,20.2,81.9077675084098));
#4876=CARTESIAN_POINT('',(9.22506744523181,20.2,82.3607055882438));
#4877=CARTESIAN_POINT('Ctrl Pts',(10.5511247601046,21.2,81.9186823109611));
#4878=CARTESIAN_POINT('Ctrl Pts',(10.5511247601046,20.2,81.9186823109611));
#4879=CARTESIAN_POINT('Ctrl Pts',(10.366944190165,21.2,82.0474297201442));
#4880=CARTESIAN_POINT('Ctrl Pts',(10.366944190165,20.2,82.0474297201442));
#4881=CARTESIAN_POINT('Ctrl Pts',(9.9702411826009,21.2,82.3247363027863));
#4882=CARTESIAN_POINT('Ctrl Pts',(9.9702411826009,20.2,82.3247363027863));
#4883=CARTESIAN_POINT('Ctrl Pts',(9.48501413716693,21.2,82.3481580489291));
#4884=CARTESIAN_POINT('Ctrl Pts',(9.48501413716693,20.2,82.3481580489291));
#4885=CARTESIAN_POINT('Ctrl Pts',(9.22506744523181,21.2,82.3607055882438));
#4886=CARTESIAN_POINT('Ctrl Pts',(9.22506744523181,20.2,82.3607055882438));
#4887=CARTESIAN_POINT('Ctrl Pts',(10.5511247601046,20.2,81.9186823109611));
#4888=CARTESIAN_POINT('Ctrl Pts',(10.366944190165,20.2,82.0474297201442));
#4889=CARTESIAN_POINT('Ctrl Pts',(9.9702411826009,20.2,82.3247363027863));
#4890=CARTESIAN_POINT('Ctrl Pts',(9.48501413716693,20.2,82.3481580489291));
#4891=CARTESIAN_POINT('Ctrl Pts',(9.22506744523181,20.2,82.3607055882438));
#4892=CARTESIAN_POINT('Origin',(-0.2,21.2,0.));
#4893=CARTESIAN_POINT('',(9.74894160885944,21.2,126.715411398791));
#4894=CARTESIAN_POINT('',(7.65344376225604,21.2,128.128775809191));
#4895=CARTESIAN_POINT('Ctrl Pts',(9.74894160885944,21.2,126.715411398791));
#4896=CARTESIAN_POINT('Ctrl Pts',(9.35943260403021,21.2,126.933083442111));
#4897=CARTESIAN_POINT('Ctrl Pts',(8.62117129060414,21.2,127.345651178942));
#4898=CARTESIAN_POINT('Ctrl Pts',(7.96392488481644,21.2,127.877521807231));
#4899=CARTESIAN_POINT('Ctrl Pts',(7.65344376225604,21.2,128.128775809191));
#4900=CARTESIAN_POINT('',(12.3246579851641,21.2,125.700396750353));
#4901=CARTESIAN_POINT('Ctrl Pts',(12.3246579851641,21.2,125.700396750353));
#4902=CARTESIAN_POINT('Ctrl Pts',(11.8823320042793,21.2,125.831772921293));
#4903=CARTESIAN_POINT('Ctrl Pts',(10.9943786386138,21.2,126.095505820095));
#4904=CARTESIAN_POINT('Ctrl Pts',(10.1651150174009,21.2,126.508264661143));
#4905=CARTESIAN_POINT('Ctrl Pts',(9.74894160885944,21.2,126.715411398791));
#4906=CARTESIAN_POINT('',(14.6056949581636,21.2,125.329322073839));
#4907=CARTESIAN_POINT('Ctrl Pts',(14.6056949581636,21.2,125.329322073839));
#4908=CARTESIAN_POINT('Ctrl Pts',(14.2568194700786,21.2,125.353765569283));
#4909=CARTESIAN_POINT('Ctrl Pts',(13.4855454435555,21.2,125.407803854566));
#4910=CARTESIAN_POINT('Ctrl Pts',(12.7354550329554,21.2,125.596858464255));
#4911=CARTESIAN_POINT('Ctrl Pts',(12.3246579851641,21.2,125.700396750353));
#4912=CARTESIAN_POINT('',(14.6056949581636,21.2,126.338881705187));
#4913=CARTESIAN_POINT('',(14.6056949581636,21.2,126.338881705187));
#4914=CARTESIAN_POINT('',(12.4065136398806,21.2,126.715411398791));
#4915=CARTESIAN_POINT('Ctrl Pts',(12.4065136398806,21.2,126.715411398791));
#4916=CARTESIAN_POINT('Ctrl Pts',(12.7555208502304,21.2,126.625639783368));
#4917=CARTESIAN_POINT('Ctrl Pts',(13.4781319633661,21.2,126.43976979265));
#4918=CARTESIAN_POINT('Ctrl Pts',(14.2214072688191,21.2,126.373265637786));
#4919=CARTESIAN_POINT('Ctrl Pts',(14.6056949581636,21.2,126.338881705187));
#4920=CARTESIAN_POINT('',(9.63434452672137,21.2,127.872294638537));
#4921=CARTESIAN_POINT('Ctrl Pts',(9.63434452672137,21.2,127.872294638537));
#4922=CARTESIAN_POINT('Ctrl Pts',(10.0844213313299,21.2,127.637883158602));
#4923=CARTESIAN_POINT('Ctrl Pts',(10.9757325779876,21.2,127.173665526694));
#4924=CARTESIAN_POINT('Ctrl Pts',(11.9327513599909,21.2,126.867149163699));
#4925=CARTESIAN_POINT('Ctrl Pts',(12.4065136398806,21.2,126.715411398791));
#4926=CARTESIAN_POINT('',(7.4733620371355,21.2,129.38935205736));
#4927=CARTESIAN_POINT('Ctrl Pts',(7.4733620371355,21.2,129.38935205736));
#4928=CARTESIAN_POINT('Ctrl Pts',(7.78248501327299,21.2,129.126473829601));
#4929=CARTESIAN_POINT('Ctrl Pts',(8.45552212078215,21.2,128.554122967012));
#4930=CARTESIAN_POINT('Ctrl Pts',(9.2206412436607,21.2,128.111579722153));
#4931=CARTESIAN_POINT('Ctrl Pts',(9.63434452672137,21.2,127.872294638537));
#4932=CARTESIAN_POINT('',(6.70937831063403,21.2,129.38935205736));
#4933=CARTESIAN_POINT('',(6.70937831063403,21.2,129.38935205736));
#4934=CARTESIAN_POINT('',(6.70937831063403,21.2,124.210633490465));
#4935=CARTESIAN_POINT('',(6.70937831063403,21.2,124.210633490465));
#4936=CARTESIAN_POINT('',(7.65344376225604,21.2,124.210633490465));
#4937=CARTESIAN_POINT('',(7.65344376225604,21.2,124.210633490465));
#4938=CARTESIAN_POINT('',(7.65344376225604,21.2,128.128775809191));
#4939=CARTESIAN_POINT('Ctrl Pts',(9.74894160885944,21.2,126.715411398791));
#4940=CARTESIAN_POINT('Ctrl Pts',(9.74894160885944,20.2,126.715411398791));
#4941=CARTESIAN_POINT('Ctrl Pts',(9.35943260403021,21.2,126.933083442111));
#4942=CARTESIAN_POINT('Ctrl Pts',(9.35943260403021,20.2,126.933083442111));
#4943=CARTESIAN_POINT('Ctrl Pts',(8.62117129060414,21.2,127.345651178942));
#4944=CARTESIAN_POINT('Ctrl Pts',(8.62117129060414,20.2,127.345651178942));
#4945=CARTESIAN_POINT('Ctrl Pts',(7.96392488481644,21.2,127.877521807231));
#4946=CARTESIAN_POINT('Ctrl Pts',(7.96392488481644,20.2,127.877521807231));
#4947=CARTESIAN_POINT('Ctrl Pts',(7.65344376225604,21.2,128.128775809191));
#4948=CARTESIAN_POINT('Ctrl Pts',(7.65344376225604,20.2,128.128775809191));
#4949=CARTESIAN_POINT('',(7.65344376225604,20.2,128.128775809191));
#4950=CARTESIAN_POINT('',(7.65344376225604,20.2,128.128775809191));
#4951=CARTESIAN_POINT('',(9.74894160885944,20.2,126.715411398791));
#4952=CARTESIAN_POINT('Ctrl Pts',(9.74894160885944,20.2,126.715411398791));
#4953=CARTESIAN_POINT('Ctrl Pts',(9.35943260403021,20.2,126.933083442111));
#4954=CARTESIAN_POINT('Ctrl Pts',(8.62117129060414,20.2,127.345651178942));
#4955=CARTESIAN_POINT('Ctrl Pts',(7.96392488481644,20.2,127.877521807231));
#4956=CARTESIAN_POINT('Ctrl Pts',(7.65344376225604,20.2,128.128775809191));
#4957=CARTESIAN_POINT('',(9.74894160885944,20.2,126.715411398791));
#4958=CARTESIAN_POINT('Ctrl Pts',(12.3246579851641,21.2,125.700396750353));
#4959=CARTESIAN_POINT('Ctrl Pts',(12.3246579851641,20.2,125.700396750353));
#4960=CARTESIAN_POINT('Ctrl Pts',(11.8823320042793,21.2,125.831772921293));
#4961=CARTESIAN_POINT('Ctrl Pts',(11.8823320042793,20.2,125.831772921293));
#4962=CARTESIAN_POINT('Ctrl Pts',(10.9943786386138,21.2,126.095505820095));
#4963=CARTESIAN_POINT('Ctrl Pts',(10.9943786386138,20.2,126.095505820095));
#4964=CARTESIAN_POINT('Ctrl Pts',(10.1651150174009,21.2,126.508264661143));
#4965=CARTESIAN_POINT('Ctrl Pts',(10.1651150174009,20.2,126.508264661143));
#4966=CARTESIAN_POINT('Ctrl Pts',(9.74894160885944,21.2,126.715411398791));
#4967=CARTESIAN_POINT('Ctrl Pts',(9.74894160885944,20.2,126.715411398791));
#4968=CARTESIAN_POINT('',(12.3246579851641,20.2,125.700396750353));
#4969=CARTESIAN_POINT('Ctrl Pts',(12.3246579851641,20.2,125.700396750353));
#4970=CARTESIAN_POINT('Ctrl Pts',(11.8823320042793,20.2,125.831772921293));
#4971=CARTESIAN_POINT('Ctrl Pts',(10.9943786386138,20.2,126.095505820095));
#4972=CARTESIAN_POINT('Ctrl Pts',(10.1651150174009,20.2,126.508264661143));
#4973=CARTESIAN_POINT('Ctrl Pts',(9.74894160885944,20.2,126.715411398791));
#4974=CARTESIAN_POINT('',(12.3246579851641,20.2,125.700396750353));
#4975=CARTESIAN_POINT('Ctrl Pts',(14.6056949581636,21.2,125.329322073839));
#4976=CARTESIAN_POINT('Ctrl Pts',(14.6056949581636,20.2,125.329322073839));
#4977=CARTESIAN_POINT('Ctrl Pts',(14.2568194700786,21.2,125.353765569283));
#4978=CARTESIAN_POINT('Ctrl Pts',(14.2568194700786,20.2,125.353765569283));
#4979=CARTESIAN_POINT('Ctrl Pts',(13.4855454435555,21.2,125.407803854566));
#4980=CARTESIAN_POINT('Ctrl Pts',(13.4855454435555,20.2,125.407803854566));
#4981=CARTESIAN_POINT('Ctrl Pts',(12.7354550329554,21.2,125.596858464255));
#4982=CARTESIAN_POINT('Ctrl Pts',(12.7354550329554,20.2,125.596858464255));
#4983=CARTESIAN_POINT('Ctrl Pts',(12.3246579851641,21.2,125.700396750353));
#4984=CARTESIAN_POINT('Ctrl Pts',(12.3246579851641,20.2,125.700396750353));
#4985=CARTESIAN_POINT('',(14.6056949581636,20.2,125.329322073839));
#4986=CARTESIAN_POINT('Ctrl Pts',(14.6056949581636,20.2,125.329322073839));
#4987=CARTESIAN_POINT('Ctrl Pts',(14.2568194700786,20.2,125.353765569283));
#4988=CARTESIAN_POINT('Ctrl Pts',(13.4855454435555,20.2,125.407803854566));
#4989=CARTESIAN_POINT('Ctrl Pts',(12.7354550329554,20.2,125.596858464255));
#4990=CARTESIAN_POINT('Ctrl Pts',(12.3246579851641,20.2,125.700396750353));
#4991=CARTESIAN_POINT('',(14.6056949581636,20.2,125.329322073839));
#4992=CARTESIAN_POINT('Origin',(14.6056949581636,20.2,125.834101889513));
#4993=CARTESIAN_POINT('',(14.6056949581636,20.2,126.338881705187));
#4994=CARTESIAN_POINT('',(14.6056949581636,20.2,62.9170509447567));
#4995=CARTESIAN_POINT('',(14.6056949581636,20.2,126.338881705187));
#4996=CARTESIAN_POINT('Ctrl Pts',(12.4065136398806,21.2,126.715411398791));
#4997=CARTESIAN_POINT('Ctrl Pts',(12.4065136398806,20.2,126.715411398791));
#4998=CARTESIAN_POINT('Ctrl Pts',(12.7555208502304,21.2,126.625639783368));
#4999=CARTESIAN_POINT('Ctrl Pts',(12.7555208502304,20.2,126.625639783368));
#5000=CARTESIAN_POINT('Ctrl Pts',(13.4781319633661,21.2,126.43976979265));
#5001=CARTESIAN_POINT('Ctrl Pts',(13.4781319633661,20.2,126.43976979265));
#5002=CARTESIAN_POINT('Ctrl Pts',(14.2214072688191,21.2,126.373265637786));
#5003=CARTESIAN_POINT('Ctrl Pts',(14.2214072688191,20.2,126.373265637786));
#5004=CARTESIAN_POINT('Ctrl Pts',(14.6056949581636,21.2,126.338881705187));
#5005=CARTESIAN_POINT('Ctrl Pts',(14.6056949581636,20.2,126.338881705187));
#5006=CARTESIAN_POINT('',(12.4065136398806,20.2,126.715411398791));
#5007=CARTESIAN_POINT('Ctrl Pts',(12.4065136398806,20.2,126.715411398791));
#5008=CARTESIAN_POINT('Ctrl Pts',(12.7555208502304,20.2,126.625639783368));
#5009=CARTESIAN_POINT('Ctrl Pts',(13.4781319633661,20.2,126.43976979265));
#5010=CARTESIAN_POINT('Ctrl Pts',(14.2214072688191,20.2,126.373265637786));
#5011=CARTESIAN_POINT('Ctrl Pts',(14.6056949581636,20.2,126.338881705187));
#5012=CARTESIAN_POINT('',(12.4065136398806,20.2,126.715411398791));
#5013=CARTESIAN_POINT('Ctrl Pts',(9.63434452672137,21.2,127.872294638537));
#5014=CARTESIAN_POINT('Ctrl Pts',(9.63434452672137,20.2,127.872294638537));
#5015=CARTESIAN_POINT('Ctrl Pts',(10.0844213313299,21.2,127.637883158602));
#5016=CARTESIAN_POINT('Ctrl Pts',(10.0844213313299,20.2,127.637883158602));
#5017=CARTESIAN_POINT('Ctrl Pts',(10.9757325779876,21.2,127.173665526694));
#5018=CARTESIAN_POINT('Ctrl Pts',(10.9757325779876,20.2,127.173665526694));
#5019=CARTESIAN_POINT('Ctrl Pts',(11.9327513599909,21.2,126.867149163699));
#5020=CARTESIAN_POINT('Ctrl Pts',(11.9327513599909,20.2,126.867149163699));
#5021=CARTESIAN_POINT('Ctrl Pts',(12.4065136398806,21.2,126.715411398791));
#5022=CARTESIAN_POINT('Ctrl Pts',(12.4065136398806,20.2,126.715411398791));
#5023=CARTESIAN_POINT('',(9.63434452672137,20.2,127.872294638537));
#5024=CARTESIAN_POINT('Ctrl Pts',(9.63434452672137,20.2,127.872294638537));
#5025=CARTESIAN_POINT('Ctrl Pts',(10.0844213313299,20.2,127.637883158602));
#5026=CARTESIAN_POINT('Ctrl Pts',(10.9757325779876,20.2,127.173665526694));
#5027=CARTESIAN_POINT('Ctrl Pts',(11.9327513599909,20.2,126.867149163699));
#5028=CARTESIAN_POINT('Ctrl Pts',(12.4065136398806,20.2,126.715411398791));
#5029=CARTESIAN_POINT('',(9.63434452672137,20.2,127.872294638537));
#5030=CARTESIAN_POINT('Ctrl Pts',(7.4733620371355,21.2,129.38935205736));
#5031=CARTESIAN_POINT('Ctrl Pts',(7.4733620371355,20.2,129.38935205736));
#5032=CARTESIAN_POINT('Ctrl Pts',(7.78248501327299,21.2,129.126473829601));
#5033=CARTESIAN_POINT('Ctrl Pts',(7.78248501327299,20.2,129.126473829601));
#5034=CARTESIAN_POINT('Ctrl Pts',(8.45552212078215,21.2,128.554122967012));
#5035=CARTESIAN_POINT('Ctrl Pts',(8.45552212078215,20.2,128.554122967012));
#5036=CARTESIAN_POINT('Ctrl Pts',(9.2206412436607,21.2,128.111579722153));
#5037=CARTESIAN_POINT('Ctrl Pts',(9.2206412436607,20.2,128.111579722153));
#5038=CARTESIAN_POINT('Ctrl Pts',(9.63434452672137,21.2,127.872294638537));
#5039=CARTESIAN_POINT('Ctrl Pts',(9.63434452672137,20.2,127.872294638537));
#5040=CARTESIAN_POINT('',(7.4733620371355,20.2,129.38935205736));
#5041=CARTESIAN_POINT('Ctrl Pts',(7.4733620371355,20.2,129.38935205736));
#5042=CARTESIAN_POINT('Ctrl Pts',(7.78248501327299,20.2,129.126473829601));
#5043=CARTESIAN_POINT('Ctrl Pts',(8.45552212078215,20.2,128.554122967012));
#5044=CARTESIAN_POINT('Ctrl Pts',(9.2206412436607,20.2,128.111579722153));
#5045=CARTESIAN_POINT('Ctrl Pts',(9.63434452672137,20.2,127.872294638537));
#5046=CARTESIAN_POINT('',(7.4733620371355,20.2,129.38935205736));
#5047=CARTESIAN_POINT('Origin',(7.09137017388477,20.2,129.38935205736));
#5048=CARTESIAN_POINT('',(6.70937831063403,20.2,129.38935205736));
#5049=CARTESIAN_POINT('',(3.44568508694238,20.2,129.38935205736));
#5050=CARTESIAN_POINT('',(6.70937831063403,20.2,129.38935205736));
#5051=CARTESIAN_POINT('Origin',(6.70937831063403,20.2,126.799992773913));
#5052=CARTESIAN_POINT('',(6.70937831063403,20.2,124.210633490465));
#5053=CARTESIAN_POINT('',(6.70937831063403,20.2,63.3999963869564));
#5054=CARTESIAN_POINT('',(6.70937831063403,20.2,124.210633490465));
#5055=CARTESIAN_POINT('Origin',(7.18141103644504,20.2,124.210633490465));
#5056=CARTESIAN_POINT('',(7.65344376225604,20.2,124.210633490465));
#5057=CARTESIAN_POINT('',(3.49070551822252,20.2,124.210633490465));
#5058=CARTESIAN_POINT('',(7.65344376225604,20.2,124.210633490465));
#5059=CARTESIAN_POINT('Origin',(7.65344376225604,20.2,126.169704649828));
#5060=CARTESIAN_POINT('',(7.65344376225604,20.2,63.0848523249141));
#5061=CARTESIAN_POINT('Origin',(-0.2,21.2,0.));
#5062=CARTESIAN_POINT('',(11.5988736834063,21.2,98.0878441075309));
#5063=CARTESIAN_POINT('',(14.6056949581636,21.2,98.0878441075309));
#5064=CARTESIAN_POINT('',(11.5988736834063,21.2,98.0878441075309));
#5065=CARTESIAN_POINT('',(10.387414046718,21.2,98.2461063603385));
#5066=CARTESIAN_POINT('Ctrl Pts',(10.387414046718,21.2,98.2461063603385));
#5067=CARTESIAN_POINT('Ctrl Pts',(10.5574910363689,21.2,98.2001735970018));
#5068=CARTESIAN_POINT('Ctrl Pts',(10.9535611126854,21.2,98.0932067867498));
#5069=CARTESIAN_POINT('Ctrl Pts',(11.3644341788675,21.2,98.0897923476801));
#5070=CARTESIAN_POINT('Ctrl Pts',(11.5988736834063,21.2,98.0878441075309));
#5071=CARTESIAN_POINT('',(9.74894160885944,21.2,98.7536041478141));
#5072=CARTESIAN_POINT('Ctrl Pts',(9.74894160885944,21.2,98.7536041478141));
#5073=CARTESIAN_POINT('Ctrl Pts',(9.83168662080902,21.2,98.6445683442357));
#5074=CARTESIAN_POINT('Ctrl Pts',(10.0011383380238,21.2,98.4212762844617));
#5075=CARTESIAN_POINT('Ctrl Pts',(10.2566641236798,21.2,98.305399382349));
#5076=CARTESIAN_POINT('Ctrl Pts',(10.387414046718,21.2,98.2461063603385));
#5077=CARTESIAN_POINT('',(9.53066105504169,21.2,99.523047659777));
#5078=CARTESIAN_POINT('Ctrl Pts',(9.53066105504169,21.2,99.523047659777));
#5079=CARTESIAN_POINT('Ctrl Pts',(9.5397972915414,21.2,99.3872397377372));
#5080=CARTESIAN_POINT('Ctrl Pts',(9.55809044823082,21.2,99.1153164356623));
#5081=CARTESIAN_POINT('Ctrl Pts',(9.68527661973444,21.2,98.8742657607505));
#5082=CARTESIAN_POINT('Ctrl Pts',(9.74894160885944,21.2,98.7536041478141));
#5083=CARTESIAN_POINT('',(9.85808248181476,21.2,100.308856223009));
#5084=CARTESIAN_POINT('Ctrl Pts',(9.85808248181476,21.2,100.308856223009));
#5085=CARTESIAN_POINT('Ctrl Pts',(9.76277199794572,21.2,100.209302907514));
#5086=CARTESIAN_POINT('Ctrl Pts',(9.55411891543915,21.2,99.9913614460033));
#5087=CARTESIAN_POINT('Ctrl Pts',(9.5389182305618,21.2,99.6878942854214));
#5088=CARTESIAN_POINT('Ctrl Pts',(9.53066105504169,21.2,99.523047659777));
#5089=CARTESIAN_POINT('',(10.840346762134,21.2,100.548972342394));
#5090=CARTESIAN_POINT('Ctrl Pts',(10.840346762134,21.2,100.548972342394));
#5091=CARTESIAN_POINT('Ctrl Pts',(10.645066602789,21.2,100.545105439795));
#5092=CARTESIAN_POINT('Ctrl Pts',(10.2982231847598,21.2,100.538237308802));
#5093=CARTESIAN_POINT('Ctrl Pts',(9.99192731643417,21.2,100.378609993309));
#5094=CARTESIAN_POINT('Ctrl Pts',(9.85808248181476,21.2,100.308856223009));
#5095=CARTESIAN_POINT('',(14.6056949581636,21.2,100.548972342394));
#5096=CARTESIAN_POINT('',(14.6056949581636,21.2,100.548972342394));
#5097=CARTESIAN_POINT('',(14.6056949581636,21.2,101.531237814806));
#5098=CARTESIAN_POINT('',(14.6056949581636,21.2,101.531237814806));
#5099=CARTESIAN_POINT('',(11.2387096371187,21.2,101.531237814806));
#5100=CARTESIAN_POINT('',(11.2387096371187,21.2,101.531237814806));
#5101=CARTESIAN_POINT('',(9.9399375404848,21.2,101.935052130602));
#5102=CARTESIAN_POINT('Ctrl Pts',(9.9399375404848,21.2,101.935052130602));
#5103=CARTESIAN_POINT('Ctrl Pts',(10.1099392421011,21.2,101.817731198913));
#5104=CARTESIAN_POINT('Ctrl Pts',(10.4978686864675,21.2,101.550014797193));
#5105=CARTESIAN_POINT('Ctrl Pts',(10.9722280313121,21.2,101.537991923653));
#5106=CARTESIAN_POINT('Ctrl Pts',(11.2387096371187,21.2,101.531237814806));
#5107=CARTESIAN_POINT('',(9.53066105504169,21.2,102.950057242297));
#5108=CARTESIAN_POINT('Ctrl Pts',(9.53066105504169,21.2,102.950057242297));
#5109=CARTESIAN_POINT('Ctrl Pts',(9.54651156328821,21.2,102.756173206473));
#5110=CARTESIAN_POINT('Ctrl Pts',(9.5776771310236,21.2,102.374954764938));
#5111=CARTESIAN_POINT('Ctrl Pts',(9.8205751296767,21.2,102.079997141384));
#5112=CARTESIAN_POINT('Ctrl Pts',(9.9399375404848,21.2,101.935052130602));
#5113=CARTESIAN_POINT('',(9.68891496319904,21.2,103.539418433092));
#5114=CARTESIAN_POINT('Ctrl Pts',(9.68891496319904,21.2,103.539418433092));
#5115=CARTESIAN_POINT('Ctrl Pts',(9.64277280592218,21.2,103.450268294636));
#5116=CARTESIAN_POINT('Ctrl Pts',(9.54716752902007,21.2,103.265551667239));
#5117=CARTESIAN_POINT('Ctrl Pts',(9.53628917058255,21.2,103.057629524445));
#5118=CARTESIAN_POINT('Ctrl Pts',(9.53066105504169,21.2,102.950057242297));
#5119=CARTESIAN_POINT('',(10.109105655147,21.2,103.883208487414));
#5120=CARTESIAN_POINT('Ctrl Pts',(10.109105655147,21.2,103.883208487414));
#5121=CARTESIAN_POINT('Ctrl Pts',(10.0256619703422,21.2,103.84496696289));
#5122=CARTESIAN_POINT('Ctrl Pts',(9.85574131153587,21.2,103.767093783438));
#5123=CARTESIAN_POINT('Ctrl Pts',(9.74518162069472,21.2,103.616208047478));
#5124=CARTESIAN_POINT('Ctrl Pts',(9.68891496319904,21.2,103.539418433092));
#5125=CARTESIAN_POINT('',(10.9549450363649,21.2,103.981436942004));
#5126=CARTESIAN_POINT('Ctrl Pts',(10.9549450363649,21.2,103.981436942004));
#5127=CARTESIAN_POINT('Ctrl Pts',(10.7851529181069,21.2,103.981440694376));
#5128=CARTESIAN_POINT('Ctrl Pts',(10.4988908643442,21.2,103.98144702071));
#5129=CARTESIAN_POINT('Ctrl Pts',(10.2218313868636,21.2,103.911619033241));
#5130=CARTESIAN_POINT('Ctrl Pts',(10.109105655147,21.2,103.883208487414));
#5131=CARTESIAN_POINT('',(14.6056949581636,21.2,103.981436942004));
#5132=CARTESIAN_POINT('',(14.6056949581636,21.2,103.981436942004));
#5133=CARTESIAN_POINT('',(14.6056949581636,21.2,104.958247397326));
#5134=CARTESIAN_POINT('',(14.6056949581636,21.2,104.958247397326));
#5135=CARTESIAN_POINT('',(10.6275230135454,21.2,104.958247397326));
#5136=CARTESIAN_POINT('',(10.6275230135454,21.2,104.958247397326));
#5137=CARTESIAN_POINT('',(9.15958339829578,21.2,104.494399283312));
#5138=CARTESIAN_POINT('Ctrl Pts',(9.15958339829578,21.2,104.494399283312));
#5139=CARTESIAN_POINT('Ctrl Pts',(9.35460988870432,21.2,104.629258039263));
#5140=CARTESIAN_POINT('Ctrl Pts',(9.79332283731863,21.2,104.932623404376));
#5141=CARTESIAN_POINT('Ctrl Pts',(10.3296281379818,21.2,104.949097008236));
#5142=CARTESIAN_POINT('Ctrl Pts',(10.6275230135454,21.2,104.958247397326));
#5143=CARTESIAN_POINT('',(8.67936486859454,21.2,103.168343756579));
#5144=CARTESIAN_POINT('Ctrl Pts',(8.67936486859454,21.2,103.168343756579));
#5145=CARTESIAN_POINT('Ctrl Pts',(8.69296994323539,21.2,103.432568076954));
#5146=CARTESIAN_POINT('Ctrl Pts',(8.7183595352671,21.2,103.925659653169));
#5147=CARTESIAN_POINT('Ctrl Pts',(9.01971157976698,21.2,104.314103852799));
#5148=CARTESIAN_POINT('Ctrl Pts',(9.15958339829578,21.2,104.494399283312));
#5149=CARTESIAN_POINT('',(9.69437176842822,21.2,101.378440115832));
#5150=CARTESIAN_POINT('Ctrl Pts',(9.69437176842822,21.2,101.378440115832));
#5151=CARTESIAN_POINT('Ctrl Pts',(9.39841636206759,21.2,101.618728626951));
#5152=CARTESIAN_POINT('Ctrl Pts',(8.82473368411585,21.2,102.084506083883));
#5153=CARTESIAN_POINT('Ctrl Pts',(8.72678372308507,21.2,102.814799286201));
#5154=CARTESIAN_POINT('Ctrl Pts',(8.67936486859454,21.2,103.168343756579));
#5155=CARTESIAN_POINT('',(8.94675905366077,21.2,100.794533942126));
#5156=CARTESIAN_POINT('Ctrl Pts',(8.94675905366077,21.2,100.794533942126));
#5157=CARTESIAN_POINT('Ctrl Pts',(9.04542716100819,21.2,100.922781803331));
#5158=CARTESIAN_POINT('Ctrl Pts',(9.24445231859376,21.2,101.181472797539));
#5159=CARTESIAN_POINT('Ctrl Pts',(9.54355255589592,21.2,101.312413950814));
#5160=CARTESIAN_POINT('Ctrl Pts',(9.69437176842822,21.2,101.378440115832));
#5161=CARTESIAN_POINT('',(8.67936486859454,21.2,99.741324637316));
#5162=CARTESIAN_POINT('Ctrl Pts',(8.67936486859454,21.2,99.741324637316));
#5163=CARTESIAN_POINT('Ctrl Pts',(8.68687847408442,21.2,99.9403326082971));
#5164=CARTESIAN_POINT('Ctrl Pts',(8.70088564632086,21.2,100.311331448962));
#5165=CARTESIAN_POINT('Ctrl Pts',(8.86887915952183,21.2,100.641480550047));
#5166=CARTESIAN_POINT('Ctrl Pts',(8.94675905366077,21.2,100.794533942126));
#5167=CARTESIAN_POINT('',(8.94130224843158,21.2,98.709944937609));
#5168=CARTESIAN_POINT('Ctrl Pts',(8.94130224843158,21.2,98.709944937609));
#5169=CARTESIAN_POINT('Ctrl Pts',(8.86491850747095,21.2,98.8685738228739));
#5170=CARTESIAN_POINT('Ctrl Pts',(8.70801065060621,21.2,99.1944300602189));
#5171=CARTESIAN_POINT('Ctrl Pts',(8.68907997243659,21.2,99.555847501276));
#5172=CARTESIAN_POINT('Ctrl Pts',(8.67936486859454,21.2,99.741324637316));
#5173=CARTESIAN_POINT('',(9.62343032021655,21.2,97.9841606358512));
#5174=CARTESIAN_POINT('Ctrl Pts',(9.62343032021655,21.2,97.9841606358512));
#5175=CARTESIAN_POINT('Ctrl Pts',(9.48827756534078,21.2,98.0831829651829));
#5176=CARTESIAN_POINT('Ctrl Pts',(9.215905402646,21.2,98.2827417978529));
#5177=CARTESIAN_POINT('Ctrl Pts',(9.03329848302026,21.2,98.5668253861441));
#5178=CARTESIAN_POINT('Ctrl Pts',(8.94130224843158,21.2,98.709944937609));
#5179=CARTESIAN_POINT('',(8.81033355851306,21.2,97.9841606358512));
#5180=CARTESIAN_POINT('',(8.81033355851306,21.2,97.9841606358512));
#5181=CARTESIAN_POINT('',(8.81033355851306,21.2,97.1055881718619));
#5182=CARTESIAN_POINT('',(8.81033355851306,21.2,97.1055881718619));
#5183=CARTESIAN_POINT('',(14.6056949581636,21.2,97.1055881718619));
#5184=CARTESIAN_POINT('',(14.6056949581636,21.2,97.1055881718619));
#5185=CARTESIAN_POINT('',(14.6056949581636,21.2,98.0878441075309));
#5186=CARTESIAN_POINT('Origin',(13.1022843207849,20.2,98.0878441075309));
#5187=CARTESIAN_POINT('',(14.6056949581636,20.2,98.0878441075309));
#5188=CARTESIAN_POINT('',(14.6056949581636,20.2,98.0878441075309));
#5189=CARTESIAN_POINT('',(11.5988736834063,20.2,98.0878441075309));
#5190=CARTESIAN_POINT('',(6.45114216039247,20.2,98.0878441075309));
#5191=CARTESIAN_POINT('',(11.5988736834063,20.2,98.0878441075309));
#5192=CARTESIAN_POINT('Ctrl Pts',(10.387414046718,21.2,98.2461063603385));
#5193=CARTESIAN_POINT('Ctrl Pts',(10.387414046718,20.2,98.2461063603385));
#5194=CARTESIAN_POINT('Ctrl Pts',(10.5574910363689,21.2,98.2001735970018));
#5195=CARTESIAN_POINT('Ctrl Pts',(10.5574910363689,20.2,98.2001735970018));
#5196=CARTESIAN_POINT('Ctrl Pts',(10.9535611126854,21.2,98.0932067867498));
#5197=CARTESIAN_POINT('Ctrl Pts',(10.9535611126854,20.2,98.0932067867498));
#5198=CARTESIAN_POINT('Ctrl Pts',(11.3644341788675,21.2,98.0897923476801));
#5199=CARTESIAN_POINT('Ctrl Pts',(11.3644341788675,20.2,98.0897923476801));
#5200=CARTESIAN_POINT('Ctrl Pts',(11.5988736834063,21.2,98.0878441075309));
#5201=CARTESIAN_POINT('Ctrl Pts',(11.5988736834063,20.2,98.0878441075309));
#5202=CARTESIAN_POINT('',(10.387414046718,20.2,98.2461063603385));
#5203=CARTESIAN_POINT('Ctrl Pts',(10.387414046718,20.2,98.2461063603385));
#5204=CARTESIAN_POINT('Ctrl Pts',(10.5574910363689,20.2,98.2001735970018));
#5205=CARTESIAN_POINT('Ctrl Pts',(10.9535611126854,20.2,98.0932067867498));
#5206=CARTESIAN_POINT('Ctrl Pts',(11.3644341788675,20.2,98.0897923476801));
#5207=CARTESIAN_POINT('Ctrl Pts',(11.5988736834063,20.2,98.0878441075309));
#5208=CARTESIAN_POINT('',(10.387414046718,20.2,98.2461063603385));
#5209=CARTESIAN_POINT('Ctrl Pts',(9.74894160885944,21.2,98.7536041478141));
#5210=CARTESIAN_POINT('Ctrl Pts',(9.74894160885944,20.2,98.7536041478141));
#5211=CARTESIAN_POINT('Ctrl Pts',(9.83168662080902,21.2,98.6445683442357));
#5212=CARTESIAN_POINT('Ctrl Pts',(9.83168662080902,20.2,98.6445683442357));
#5213=CARTESIAN_POINT('Ctrl Pts',(10.0011383380238,21.2,98.4212762844617));
#5214=CARTESIAN_POINT('Ctrl Pts',(10.0011383380238,20.2,98.4212762844617));
#5215=CARTESIAN_POINT('Ctrl Pts',(10.2566641236798,21.2,98.305399382349));
#5216=CARTESIAN_POINT('Ctrl Pts',(10.2566641236798,20.2,98.305399382349));
#5217=CARTESIAN_POINT('Ctrl Pts',(10.387414046718,21.2,98.2461063603385));
#5218=CARTESIAN_POINT('Ctrl Pts',(10.387414046718,20.2,98.2461063603385));
#5219=CARTESIAN_POINT('',(9.74894160885944,20.2,98.7536041478141));
#5220=CARTESIAN_POINT('Ctrl Pts',(9.74894160885944,20.2,98.7536041478141));
#5221=CARTESIAN_POINT('Ctrl Pts',(9.83168662080902,20.2,98.6445683442357));
#5222=CARTESIAN_POINT('Ctrl Pts',(10.0011383380238,20.2,98.4212762844617));
#5223=CARTESIAN_POINT('Ctrl Pts',(10.2566641236798,20.2,98.305399382349));
#5224=CARTESIAN_POINT('Ctrl Pts',(10.387414046718,20.2,98.2461063603385));
#5225=CARTESIAN_POINT('',(9.74894160885944,20.2,98.7536041478141));
#5226=CARTESIAN_POINT('Ctrl Pts',(9.53066105504169,21.2,99.523047659777));
#5227=CARTESIAN_POINT('Ctrl Pts',(9.53066105504169,20.2,99.523047659777));
#5228=CARTESIAN_POINT('Ctrl Pts',(9.5397972915414,21.2,99.3872397377372));
#5229=CARTESIAN_POINT('Ctrl Pts',(9.5397972915414,20.2,99.3872397377372));
#5230=CARTESIAN_POINT('Ctrl Pts',(9.55809044823082,21.2,99.1153164356623));
#5231=CARTESIAN_POINT('Ctrl Pts',(9.55809044823082,20.2,99.1153164356623));
#5232=CARTESIAN_POINT('Ctrl Pts',(9.68527661973444,21.2,98.8742657607505));
#5233=CARTESIAN_POINT('Ctrl Pts',(9.68527661973444,20.2,98.8742657607505));
#5234=CARTESIAN_POINT('Ctrl Pts',(9.74894160885944,21.2,98.7536041478141));
#5235=CARTESIAN_POINT('Ctrl Pts',(9.74894160885944,20.2,98.7536041478141));
#5236=CARTESIAN_POINT('',(9.53066105504169,20.2,99.523047659777));
#5237=CARTESIAN_POINT('Ctrl Pts',(9.53066105504169,20.2,99.523047659777));
#5238=CARTESIAN_POINT('Ctrl Pts',(9.5397972915414,20.2,99.3872397377372));
#5239=CARTESIAN_POINT('Ctrl Pts',(9.55809044823082,20.2,99.1153164356623));
#5240=CARTESIAN_POINT('Ctrl Pts',(9.68527661973444,20.2,98.8742657607505));
#5241=CARTESIAN_POINT('Ctrl Pts',(9.74894160885944,20.2,98.7536041478141));
#5242=CARTESIAN_POINT('',(9.53066105504169,20.2,99.523047659777));
#5243=CARTESIAN_POINT('Ctrl Pts',(9.85808248181476,21.2,100.308856223009));
#5244=CARTESIAN_POINT('Ctrl Pts',(9.85808248181476,20.2,100.308856223009));
#5245=CARTESIAN_POINT('Ctrl Pts',(9.76277199794572,21.2,100.209302907514));
#5246=CARTESIAN_POINT('Ctrl Pts',(9.76277199794572,20.2,100.209302907514));
#5247=CARTESIAN_POINT('Ctrl Pts',(9.55411891543915,21.2,99.9913614460033));
#5248=CARTESIAN_POINT('Ctrl Pts',(9.55411891543915,20.2,99.9913614460033));
#5249=CARTESIAN_POINT('Ctrl Pts',(9.5389182305618,21.2,99.6878942854214));
#5250=CARTESIAN_POINT('Ctrl Pts',(9.5389182305618,20.2,99.6878942854214));
#5251=CARTESIAN_POINT('Ctrl Pts',(9.53066105504169,21.2,99.523047659777));
#5252=CARTESIAN_POINT('Ctrl Pts',(9.53066105504169,20.2,99.523047659777));
#5253=CARTESIAN_POINT('',(9.85808248181476,20.2,100.308856223009));
#5254=CARTESIAN_POINT('Ctrl Pts',(9.85808248181476,20.2,100.308856223009));
#5255=CARTESIAN_POINT('Ctrl Pts',(9.76277199794572,20.2,100.209302907514));
#5256=CARTESIAN_POINT('Ctrl Pts',(9.55411891543915,20.2,99.9913614460033));
#5257=CARTESIAN_POINT('Ctrl Pts',(9.5389182305618,20.2,99.6878942854214));
#5258=CARTESIAN_POINT('Ctrl Pts',(9.53066105504169,20.2,99.523047659777));
#5259=CARTESIAN_POINT('',(9.85808248181476,20.2,100.308856223009));
#5260=CARTESIAN_POINT('Ctrl Pts',(10.840346762134,21.2,100.548972342394));
#5261=CARTESIAN_POINT('Ctrl Pts',(10.840346762134,20.2,100.548972342394));
#5262=CARTESIAN_POINT('Ctrl Pts',(10.645066602789,21.2,100.545105439795));
#5263=CARTESIAN_POINT('Ctrl Pts',(10.645066602789,20.2,100.545105439795));
#5264=CARTESIAN_POINT('Ctrl Pts',(10.2982231847598,21.2,100.538237308802));
#5265=CARTESIAN_POINT('Ctrl Pts',(10.2982231847598,20.2,100.538237308802));
#5266=CARTESIAN_POINT('Ctrl Pts',(9.99192731643417,21.2,100.378609993309));
#5267=CARTESIAN_POINT('Ctrl Pts',(9.99192731643417,20.2,100.378609993309));
#5268=CARTESIAN_POINT('Ctrl Pts',(9.85808248181476,21.2,100.308856223009));
#5269=CARTESIAN_POINT('Ctrl Pts',(9.85808248181476,20.2,100.308856223009));
#5270=CARTESIAN_POINT('',(10.840346762134,20.2,100.548972342394));
#5271=CARTESIAN_POINT('Ctrl Pts',(10.840346762134,20.2,100.548972342394));
#5272=CARTESIAN_POINT('Ctrl Pts',(10.645066602789,20.2,100.545105439795));
#5273=CARTESIAN_POINT('Ctrl Pts',(10.2982231847598,20.2,100.538237308802));
#5274=CARTESIAN_POINT('Ctrl Pts',(9.99192731643417,20.2,100.378609993309));
#5275=CARTESIAN_POINT('Ctrl Pts',(9.85808248181476,20.2,100.308856223009));
#5276=CARTESIAN_POINT('',(10.840346762134,20.2,100.548972342394));
#5277=CARTESIAN_POINT('Origin',(12.7230208601488,20.2,100.548972342394));
#5278=CARTESIAN_POINT('',(14.6056949581636,20.2,100.548972342394));
#5279=CARTESIAN_POINT('',(6.2615104300744,20.2,100.548972342394));
#5280=CARTESIAN_POINT('',(14.6056949581636,20.2,100.548972342394));
#5281=CARTESIAN_POINT('Origin',(14.6056949581636,20.2,101.0401050786));
#5282=CARTESIAN_POINT('',(14.6056949581636,20.2,101.531237814806));
#5283=CARTESIAN_POINT('',(14.6056949581636,20.2,50.5200525393001));
#5284=CARTESIAN_POINT('',(14.6056949581636,20.2,101.531237814806));
#5285=CARTESIAN_POINT('Origin',(12.9222022976412,20.2,101.531237814806));
#5286=CARTESIAN_POINT('',(11.2387096371187,20.2,101.531237814806));
#5287=CARTESIAN_POINT('',(6.36110114882059,20.2,101.531237814806));
#5288=CARTESIAN_POINT('',(11.2387096371187,20.2,101.531237814806));
#5289=CARTESIAN_POINT('Ctrl Pts',(9.9399375404848,21.2,101.935052130602));
#5290=CARTESIAN_POINT('Ctrl Pts',(9.9399375404848,20.2,101.935052130602));
#5291=CARTESIAN_POINT('Ctrl Pts',(10.1099392421011,21.2,101.817731198913));
#5292=CARTESIAN_POINT('Ctrl Pts',(10.1099392421011,20.2,101.817731198913));
#5293=CARTESIAN_POINT('Ctrl Pts',(10.4978686864675,21.2,101.550014797193));
#5294=CARTESIAN_POINT('Ctrl Pts',(10.4978686864675,20.2,101.550014797193));
#5295=CARTESIAN_POINT('Ctrl Pts',(10.9722280313121,21.2,101.537991923653));
#5296=CARTESIAN_POINT('Ctrl Pts',(10.9722280313121,20.2,101.537991923653));
#5297=CARTESIAN_POINT('Ctrl Pts',(11.2387096371187,21.2,101.531237814806));
#5298=CARTESIAN_POINT('Ctrl Pts',(11.2387096371187,20.2,101.531237814806));
#5299=CARTESIAN_POINT('',(9.9399375404848,20.2,101.935052130602));
#5300=CARTESIAN_POINT('Ctrl Pts',(9.9399375404848,20.2,101.935052130602));
#5301=CARTESIAN_POINT('Ctrl Pts',(10.1099392421011,20.2,101.817731198913));
#5302=CARTESIAN_POINT('Ctrl Pts',(10.4978686864675,20.2,101.550014797193));
#5303=CARTESIAN_POINT('Ctrl Pts',(10.9722280313121,20.2,101.537991923653));
#5304=CARTESIAN_POINT('Ctrl Pts',(11.2387096371187,20.2,101.531237814806));
#5305=CARTESIAN_POINT('',(9.9399375404848,20.2,101.935052130602));
#5306=CARTESIAN_POINT('Ctrl Pts',(9.53066105504169,21.2,102.950057242297));
#5307=CARTESIAN_POINT('Ctrl Pts',(9.53066105504169,20.2,102.950057242297));
#5308=CARTESIAN_POINT('Ctrl Pts',(9.54651156328821,21.2,102.756173206473));
#5309=CARTESIAN_POINT('Ctrl Pts',(9.54651156328821,20.2,102.756173206473));
#5310=CARTESIAN_POINT('Ctrl Pts',(9.5776771310236,21.2,102.374954764938));
#5311=CARTESIAN_POINT('Ctrl Pts',(9.5776771310236,20.2,102.374954764938));
#5312=CARTESIAN_POINT('Ctrl Pts',(9.8205751296767,21.2,102.079997141384));
#5313=CARTESIAN_POINT('Ctrl Pts',(9.8205751296767,20.2,102.079997141384));
#5314=CARTESIAN_POINT('Ctrl Pts',(9.9399375404848,21.2,101.935052130602));
#5315=CARTESIAN_POINT('Ctrl Pts',(9.9399375404848,20.2,101.935052130602));
#5316=CARTESIAN_POINT('',(9.53066105504169,20.2,102.950057242297));
#5317=CARTESIAN_POINT('Ctrl Pts',(9.53066105504169,20.2,102.950057242297));
#5318=CARTESIAN_POINT('Ctrl Pts',(9.54651156328821,20.2,102.756173206473));
#5319=CARTESIAN_POINT('Ctrl Pts',(9.5776771310236,20.2,102.374954764938));
#5320=CARTESIAN_POINT('Ctrl Pts',(9.8205751296767,20.2,102.079997141384));
#5321=CARTESIAN_POINT('Ctrl Pts',(9.9399375404848,20.2,101.935052130602));
#5322=CARTESIAN_POINT('',(9.53066105504169,20.2,102.950057242297));
#5323=CARTESIAN_POINT('Ctrl Pts',(9.68891496319904,21.2,103.539418433092));
#5324=CARTESIAN_POINT('Ctrl Pts',(9.68891496319904,20.2,103.539418433092));
#5325=CARTESIAN_POINT('Ctrl Pts',(9.64277280592218,21.2,103.450268294636));
#5326=CARTESIAN_POINT('Ctrl Pts',(9.64277280592218,20.2,103.450268294636));
#5327=CARTESIAN_POINT('Ctrl Pts',(9.54716752902007,21.2,103.265551667239));
#5328=CARTESIAN_POINT('Ctrl Pts',(9.54716752902007,20.2,103.265551667239));
#5329=CARTESIAN_POINT('Ctrl Pts',(9.53628917058255,21.2,103.057629524445));
#5330=CARTESIAN_POINT('Ctrl Pts',(9.53628917058255,20.2,103.057629524445));
#5331=CARTESIAN_POINT('Ctrl Pts',(9.53066105504169,21.2,102.950057242297));
#5332=CARTESIAN_POINT('Ctrl Pts',(9.53066105504169,20.2,102.950057242297));
#5333=CARTESIAN_POINT('',(9.68891496319904,20.2,103.539418433092));
#5334=CARTESIAN_POINT('Ctrl Pts',(9.68891496319904,20.2,103.539418433092));
#5335=CARTESIAN_POINT('Ctrl Pts',(9.64277280592218,20.2,103.450268294636));
#5336=CARTESIAN_POINT('Ctrl Pts',(9.54716752902007,20.2,103.265551667239));
#5337=CARTESIAN_POINT('Ctrl Pts',(9.53628917058255,20.2,103.057629524445));
#5338=CARTESIAN_POINT('Ctrl Pts',(9.53066105504169,20.2,102.950057242297));
#5339=CARTESIAN_POINT('',(9.68891496319904,20.2,103.539418433092));
#5340=CARTESIAN_POINT('Ctrl Pts',(10.109105655147,21.2,103.883208487414));
#5341=CARTESIAN_POINT('Ctrl Pts',(10.109105655147,20.2,103.883208487414));
#5342=CARTESIAN_POINT('Ctrl Pts',(10.0256619703422,21.2,103.84496696289));
#5343=CARTESIAN_POINT('Ctrl Pts',(10.0256619703422,20.2,103.84496696289));
#5344=CARTESIAN_POINT('Ctrl Pts',(9.85574131153587,21.2,103.767093783438));
#5345=CARTESIAN_POINT('Ctrl Pts',(9.85574131153587,20.2,103.767093783438));
#5346=CARTESIAN_POINT('Ctrl Pts',(9.74518162069472,21.2,103.616208047478));
#5347=CARTESIAN_POINT('Ctrl Pts',(9.74518162069472,20.2,103.616208047478));
#5348=CARTESIAN_POINT('Ctrl Pts',(9.68891496319904,21.2,103.539418433092));
#5349=CARTESIAN_POINT('Ctrl Pts',(9.68891496319904,20.2,103.539418433092));
#5350=CARTESIAN_POINT('',(10.109105655147,20.2,103.883208487414));
#5351=CARTESIAN_POINT('Ctrl Pts',(10.109105655147,20.2,103.883208487414));
#5352=CARTESIAN_POINT('Ctrl Pts',(10.0256619703422,20.2,103.84496696289));
#5353=CARTESIAN_POINT('Ctrl Pts',(9.85574131153587,20.2,103.767093783438));
#5354=CARTESIAN_POINT('Ctrl Pts',(9.74518162069472,20.2,103.616208047478));
#5355=CARTESIAN_POINT('Ctrl Pts',(9.68891496319904,20.2,103.539418433092));
#5356=CARTESIAN_POINT('',(10.109105655147,20.2,103.883208487414));
#5357=CARTESIAN_POINT('Ctrl Pts',(10.9549450363649,21.2,103.981436942004));
#5358=CARTESIAN_POINT('Ctrl Pts',(10.9549450363649,20.2,103.981436942004));
#5359=CARTESIAN_POINT('Ctrl Pts',(10.7851529181069,21.2,103.981440694376));
#5360=CARTESIAN_POINT('Ctrl Pts',(10.7851529181069,20.2,103.981440694376));
#5361=CARTESIAN_POINT('Ctrl Pts',(10.4988908643442,21.2,103.98144702071));
#5362=CARTESIAN_POINT('Ctrl Pts',(10.4988908643442,20.2,103.98144702071));
#5363=CARTESIAN_POINT('Ctrl Pts',(10.2218313868636,21.2,103.911619033241));
#5364=CARTESIAN_POINT('Ctrl Pts',(10.2218313868636,20.2,103.911619033241));
#5365=CARTESIAN_POINT('Ctrl Pts',(10.109105655147,21.2,103.883208487414));
#5366=CARTESIAN_POINT('Ctrl Pts',(10.109105655147,20.2,103.883208487414));
#5367=CARTESIAN_POINT('',(10.9549450363649,20.2,103.981436942004));
#5368=CARTESIAN_POINT('Ctrl Pts',(10.9549450363649,20.2,103.981436942004));
#5369=CARTESIAN_POINT('Ctrl Pts',(10.7851529181069,20.2,103.981440694376));
#5370=CARTESIAN_POINT('Ctrl Pts',(10.4988908643442,20.2,103.98144702071));
#5371=CARTESIAN_POINT('Ctrl Pts',(10.2218313868636,20.2,103.911619033241));
#5372=CARTESIAN_POINT('Ctrl Pts',(10.109105655147,20.2,103.883208487414));
#5373=CARTESIAN_POINT('',(10.9549450363649,20.2,103.981436942004));
#5374=CARTESIAN_POINT('Origin',(12.7803199972643,20.2,103.981436942004));
#5375=CARTESIAN_POINT('',(14.6056949581636,20.2,103.981436942004));
#5376=CARTESIAN_POINT('',(6.29015999863214,20.2,103.981436942004));
#5377=CARTESIAN_POINT('',(14.6056949581636,20.2,103.981436942004));
#5378=CARTESIAN_POINT('Origin',(14.6056949581636,20.2,104.469842169665));
#5379=CARTESIAN_POINT('',(14.6056949581636,20.2,104.958247397326));
#5380=CARTESIAN_POINT('',(14.6056949581636,20.2,52.2349210848323));
#5381=CARTESIAN_POINT('',(14.6056949581636,20.2,104.958247397326));
#5382=CARTESIAN_POINT('Origin',(12.6166089858545,20.2,104.958247397326));
#5383=CARTESIAN_POINT('',(10.6275230135454,20.2,104.958247397326));
#5384=CARTESIAN_POINT('',(6.20830449292726,20.2,104.958247397326));
#5385=CARTESIAN_POINT('',(10.6275230135454,20.2,104.958247397326));
#5386=CARTESIAN_POINT('Ctrl Pts',(9.15958339829578,21.2,104.494399283312));
#5387=CARTESIAN_POINT('Ctrl Pts',(9.15958339829578,20.2,104.494399283312));
#5388=CARTESIAN_POINT('Ctrl Pts',(9.35460988870432,21.2,104.629258039263));
#5389=CARTESIAN_POINT('Ctrl Pts',(9.35460988870432,20.2,104.629258039263));
#5390=CARTESIAN_POINT('Ctrl Pts',(9.79332283731863,21.2,104.932623404376));
#5391=CARTESIAN_POINT('Ctrl Pts',(9.79332283731863,20.2,104.932623404376));
#5392=CARTESIAN_POINT('Ctrl Pts',(10.3296281379818,21.2,104.949097008236));
#5393=CARTESIAN_POINT('Ctrl Pts',(10.3296281379818,20.2,104.949097008236));
#5394=CARTESIAN_POINT('Ctrl Pts',(10.6275230135454,21.2,104.958247397326));
#5395=CARTESIAN_POINT('Ctrl Pts',(10.6275230135454,20.2,104.958247397326));
#5396=CARTESIAN_POINT('',(9.15958339829578,20.2,104.494399283312));
#5397=CARTESIAN_POINT('Ctrl Pts',(9.15958339829578,20.2,104.494399283312));
#5398=CARTESIAN_POINT('Ctrl Pts',(9.35460988870432,20.2,104.629258039263));
#5399=CARTESIAN_POINT('Ctrl Pts',(9.79332283731863,20.2,104.932623404376));
#5400=CARTESIAN_POINT('Ctrl Pts',(10.3296281379818,20.2,104.949097008236));
#5401=CARTESIAN_POINT('Ctrl Pts',(10.6275230135454,20.2,104.958247397326));
#5402=CARTESIAN_POINT('',(9.15958339829578,20.2,104.494399283312));
#5403=CARTESIAN_POINT('Ctrl Pts',(8.67936486859454,21.2,103.168343756579));
#5404=CARTESIAN_POINT('Ctrl Pts',(8.67936486859454,20.2,103.168343756579));
#5405=CARTESIAN_POINT('Ctrl Pts',(8.69296994323539,21.2,103.432568076954));
#5406=CARTESIAN_POINT('Ctrl Pts',(8.69296994323539,20.2,103.432568076954));
#5407=CARTESIAN_POINT('Ctrl Pts',(8.7183595352671,21.2,103.925659653169));
#5408=CARTESIAN_POINT('Ctrl Pts',(8.7183595352671,20.2,103.925659653169));
#5409=CARTESIAN_POINT('Ctrl Pts',(9.01971157976698,21.2,104.314103852799));
#5410=CARTESIAN_POINT('Ctrl Pts',(9.01971157976698,20.2,104.314103852799));
#5411=CARTESIAN_POINT('Ctrl Pts',(9.15958339829578,21.2,104.494399283312));
#5412=CARTESIAN_POINT('Ctrl Pts',(9.15958339829578,20.2,104.494399283312));
#5413=CARTESIAN_POINT('',(8.67936486859454,20.2,103.168343756579));
#5414=CARTESIAN_POINT('Ctrl Pts',(8.67936486859454,20.2,103.168343756579));
#5415=CARTESIAN_POINT('Ctrl Pts',(8.69296994323539,20.2,103.432568076954));
#5416=CARTESIAN_POINT('Ctrl Pts',(8.7183595352671,20.2,103.925659653169));
#5417=CARTESIAN_POINT('Ctrl Pts',(9.01971157976698,20.2,104.314103852799));
#5418=CARTESIAN_POINT('Ctrl Pts',(9.15958339829578,20.2,104.494399283312));
#5419=CARTESIAN_POINT('',(8.67936486859454,20.2,103.168343756579));
#5420=CARTESIAN_POINT('Ctrl Pts',(9.69437176842822,21.2,101.378440115832));
#5421=CARTESIAN_POINT('Ctrl Pts',(9.69437176842822,20.2,101.378440115832));
#5422=CARTESIAN_POINT('Ctrl Pts',(9.39841636206759,21.2,101.618728626951));
#5423=CARTESIAN_POINT('Ctrl Pts',(9.39841636206759,20.2,101.618728626951));
#5424=CARTESIAN_POINT('Ctrl Pts',(8.82473368411585,21.2,102.084506083883));
#5425=CARTESIAN_POINT('Ctrl Pts',(8.82473368411585,20.2,102.084506083883));
#5426=CARTESIAN_POINT('Ctrl Pts',(8.72678372308507,21.2,102.814799286201));
#5427=CARTESIAN_POINT('Ctrl Pts',(8.72678372308507,20.2,102.814799286201));
#5428=CARTESIAN_POINT('Ctrl Pts',(8.67936486859454,21.2,103.168343756579));
#5429=CARTESIAN_POINT('Ctrl Pts',(8.67936486859454,20.2,103.168343756579));
#5430=CARTESIAN_POINT('',(9.69437176842822,20.2,101.378440115832));
#5431=CARTESIAN_POINT('Ctrl Pts',(9.69437176842822,20.2,101.378440115832));
#5432=CARTESIAN_POINT('Ctrl Pts',(9.39841636206759,20.2,101.618728626951));
#5433=CARTESIAN_POINT('Ctrl Pts',(8.82473368411585,20.2,102.084506083883));
#5434=CARTESIAN_POINT('Ctrl Pts',(8.72678372308507,20.2,102.814799286201));
#5435=CARTESIAN_POINT('Ctrl Pts',(8.67936486859454,20.2,103.168343756579));
#5436=CARTESIAN_POINT('',(9.69437176842822,20.2,101.378440115832));
#5437=CARTESIAN_POINT('Ctrl Pts',(8.94675905366077,21.2,100.794533942126));
#5438=CARTESIAN_POINT('Ctrl Pts',(8.94675905366077,20.2,100.794533942126));
#5439=CARTESIAN_POINT('Ctrl Pts',(9.04542716100819,21.2,100.922781803331));
#5440=CARTESIAN_POINT('Ctrl Pts',(9.04542716100819,20.2,100.922781803331));
#5441=CARTESIAN_POINT('Ctrl Pts',(9.24445231859376,21.2,101.181472797539));
#5442=CARTESIAN_POINT('Ctrl Pts',(9.24445231859376,20.2,101.181472797539));
#5443=CARTESIAN_POINT('Ctrl Pts',(9.54355255589592,21.2,101.312413950814));
#5444=CARTESIAN_POINT('Ctrl Pts',(9.54355255589592,20.2,101.312413950814));
#5445=CARTESIAN_POINT('Ctrl Pts',(9.69437176842822,21.2,101.378440115832));
#5446=CARTESIAN_POINT('Ctrl Pts',(9.69437176842822,20.2,101.378440115832));
#5447=CARTESIAN_POINT('',(8.94675905366077,20.2,100.794533942126));
#5448=CARTESIAN_POINT('Ctrl Pts',(8.94675905366077,20.2,100.794533942126));
#5449=CARTESIAN_POINT('Ctrl Pts',(9.04542716100819,20.2,100.922781803331));
#5450=CARTESIAN_POINT('Ctrl Pts',(9.24445231859376,20.2,101.181472797539));
#5451=CARTESIAN_POINT('Ctrl Pts',(9.54355255589592,20.2,101.312413950814));
#5452=CARTESIAN_POINT('Ctrl Pts',(9.69437176842822,20.2,101.378440115832));
#5453=CARTESIAN_POINT('',(8.94675905366077,20.2,100.794533942126));
#5454=CARTESIAN_POINT('Ctrl Pts',(8.67936486859454,21.2,99.741324637316));
#5455=CARTESIAN_POINT('Ctrl Pts',(8.67936486859454,20.2,99.741324637316));
#5456=CARTESIAN_POINT('Ctrl Pts',(8.68687847408442,21.2,99.9403326082971));
#5457=CARTESIAN_POINT('Ctrl Pts',(8.68687847408442,20.2,99.9403326082971));
#5458=CARTESIAN_POINT('Ctrl Pts',(8.70088564632086,21.2,100.311331448962));
#5459=CARTESIAN_POINT('Ctrl Pts',(8.70088564632086,20.2,100.311331448962));
#5460=CARTESIAN_POINT('Ctrl Pts',(8.86887915952183,21.2,100.641480550047));
#5461=CARTESIAN_POINT('Ctrl Pts',(8.86887915952183,20.2,100.641480550047));
#5462=CARTESIAN_POINT('Ctrl Pts',(8.94675905366077,21.2,100.794533942126));
#5463=CARTESIAN_POINT('Ctrl Pts',(8.94675905366077,20.2,100.794533942126));
#5464=CARTESIAN_POINT('',(8.67936486859454,20.2,99.741324637316));
#5465=CARTESIAN_POINT('Ctrl Pts',(8.67936486859454,20.2,99.741324637316));
#5466=CARTESIAN_POINT('Ctrl Pts',(8.68687847408442,20.2,99.9403326082971));
#5467=CARTESIAN_POINT('Ctrl Pts',(8.70088564632086,20.2,100.311331448962));
#5468=CARTESIAN_POINT('Ctrl Pts',(8.86887915952183,20.2,100.641480550047));
#5469=CARTESIAN_POINT('Ctrl Pts',(8.94675905366077,20.2,100.794533942126));
#5470=CARTESIAN_POINT('',(8.67936486859454,20.2,99.741324637316));
#5471=CARTESIAN_POINT('Ctrl Pts',(8.94130224843158,21.2,98.709944937609));
#5472=CARTESIAN_POINT('Ctrl Pts',(8.94130224843158,20.2,98.709944937609));
#5473=CARTESIAN_POINT('Ctrl Pts',(8.86491850747095,21.2,98.8685738228739));
#5474=CARTESIAN_POINT('Ctrl Pts',(8.86491850747095,20.2,98.8685738228739));
#5475=CARTESIAN_POINT('Ctrl Pts',(8.70801065060621,21.2,99.1944300602189));
#5476=CARTESIAN_POINT('Ctrl Pts',(8.70801065060621,20.2,99.1944300602189));
#5477=CARTESIAN_POINT('Ctrl Pts',(8.68907997243659,21.2,99.555847501276));
#5478=CARTESIAN_POINT('Ctrl Pts',(8.68907997243659,20.2,99.555847501276));
#5479=CARTESIAN_POINT('Ctrl Pts',(8.67936486859454,21.2,99.741324637316));
#5480=CARTESIAN_POINT('Ctrl Pts',(8.67936486859454,20.2,99.741324637316));
#5481=CARTESIAN_POINT('',(8.94130224843158,20.2,98.709944937609));
#5482=CARTESIAN_POINT('Ctrl Pts',(8.94130224843158,20.2,98.709944937609));
#5483=CARTESIAN_POINT('Ctrl Pts',(8.86491850747095,20.2,98.8685738228739));
#5484=CARTESIAN_POINT('Ctrl Pts',(8.70801065060621,20.2,99.1944300602189));
#5485=CARTESIAN_POINT('Ctrl Pts',(8.68907997243659,20.2,99.555847501276));
#5486=CARTESIAN_POINT('Ctrl Pts',(8.67936486859454,20.2,99.741324637316));
#5487=CARTESIAN_POINT('',(8.94130224843158,20.2,98.709944937609));
#5488=CARTESIAN_POINT('Ctrl Pts',(9.62343032021655,21.2,97.9841606358512));
#5489=CARTESIAN_POINT('Ctrl Pts',(9.62343032021655,20.2,97.9841606358512));
#5490=CARTESIAN_POINT('Ctrl Pts',(9.48827756534078,21.2,98.0831829651829));
#5491=CARTESIAN_POINT('Ctrl Pts',(9.48827756534078,20.2,98.0831829651829));
#5492=CARTESIAN_POINT('Ctrl Pts',(9.215905402646,21.2,98.2827417978529));
#5493=CARTESIAN_POINT('Ctrl Pts',(9.215905402646,20.2,98.2827417978529));
#5494=CARTESIAN_POINT('Ctrl Pts',(9.03329848302026,21.2,98.5668253861441));
#5495=CARTESIAN_POINT('Ctrl Pts',(9.03329848302026,20.2,98.5668253861441));
#5496=CARTESIAN_POINT('Ctrl Pts',(8.94130224843158,21.2,98.709944937609));
#5497=CARTESIAN_POINT('Ctrl Pts',(8.94130224843158,20.2,98.709944937609));
#5498=CARTESIAN_POINT('',(9.62343032021655,20.2,97.9841606358512));
#5499=CARTESIAN_POINT('Ctrl Pts',(9.62343032021655,20.2,97.9841606358512));
#5500=CARTESIAN_POINT('Ctrl Pts',(9.48827756534078,20.2,98.0831829651829));
#5501=CARTESIAN_POINT('Ctrl Pts',(9.215905402646,20.2,98.2827417978529));
#5502=CARTESIAN_POINT('Ctrl Pts',(9.03329848302026,20.2,98.5668253861441));
#5503=CARTESIAN_POINT('Ctrl Pts',(8.94130224843158,20.2,98.709944937609));
#5504=CARTESIAN_POINT('',(9.62343032021655,20.2,97.9841606358512));
#5505=CARTESIAN_POINT('Origin',(9.21688193936481,20.2,97.9841606358512));
#5506=CARTESIAN_POINT('',(8.81033355851306,20.2,97.9841606358512));
#5507=CARTESIAN_POINT('',(4.5084409696824,20.2,97.9841606358512));
#5508=CARTESIAN_POINT('',(8.81033355851306,20.2,97.9841606358512));
#5509=CARTESIAN_POINT('Origin',(8.81033355851306,20.2,97.5448744038566));
#5510=CARTESIAN_POINT('',(8.81033355851306,20.2,97.1055881718619));
#5511=CARTESIAN_POINT('',(8.81033355851306,20.2,48.7724372019283));
#5512=CARTESIAN_POINT('',(8.81033355851306,20.2,97.1055881718619));
#5513=CARTESIAN_POINT('Origin',(11.7080142583383,20.2,97.1055881718619));
#5514=CARTESIAN_POINT('',(14.6056949581636,20.2,97.1055881718619));
#5515=CARTESIAN_POINT('',(5.75400712916917,20.2,97.1055881718619));
#5516=CARTESIAN_POINT('',(14.6056949581636,20.2,97.1055881718619));
#5517=CARTESIAN_POINT('Origin',(14.6056949581636,20.2,97.5967161396964));
#5518=CARTESIAN_POINT('',(14.6056949581636,20.2,48.7983580698482));
#5519=CARTESIAN_POINT('Origin',(-0.2,21.2,0.));
#5520=CARTESIAN_POINT('',(8.81033355851306,21.2,123.550338004015));
#5521=CARTESIAN_POINT('',(14.6056949581636,21.2,121.356610510729));
#5522=CARTESIAN_POINT('',(8.81033355851306,21.2,123.550338004015));
#5523=CARTESIAN_POINT('',(8.81033355851306,21.2,122.540778372668));
#5524=CARTESIAN_POINT('',(8.81033355851306,21.2,122.540778372668));
#5525=CARTESIAN_POINT('',(12.3464863981737,21.2,121.252927039049));
#5526=CARTESIAN_POINT('',(12.3464863981737,21.2,121.252927039049));
#5527=CARTESIAN_POINT('',(13.4488057579531,21.2,120.887307379626));
#5528=CARTESIAN_POINT('Ctrl Pts',(13.4488057579531,21.2,120.887307379626));
#5529=CARTESIAN_POINT('Ctrl Pts',(13.2801110673051,21.2,120.938281861382));
#5530=CARTESIAN_POINT('Ctrl Pts',(12.9094176975216,21.2,121.050294292495));
#5531=CARTESIAN_POINT('Ctrl Pts',(12.5450422872016,21.2,121.181454862631));
#5532=CARTESIAN_POINT('Ctrl Pts',(12.3464863981737,21.2,121.252927039049));
#5533=CARTESIAN_POINT('',(12.2810017551912,21.2,120.516223166369));
#5534=CARTESIAN_POINT('Ctrl Pts',(12.2810017551912,21.2,120.516223166369));
#5535=CARTESIAN_POINT('Ctrl Pts',(12.4714509297576,21.2,120.582518884244));
#5536=CARTESIAN_POINT('Ctrl Pts',(12.8573373961259,21.2,120.71684669304));
#5537=CARTESIAN_POINT('Ctrl Pts',(13.2499579159418,21.2,120.829999598072));
#5538=CARTESIAN_POINT('Ctrl Pts',(13.4488057579531,21.2,120.887307379626));
#5539=CARTESIAN_POINT('',(8.81033355851306,21.2,119.272021506213));
#5540=CARTESIAN_POINT('',(8.81033355851306,21.2,119.272021506213));
#5541=CARTESIAN_POINT('',(8.81033355851306,21.2,118.235186789416));
#5542=CARTESIAN_POINT('',(8.81033355851306,21.2,118.235186789416));
#5543=CARTESIAN_POINT('',(14.6056949581636,21.2,120.439833853625));
#5544=CARTESIAN_POINT('',(14.6056949581636,21.2,120.439833853625));
#5545=CARTESIAN_POINT('',(14.6056949581636,21.2,121.356610510729));
#5546=CARTESIAN_POINT('Origin',(11.7080142583383,20.2,122.453474257372));
#5547=CARTESIAN_POINT('',(14.6056949581636,20.2,121.356610510729));
#5548=CARTESIAN_POINT('',(14.6056949581636,20.2,121.356610510729));
#5549=CARTESIAN_POINT('',(8.81033355851306,20.2,123.550338004015));
#5550=CARTESIAN_POINT('',(26.7718265044395,20.2,116.751345123551));
#5551=CARTESIAN_POINT('',(8.81033355851306,20.2,123.550338004015));
#5552=CARTESIAN_POINT('Origin',(8.81033355851306,20.2,123.045558188341));
#5553=CARTESIAN_POINT('',(8.81033355851306,20.2,122.540778372668));
#5554=CARTESIAN_POINT('',(8.81033355851306,20.2,61.5227790941707));
#5555=CARTESIAN_POINT('',(8.81033355851306,20.2,122.540778372668));
#5556=CARTESIAN_POINT('Origin',(10.5784099783434,20.2,121.896852705859));
#5557=CARTESIAN_POINT('',(12.3464863981737,20.2,121.252927039049));
#5558=CARTESIAN_POINT('',(25.4180477648864,20.2,116.492321798862));
#5559=CARTESIAN_POINT('',(12.3464863981737,20.2,121.252927039049));
#5560=CARTESIAN_POINT('Ctrl Pts',(13.4488057579531,21.2,120.887307379626));
#5561=CARTESIAN_POINT('Ctrl Pts',(13.4488057579531,20.2,120.887307379626));
#5562=CARTESIAN_POINT('Ctrl Pts',(13.2801110673051,21.2,120.938281861382));
#5563=CARTESIAN_POINT('Ctrl Pts',(13.2801110673051,20.2,120.938281861382));
#5564=CARTESIAN_POINT('Ctrl Pts',(12.9094176975216,21.2,121.050294292495));
#5565=CARTESIAN_POINT('Ctrl Pts',(12.9094176975216,20.2,121.050294292495));
#5566=CARTESIAN_POINT('Ctrl Pts',(12.5450422872016,21.2,121.181454862631));
#5567=CARTESIAN_POINT('Ctrl Pts',(12.5450422872016,20.2,121.181454862631));
#5568=CARTESIAN_POINT('Ctrl Pts',(12.3464863981737,21.2,121.252927039049));
#5569=CARTESIAN_POINT('Ctrl Pts',(12.3464863981737,20.2,121.252927039049));
#5570=CARTESIAN_POINT('',(13.4488057579531,20.2,120.887307379626));
#5571=CARTESIAN_POINT('Ctrl Pts',(13.4488057579531,20.2,120.887307379626));
#5572=CARTESIAN_POINT('Ctrl Pts',(13.2801110673051,20.2,120.938281861382));
#5573=CARTESIAN_POINT('Ctrl Pts',(12.9094176975216,20.2,121.050294292495));
#5574=CARTESIAN_POINT('Ctrl Pts',(12.5450422872016,20.2,121.181454862631));
#5575=CARTESIAN_POINT('Ctrl Pts',(12.3464863981737,20.2,121.252927039049));
#5576=CARTESIAN_POINT('',(13.4488057579531,20.2,120.887307379626));
#5577=CARTESIAN_POINT('Ctrl Pts',(12.2810017551912,21.2,120.516223166369));
#5578=CARTESIAN_POINT('Ctrl Pts',(12.2810017551912,20.2,120.516223166369));
#5579=CARTESIAN_POINT('Ctrl Pts',(12.4714509297576,21.2,120.582518884244));
#5580=CARTESIAN_POINT('Ctrl Pts',(12.4714509297576,20.2,120.582518884244));
#5581=CARTESIAN_POINT('Ctrl Pts',(12.8573373961259,21.2,120.71684669304));
#5582=CARTESIAN_POINT('Ctrl Pts',(12.8573373961259,20.2,120.71684669304));
#5583=CARTESIAN_POINT('Ctrl Pts',(13.2499579159418,21.2,120.829999598072));
#5584=CARTESIAN_POINT('Ctrl Pts',(13.2499579159418,20.2,120.829999598072));
#5585=CARTESIAN_POINT('Ctrl Pts',(13.4488057579531,21.2,120.887307379626));
#5586=CARTESIAN_POINT('Ctrl Pts',(13.4488057579531,20.2,120.887307379626));
#5587=CARTESIAN_POINT('',(12.2810017551912,20.2,120.516223166369));
#5588=CARTESIAN_POINT('Ctrl Pts',(12.2810017551912,20.2,120.516223166369));
#5589=CARTESIAN_POINT('Ctrl Pts',(12.4714509297576,20.2,120.582518884244));
#5590=CARTESIAN_POINT('Ctrl Pts',(12.8573373961259,20.2,120.71684669304));
#5591=CARTESIAN_POINT('Ctrl Pts',(13.2499579159418,20.2,120.829999598072));
#5592=CARTESIAN_POINT('Ctrl Pts',(13.4488057579531,20.2,120.887307379626));
#5593=CARTESIAN_POINT('',(12.2810017551912,20.2,120.516223166369));
#5594=CARTESIAN_POINT('Origin',(10.5456676568521,20.2,119.894122336291));
#5595=CARTESIAN_POINT('',(8.81033355851306,20.2,119.272021506213));
#5596=CARTESIAN_POINT('',(-13.2584256385688,20.2,111.360580459535));
#5597=CARTESIAN_POINT('',(8.81033355851306,20.2,119.272021506213));
#5598=CARTESIAN_POINT('Origin',(8.81033355851306,20.2,118.753604147814));
#5599=CARTESIAN_POINT('',(8.81033355851306,20.2,118.235186789416));
#5600=CARTESIAN_POINT('',(8.81033355851306,20.2,59.376802073907));
#5601=CARTESIAN_POINT('',(8.81033355851306,20.2,118.235186789416));
#5602=CARTESIAN_POINT('Origin',(11.7080142583383,20.2,119.33751032152));
#5603=CARTESIAN_POINT('',(14.6056949581636,20.2,120.439833853625));
#5604=CARTESIAN_POINT('',(-13.3225959354443,20.2,109.815470629153));
#5605=CARTESIAN_POINT('',(14.6056949581636,20.2,120.439833853625));
#5606=CARTESIAN_POINT('Origin',(14.6056949581636,20.2,120.898222182177));
#5607=CARTESIAN_POINT('',(14.6056949581636,20.2,60.4491110910884));
#5608=CARTESIAN_POINT('Origin',(-0.2,21.2,0.));
#5609=CARTESIAN_POINT('',(6.57295281548633,21.2,68.8272802571281));
#5610=CARTESIAN_POINT('',(6.57295281548633,21.2,69.4602911213859));
#5611=CARTESIAN_POINT('',(6.57295281548633,21.2,68.8272802571281));
#5612=CARTESIAN_POINT('',(7.64253015179767,21.2,67.9541532734855));
#5613=CARTESIAN_POINT('Ctrl Pts',(7.64253015179767,21.2,67.9541532734855));
#5614=CARTESIAN_POINT('Ctrl Pts',(7.46961930051787,21.2,68.13976193204));
#5615=CARTESIAN_POINT('Ctrl Pts',(7.15260279889285,21.2,68.4800587218061));
#5616=CARTESIAN_POINT('Ctrl Pts',(6.75409969267383,21.2,68.7187697790527));
#5617=CARTESIAN_POINT('Ctrl Pts',(6.57295281548633,21.2,68.8272802571281));
#5618=CARTESIAN_POINT('',(8.58113820214404,21.2,66.5134994725211));
#5619=CARTESIAN_POINT('Ctrl Pts',(8.58113820214404,21.2,66.5134994725211));
#5620=CARTESIAN_POINT('Ctrl Pts',(8.44751356107796,21.2,66.7768857788093));
#5621=CARTESIAN_POINT('Ctrl Pts',(8.18663224435584,21.2,67.291106553083));
#5622=CARTESIAN_POINT('Ctrl Pts',(7.82092192193128,21.2,67.7367637803156));
#5623=CARTESIAN_POINT('Ctrl Pts',(7.64253015179767,21.2,67.9541532734855));
#5624=CARTESIAN_POINT('',(9.53066105504169,21.2,66.5134994725211));
#5625=CARTESIAN_POINT('',(9.53066105504169,21.2,66.5134994725211));
#5626=CARTESIAN_POINT('',(9.02315730710162,21.2,67.5448791722281));
#5627=CARTESIAN_POINT('Ctrl Pts',(9.02315730710162,21.2,67.5448791722281));
#5628=CARTESIAN_POINT('Ctrl Pts',(9.12626091191572,21.2,67.3655904601819));
#5629=CARTESIAN_POINT('Ctrl Pts',(9.31771427278129,21.2,67.0326687689529));
#5630=CARTESIAN_POINT('Ctrl Pts',(9.46342164587445,21.2,66.6774307438899));
#5631=CARTESIAN_POINT('Ctrl Pts',(9.53066105504169,21.2,66.5134994725211));
#5632=CARTESIAN_POINT('',(8.34648604054584,21.2,68.4780304173453));
#5633=CARTESIAN_POINT('Ctrl Pts',(8.34648604054584,21.2,68.4780304173453));
#5634=CARTESIAN_POINT('Ctrl Pts',(8.46303907934076,21.2,68.3439125424446));
#5635=CARTESIAN_POINT('Ctrl Pts',(8.71595088774727,21.2,68.0528862883761));
#5636=CARTESIAN_POINT('Ctrl Pts',(8.91554504014526,21.2,67.722830523354));
#5637=CARTESIAN_POINT('Ctrl Pts',(9.02315730710162,21.2,67.5448791722281));
#5638=CARTESIAN_POINT('',(14.6056949581636,21.2,68.4780304173453));
#5639=CARTESIAN_POINT('',(14.6056949581636,21.2,68.4780304173453));
#5640=CARTESIAN_POINT('',(14.6056949581636,21.2,69.4602911213859));
#5641=CARTESIAN_POINT('',(14.6056949581636,21.2,69.4602911213859));
#5642=CARTESIAN_POINT('',(6.57295281548633,21.2,69.4602911213859));
#5643=CARTESIAN_POINT('Origin',(6.57295281548633,20.2,69.143785689257));
#5644=CARTESIAN_POINT('',(6.57295281548633,20.2,69.4602911213859));
#5645=CARTESIAN_POINT('',(6.57295281548633,20.2,69.4602911213859));
#5646=CARTESIAN_POINT('',(6.57295281548633,20.2,68.8272802571281));
#5647=CARTESIAN_POINT('',(6.57295281548633,20.2,34.5718928446285));
#5648=CARTESIAN_POINT('',(6.57295281548633,20.2,68.8272802571281));
#5649=CARTESIAN_POINT('Ctrl Pts',(7.64253015179767,21.2,67.9541532734855));
#5650=CARTESIAN_POINT('Ctrl Pts',(7.64253015179767,20.2,67.9541532734855));
#5651=CARTESIAN_POINT('Ctrl Pts',(7.46961930051787,21.2,68.13976193204));
#5652=CARTESIAN_POINT('Ctrl Pts',(7.46961930051787,20.2,68.13976193204));
#5653=CARTESIAN_POINT('Ctrl Pts',(7.15260279889285,21.2,68.4800587218061));
#5654=CARTESIAN_POINT('Ctrl Pts',(7.15260279889285,20.2,68.4800587218061));
#5655=CARTESIAN_POINT('Ctrl Pts',(6.75409969267383,21.2,68.7187697790527));
#5656=CARTESIAN_POINT('Ctrl Pts',(6.75409969267383,20.2,68.7187697790527));
#5657=CARTESIAN_POINT('Ctrl Pts',(6.57295281548633,21.2,68.8272802571281));
#5658=CARTESIAN_POINT('Ctrl Pts',(6.57295281548633,20.2,68.8272802571281));
#5659=CARTESIAN_POINT('',(7.64253015179767,20.2,67.9541532734855));
#5660=CARTESIAN_POINT('Ctrl Pts',(7.64253015179767,20.2,67.9541532734855));
#5661=CARTESIAN_POINT('Ctrl Pts',(7.46961930051787,20.2,68.13976193204));
#5662=CARTESIAN_POINT('Ctrl Pts',(7.15260279889285,20.2,68.4800587218061));
#5663=CARTESIAN_POINT('Ctrl Pts',(6.75409969267383,20.2,68.7187697790527));
#5664=CARTESIAN_POINT('Ctrl Pts',(6.57295281548633,20.2,68.8272802571281));
#5665=CARTESIAN_POINT('',(7.64253015179767,20.2,67.9541532734855));
#5666=CARTESIAN_POINT('Ctrl Pts',(8.58113820214404,21.2,66.5134994725211));
#5667=CARTESIAN_POINT('Ctrl Pts',(8.58113820214404,20.2,66.5134994725211));
#5668=CARTESIAN_POINT('Ctrl Pts',(8.44751356107796,21.2,66.7768857788093));
#5669=CARTESIAN_POINT('Ctrl Pts',(8.44751356107796,20.2,66.7768857788093));
#5670=CARTESIAN_POINT('Ctrl Pts',(8.18663224435584,21.2,67.291106553083));
#5671=CARTESIAN_POINT('Ctrl Pts',(8.18663224435584,20.2,67.291106553083));
#5672=CARTESIAN_POINT('Ctrl Pts',(7.82092192193128,21.2,67.7367637803156));
#5673=CARTESIAN_POINT('Ctrl Pts',(7.82092192193128,20.2,67.7367637803156));
#5674=CARTESIAN_POINT('Ctrl Pts',(7.64253015179767,21.2,67.9541532734855));
#5675=CARTESIAN_POINT('Ctrl Pts',(7.64253015179767,20.2,67.9541532734855));
#5676=CARTESIAN_POINT('',(8.58113820214404,20.2,66.5134994725211));
#5677=CARTESIAN_POINT('Ctrl Pts',(8.58113820214404,20.2,66.5134994725211));
#5678=CARTESIAN_POINT('Ctrl Pts',(8.44751356107796,20.2,66.7768857788093));
#5679=CARTESIAN_POINT('Ctrl Pts',(8.18663224435584,20.2,67.291106553083));
#5680=CARTESIAN_POINT('Ctrl Pts',(7.82092192193128,20.2,67.7367637803156));
#5681=CARTESIAN_POINT('Ctrl Pts',(7.64253015179767,20.2,67.9541532734855));
#5682=CARTESIAN_POINT('',(8.58113820214404,20.2,66.5134994725211));
#5683=CARTESIAN_POINT('Origin',(9.05589962859287,20.2,66.5134994725211));
#5684=CARTESIAN_POINT('',(9.53066105504169,20.2,66.5134994725211));
#5685=CARTESIAN_POINT('',(4.42794981429643,20.2,66.5134994725211));
#5686=CARTESIAN_POINT('',(9.53066105504169,20.2,66.5134994725211));
#5687=CARTESIAN_POINT('Ctrl Pts',(9.02315730710162,21.2,67.5448791722281));
#5688=CARTESIAN_POINT('Ctrl Pts',(9.02315730710162,20.2,67.5448791722281));
#5689=CARTESIAN_POINT('Ctrl Pts',(9.12626091191572,21.2,67.3655904601819));
#5690=CARTESIAN_POINT('Ctrl Pts',(9.12626091191572,20.2,67.3655904601819));
#5691=CARTESIAN_POINT('Ctrl Pts',(9.31771427278129,21.2,67.0326687689529));
#5692=CARTESIAN_POINT('Ctrl Pts',(9.31771427278129,20.2,67.0326687689529));
#5693=CARTESIAN_POINT('Ctrl Pts',(9.46342164587445,21.2,66.6774307438899));
#5694=CARTESIAN_POINT('Ctrl Pts',(9.46342164587445,20.2,66.6774307438899));
#5695=CARTESIAN_POINT('Ctrl Pts',(9.53066105504169,21.2,66.5134994725211));
#5696=CARTESIAN_POINT('Ctrl Pts',(9.53066105504169,20.2,66.5134994725211));
#5697=CARTESIAN_POINT('',(9.02315730710162,20.2,67.5448791722281));
#5698=CARTESIAN_POINT('Ctrl Pts',(9.02315730710162,20.2,67.5448791722281));
#5699=CARTESIAN_POINT('Ctrl Pts',(9.12626091191572,20.2,67.3655904601819));
#5700=CARTESIAN_POINT('Ctrl Pts',(9.31771427278129,20.2,67.0326687689529));
#5701=CARTESIAN_POINT('Ctrl Pts',(9.46342164587445,20.2,66.6774307438899));
#5702=CARTESIAN_POINT('Ctrl Pts',(9.53066105504169,20.2,66.5134994725211));
#5703=CARTESIAN_POINT('',(9.02315730710162,20.2,67.5448791722281));
#5704=CARTESIAN_POINT('Ctrl Pts',(8.34648604054584,21.2,68.4780304173453));
#5705=CARTESIAN_POINT('Ctrl Pts',(8.34648604054584,20.2,68.4780304173453));
#5706=CARTESIAN_POINT('Ctrl Pts',(8.46303907934076,21.2,68.3439125424446));
#5707=CARTESIAN_POINT('Ctrl Pts',(8.46303907934076,20.2,68.3439125424446));
#5708=CARTESIAN_POINT('Ctrl Pts',(8.71595088774727,21.2,68.0528862883761));
#5709=CARTESIAN_POINT('Ctrl Pts',(8.71595088774727,20.2,68.0528862883761));
#5710=CARTESIAN_POINT('Ctrl Pts',(8.91554504014526,21.2,67.722830523354));
#5711=CARTESIAN_POINT('Ctrl Pts',(8.91554504014526,20.2,67.722830523354));
#5712=CARTESIAN_POINT('Ctrl Pts',(9.02315730710162,21.2,67.5448791722281));
#5713=CARTESIAN_POINT('Ctrl Pts',(9.02315730710162,20.2,67.5448791722281));
#5714=CARTESIAN_POINT('',(8.34648604054584,20.2,68.4780304173453));
#5715=CARTESIAN_POINT('Ctrl Pts',(8.34648604054584,20.2,68.4780304173453));
#5716=CARTESIAN_POINT('Ctrl Pts',(8.46303907934076,20.2,68.3439125424446));
#5717=CARTESIAN_POINT('Ctrl Pts',(8.71595088774727,20.2,68.0528862883761));
#5718=CARTESIAN_POINT('Ctrl Pts',(8.91554504014526,20.2,67.722830523354));
#5719=CARTESIAN_POINT('Ctrl Pts',(9.02315730710162,20.2,67.5448791722281));
#5720=CARTESIAN_POINT('',(8.34648604054584,20.2,68.4780304173453));
#5721=CARTESIAN_POINT('Origin',(11.4760904993547,20.2,68.4780304173453));
#5722=CARTESIAN_POINT('',(14.6056949581636,20.2,68.4780304173453));
#5723=CARTESIAN_POINT('',(5.63804524967737,20.2,68.4780304173453));
#5724=CARTESIAN_POINT('',(14.6056949581636,20.2,68.4780304173453));
#5725=CARTESIAN_POINT('Origin',(14.6056949581636,20.2,68.9691607693656));
#5726=CARTESIAN_POINT('',(14.6056949581636,20.2,69.4602911213859));
#5727=CARTESIAN_POINT('',(14.6056949581636,20.2,34.4845803846828));
#5728=CARTESIAN_POINT('',(14.6056949581636,20.2,69.4602911213859));
#5729=CARTESIAN_POINT('Origin',(10.589323886825,20.2,69.4602911213859));
#5730=CARTESIAN_POINT('',(5.19466194341249,20.2,69.4602911213859));
#5731=CARTESIAN_POINT('Origin',(-0.2,21.2,0.));
#5732=CARTESIAN_POINT('',(11.5988736834063,21.2,107.397536490343));
#5733=CARTESIAN_POINT('',(14.6056949581636,21.2,107.397536490343));
#5734=CARTESIAN_POINT('',(11.5988736834063,21.2,107.397536490343));
#5735=CARTESIAN_POINT('',(10.387414046718,21.2,107.555789206408));
#5736=CARTESIAN_POINT('Ctrl Pts',(10.387414046718,21.2,107.555789206408));
#5737=CARTESIAN_POINT('Ctrl Pts',(10.5574911921141,21.2,107.509860310644));
#5738=CARTESIAN_POINT('Ctrl Pts',(10.9535625539568,21.2,107.40290225787));
#5739=CARTESIAN_POINT('Ctrl Pts',(11.3644344407379,21.2,107.399485854639));
#5740=CARTESIAN_POINT('Ctrl Pts',(11.5988736834063,21.2,107.397536490343));
#5741=CARTESIAN_POINT('',(9.74894160885944,21.2,108.063296530627));
#5742=CARTESIAN_POINT('Ctrl Pts',(9.74894160885944,21.2,108.063296530627));
#5743=CARTESIAN_POINT('Ctrl Pts',(9.83168605299155,21.2,107.954256976986));
#5744=CARTESIAN_POINT('Ctrl Pts',(10.001135079152,21.2,107.730959251426));
#5745=CARTESIAN_POINT('Ctrl Pts',(10.256663765018,21.2,107.615081931756));
#5746=CARTESIAN_POINT('Ctrl Pts',(10.387414046718,21.2,107.555789206408));
#5747=CARTESIAN_POINT('',(9.53066105504169,21.2,108.832730505846));
#5748=CARTESIAN_POINT('Ctrl Pts',(9.53066105504169,21.2,108.832730505846));
#5749=CARTESIAN_POINT('Ctrl Pts',(9.5397969005737,21.2,108.696922426255));
#5750=CARTESIAN_POINT('Ctrl Pts',(9.55808907697263,21.2,108.425001744192));
#5751=CARTESIAN_POINT('Ctrl Pts',(9.68527661929118,21.2,108.183954917606));
#5752=CARTESIAN_POINT('Ctrl Pts',(9.74894160885944,21.2,108.063296530627));
#5753=CARTESIAN_POINT('',(9.85808248181476,21.2,109.618548605822));
#5754=CARTESIAN_POINT('Ctrl Pts',(9.85808248181476,21.2,109.618548605822));
#5755=CARTESIAN_POINT('Ctrl Pts',(9.76277195903956,21.2,109.51899201125));
#5756=CARTESIAN_POINT('Ctrl Pts',(9.55412092318683,21.2,109.301045598005));
#5757=CARTESIAN_POINT('Ctrl Pts',(9.53891889131452,21.2,108.997576673404));
#5758=CARTESIAN_POINT('Ctrl Pts',(9.53066105504169,21.2,108.832730505846));
#5759=CARTESIAN_POINT('',(10.840346762134,21.2,109.858655188464));
#5760=CARTESIAN_POINT('Ctrl Pts',(10.840346762134,21.2,109.858655188464));
#5761=CARTESIAN_POINT('Ctrl Pts',(10.6450670117605,21.2,109.854787380449));
#5762=CARTESIAN_POINT('Ctrl Pts',(10.2982256220142,21.2,109.847917667104));
#5763=CARTESIAN_POINT('Ctrl Pts',(9.99192760712472,21.2,109.688298484772));
#5764=CARTESIAN_POINT('Ctrl Pts',(9.85808248181476,21.2,109.618548605822));
#5765=CARTESIAN_POINT('',(14.6056949581636,21.2,109.858655188464));
#5766=CARTESIAN_POINT('',(14.6056949581636,21.2,109.858655188464));
#5767=CARTESIAN_POINT('',(14.6056949581636,21.2,110.840920660876));
#5768=CARTESIAN_POINT('',(14.6056949581636,21.2,110.840920660876));
#5769=CARTESIAN_POINT('',(11.2387096371187,21.2,110.840920660876));
#5770=CARTESIAN_POINT('',(11.2387096371187,21.2,110.840920660876));
#5771=CARTESIAN_POINT('',(9.9399375404848,21.2,111.244734976672));
#5772=CARTESIAN_POINT('Ctrl Pts',(9.9399375404848,21.2,111.244734976672));
#5773=CARTESIAN_POINT('Ctrl Pts',(10.1099392421011,21.2,111.127414044982));
#5774=CARTESIAN_POINT('Ctrl Pts',(10.4978686864675,21.2,110.859697643263));
#5775=CARTESIAN_POINT('Ctrl Pts',(10.9722280313121,21.2,110.847674769722));
#5776=CARTESIAN_POINT('Ctrl Pts',(11.2387096371187,21.2,110.840920660876));
#5777=CARTESIAN_POINT('',(9.53066105504169,21.2,112.259749625109));
#5778=CARTESIAN_POINT('Ctrl Pts',(9.53066105504169,21.2,112.259749625109));
#5779=CARTESIAN_POINT('Ctrl Pts',(9.54651097100864,21.2,112.065862201194));
#5780=CARTESIAN_POINT('Ctrl Pts',(9.57767512153941,21.2,111.684640188565));
#5781=CARTESIAN_POINT('Ctrl Pts',(9.82057513909986,21.2,111.389680021278));
#5782=CARTESIAN_POINT('Ctrl Pts',(9.9399375404848,21.2,111.244734976672));
#5783=CARTESIAN_POINT('',(9.68891496319904,21.2,112.849101279162));
#5784=CARTESIAN_POINT('Ctrl Pts',(9.68891496319904,21.2,112.849101279162));
#5785=CARTESIAN_POINT('Ctrl Pts',(9.642772818704,21.2,112.759954361327));
#5786=CARTESIAN_POINT('Ctrl Pts',(9.54716611450897,21.2,112.575241598265));
#5787=CARTESIAN_POINT('Ctrl Pts',(9.53628874089381,21.2,112.367322076896));
#5788=CARTESIAN_POINT('Ctrl Pts',(9.53066105504169,21.2,112.259749625109));
#5789=CARTESIAN_POINT('',(10.109105655147,21.2,113.192900870226));
#5790=CARTESIAN_POINT('Ctrl Pts',(10.109105655147,21.2,113.192900870226));
#5791=CARTESIAN_POINT('Ctrl Pts',(10.0256616596145,21.2,113.154659593973));
#5792=CARTESIAN_POINT('Ctrl Pts',(9.85573815029247,21.2,113.076785903716));
#5793=CARTESIAN_POINT('Ctrl Pts',(9.74518102408081,21.2,112.925894662445));
#5794=CARTESIAN_POINT('Ctrl Pts',(9.68891496319904,21.2,112.849101279162));
#5795=CARTESIAN_POINT('',(10.9549450363649,21.2,113.291129324816));
#5796=CARTESIAN_POINT('Ctrl Pts',(10.9549450363649,21.2,113.291129324816));
#5797=CARTESIAN_POINT('Ctrl Pts',(10.7851529181069,21.2,113.291133077188));
#5798=CARTESIAN_POINT('Ctrl Pts',(10.4988908643442,21.2,113.291139403523));
#5799=CARTESIAN_POINT('Ctrl Pts',(10.2218313868636,21.2,113.221311416053));
#5800=CARTESIAN_POINT('Ctrl Pts',(10.109105655147,21.2,113.192900870226));
#5801=CARTESIAN_POINT('',(14.6056949581636,21.2,113.291129324816));
#5802=CARTESIAN_POINT('',(14.6056949581636,21.2,113.291129324816));
#5803=CARTESIAN_POINT('',(14.6056949581636,21.2,114.267930243395));
#5804=CARTESIAN_POINT('',(14.6056949581636,21.2,114.267930243395));
#5805=CARTESIAN_POINT('',(10.6275230135454,21.2,114.267930243395));
#5806=CARTESIAN_POINT('',(10.6275230135454,21.2,114.267930243395));
#5807=CARTESIAN_POINT('',(9.15958339829578,21.2,113.804082129381));
#5808=CARTESIAN_POINT('Ctrl Pts',(9.15958339829578,21.2,113.804082129381));
#5809=CARTESIAN_POINT('Ctrl Pts',(9.35460943518759,21.2,113.938945366304));
#5810=CARTESIAN_POINT('Ctrl Pts',(9.79331934609066,21.2,114.242319416239));
#5811=CARTESIAN_POINT('Ctrl Pts',(10.3296275961285,21.2,114.258784577482));
#5812=CARTESIAN_POINT('Ctrl Pts',(10.6275230135454,21.2,114.267930243395));
#5813=CARTESIAN_POINT('',(8.67936486859454,21.2,112.478026602648));
#5814=CARTESIAN_POINT('Ctrl Pts',(8.67936486859454,21.2,112.478026602648));
#5815=CARTESIAN_POINT('Ctrl Pts',(8.6929711394988,21.2,112.74224720347));
#5816=CARTESIAN_POINT('Ctrl Pts',(8.71836324941691,21.2,113.235337381221));
#5817=CARTESIAN_POINT('Ctrl Pts',(9.01971151741628,21.2,113.623783478317));
#5818=CARTESIAN_POINT('Ctrl Pts',(9.15958339829578,21.2,113.804082129381));
#5819=CARTESIAN_POINT('',(9.69437176842822,21.2,110.688122961901));
#5820=CARTESIAN_POINT('Ctrl Pts',(9.69437176842822,21.2,110.688122961901));
#5821=CARTESIAN_POINT('Ctrl Pts',(9.39841640499766,21.2,110.928414779188));
#5822=CARTESIAN_POINT('Ctrl Pts',(8.82473803994037,21.2,111.39419521067));
#5823=CARTESIAN_POINT('Ctrl Pts',(8.72678489290036,21.2,112.124486052661));
#5824=CARTESIAN_POINT('Ctrl Pts',(8.67936486859454,21.2,112.478026602648));
#5825=CARTESIAN_POINT('',(8.94675905366077,21.2,110.104216788195));
#5826=CARTESIAN_POINT('Ctrl Pts',(8.94675905366077,21.2,110.104216788195));
#5827=CARTESIAN_POINT('Ctrl Pts',(9.04542716100819,21.2,110.2324646494));
#5828=CARTESIAN_POINT('Ctrl Pts',(9.24445231859376,21.2,110.491155643608));
#5829=CARTESIAN_POINT('Ctrl Pts',(9.54355255589592,21.2,110.622096796883));
#5830=CARTESIAN_POINT('Ctrl Pts',(9.69437176842822,21.2,110.688122961901));
#5831=CARTESIAN_POINT('',(8.67936486859454,21.2,109.051017020129));
#5832=CARTESIAN_POINT('Ctrl Pts',(8.67936486859454,21.2,109.051017020129));
#5833=CARTESIAN_POINT('Ctrl Pts',(8.68687891790016,21.2,109.25002170898));
#5834=CARTESIAN_POINT('Ctrl Pts',(8.70088702197149,21.2,109.621017197397));
#5835=CARTESIAN_POINT('Ctrl Pts',(8.86887913614382,21.2,109.951163413165));
#5836=CARTESIAN_POINT('Ctrl Pts',(8.94675905366077,21.2,110.104216788195));
#5837=CARTESIAN_POINT('',(8.94130224843158,21.2,108.019637320422));
#5838=CARTESIAN_POINT('Ctrl Pts',(8.94130224843158,21.2,108.019637320422));
#5839=CARTESIAN_POINT('Ctrl Pts',(8.86491850747095,21.2,108.178266205686));
#5840=CARTESIAN_POINT('Ctrl Pts',(8.70801065060621,21.2,108.504122443031));
#5841=CARTESIAN_POINT('Ctrl Pts',(8.68907997243659,21.2,108.865539884089));
#5842=CARTESIAN_POINT('Ctrl Pts',(8.67936486859454,21.2,109.051017020129));
#5843=CARTESIAN_POINT('',(9.62343032021655,21.2,107.293853018664));
#5844=CARTESIAN_POINT('Ctrl Pts',(9.62343032021655,21.2,107.293853018664));
#5845=CARTESIAN_POINT('Ctrl Pts',(9.48827699941481,21.2,107.392871611198));
#5846=CARTESIAN_POINT('Ctrl Pts',(9.2158999308802,21.2,107.592425671763));
#5847=CARTESIAN_POINT('Ctrl Pts',(9.033297482835,21.2,107.87651362248));
#5848=CARTESIAN_POINT('Ctrl Pts',(8.94130224843158,21.2,108.019637320422));
#5849=CARTESIAN_POINT('',(8.81033355851306,21.2,107.293853018664));
#5850=CARTESIAN_POINT('',(8.81033355851306,21.2,107.293853018664));
#5851=CARTESIAN_POINT('',(8.81033355851306,21.2,106.415271017931));
#5852=CARTESIAN_POINT('',(8.81033355851306,21.2,106.415271017931));
#5853=CARTESIAN_POINT('',(14.6056949581636,21.2,106.415271017931));
#5854=CARTESIAN_POINT('',(14.6056949581636,21.2,106.415271017931));
#5855=CARTESIAN_POINT('',(14.6056949581636,21.2,107.397536490343));
#5856=CARTESIAN_POINT('Origin',(13.1022843207849,20.2,107.397536490343));
#5857=CARTESIAN_POINT('',(14.6056949581636,20.2,107.397536490343));
#5858=CARTESIAN_POINT('',(14.6056949581636,20.2,107.397536490343));
#5859=CARTESIAN_POINT('',(11.5988736834063,20.2,107.397536490343));
#5860=CARTESIAN_POINT('',(6.45114216039247,20.2,107.397536490343));
#5861=CARTESIAN_POINT('',(11.5988736834063,20.2,107.397536490343));
#5862=CARTESIAN_POINT('Ctrl Pts',(10.387414046718,21.2,107.555789206408));
#5863=CARTESIAN_POINT('Ctrl Pts',(10.387414046718,20.2,107.555789206408));
#5864=CARTESIAN_POINT('Ctrl Pts',(10.5574911921141,21.2,107.509860310644));
#5865=CARTESIAN_POINT('Ctrl Pts',(10.5574911921141,20.2,107.509860310644));
#5866=CARTESIAN_POINT('Ctrl Pts',(10.9535625539568,21.2,107.40290225787));
#5867=CARTESIAN_POINT('Ctrl Pts',(10.9535625539568,20.2,107.40290225787));
#5868=CARTESIAN_POINT('Ctrl Pts',(11.3644344407379,21.2,107.399485854639));
#5869=CARTESIAN_POINT('Ctrl Pts',(11.3644344407379,20.2,107.399485854639));
#5870=CARTESIAN_POINT('Ctrl Pts',(11.5988736834063,21.2,107.397536490343));
#5871=CARTESIAN_POINT('Ctrl Pts',(11.5988736834063,20.2,107.397536490343));
#5872=CARTESIAN_POINT('',(10.387414046718,20.2,107.555789206408));
#5873=CARTESIAN_POINT('Ctrl Pts',(10.387414046718,20.2,107.555789206408));
#5874=CARTESIAN_POINT('Ctrl Pts',(10.5574911921141,20.2,107.509860310644));
#5875=CARTESIAN_POINT('Ctrl Pts',(10.9535625539568,20.2,107.40290225787));
#5876=CARTESIAN_POINT('Ctrl Pts',(11.3644344407379,20.2,107.399485854639));
#5877=CARTESIAN_POINT('Ctrl Pts',(11.5988736834063,20.2,107.397536490343));
#5878=CARTESIAN_POINT('',(10.387414046718,20.2,107.555789206408));
#5879=CARTESIAN_POINT('Ctrl Pts',(9.74894160885944,21.2,108.063296530627));
#5880=CARTESIAN_POINT('Ctrl Pts',(9.74894160885944,20.2,108.063296530627));
#5881=CARTESIAN_POINT('Ctrl Pts',(9.83168605299155,21.2,107.954256976986));
#5882=CARTESIAN_POINT('Ctrl Pts',(9.83168605299155,20.2,107.954256976986));
#5883=CARTESIAN_POINT('Ctrl Pts',(10.001135079152,21.2,107.730959251426));
#5884=CARTESIAN_POINT('Ctrl Pts',(10.001135079152,20.2,107.730959251426));
#5885=CARTESIAN_POINT('Ctrl Pts',(10.256663765018,21.2,107.615081931756));
#5886=CARTESIAN_POINT('Ctrl Pts',(10.256663765018,20.2,107.615081931756));
#5887=CARTESIAN_POINT('Ctrl Pts',(10.387414046718,21.2,107.555789206408));
#5888=CARTESIAN_POINT('Ctrl Pts',(10.387414046718,20.2,107.555789206408));
#5889=CARTESIAN_POINT('',(9.74894160885944,20.2,108.063296530627));
#5890=CARTESIAN_POINT('Ctrl Pts',(9.74894160885944,20.2,108.063296530627));
#5891=CARTESIAN_POINT('Ctrl Pts',(9.83168605299155,20.2,107.954256976986));
#5892=CARTESIAN_POINT('Ctrl Pts',(10.001135079152,20.2,107.730959251426));
#5893=CARTESIAN_POINT('Ctrl Pts',(10.256663765018,20.2,107.615081931756));
#5894=CARTESIAN_POINT('Ctrl Pts',(10.387414046718,20.2,107.555789206408));
#5895=CARTESIAN_POINT('',(9.74894160885944,20.2,108.063296530627));
#5896=CARTESIAN_POINT('Ctrl Pts',(9.53066105504169,21.2,108.832730505846));
#5897=CARTESIAN_POINT('Ctrl Pts',(9.53066105504169,20.2,108.832730505846));
#5898=CARTESIAN_POINT('Ctrl Pts',(9.5397969005737,21.2,108.696922426255));
#5899=CARTESIAN_POINT('Ctrl Pts',(9.5397969005737,20.2,108.696922426255));
#5900=CARTESIAN_POINT('Ctrl Pts',(9.55808907697263,21.2,108.425001744192));
#5901=CARTESIAN_POINT('Ctrl Pts',(9.55808907697263,20.2,108.425001744192));
#5902=CARTESIAN_POINT('Ctrl Pts',(9.68527661929118,21.2,108.183954917606));
#5903=CARTESIAN_POINT('Ctrl Pts',(9.68527661929118,20.2,108.183954917606));
#5904=CARTESIAN_POINT('Ctrl Pts',(9.74894160885944,21.2,108.063296530627));
#5905=CARTESIAN_POINT('Ctrl Pts',(9.74894160885944,20.2,108.063296530627));
#5906=CARTESIAN_POINT('',(9.53066105504169,20.2,108.832730505846));
#5907=CARTESIAN_POINT('Ctrl Pts',(9.53066105504169,20.2,108.832730505846));
#5908=CARTESIAN_POINT('Ctrl Pts',(9.5397969005737,20.2,108.696922426255));
#5909=CARTESIAN_POINT('Ctrl Pts',(9.55808907697263,20.2,108.425001744192));
#5910=CARTESIAN_POINT('Ctrl Pts',(9.68527661929118,20.2,108.183954917606));
#5911=CARTESIAN_POINT('Ctrl Pts',(9.74894160885944,20.2,108.063296530627));
#5912=CARTESIAN_POINT('',(9.53066105504169,20.2,108.832730505846));
#5913=CARTESIAN_POINT('Ctrl Pts',(9.85808248181476,21.2,109.618548605822));
#5914=CARTESIAN_POINT('Ctrl Pts',(9.85808248181476,20.2,109.618548605822));
#5915=CARTESIAN_POINT('Ctrl Pts',(9.76277195903956,21.2,109.51899201125));
#5916=CARTESIAN_POINT('Ctrl Pts',(9.76277195903956,20.2,109.51899201125));
#5917=CARTESIAN_POINT('Ctrl Pts',(9.55412092318683,21.2,109.301045598005));
#5918=CARTESIAN_POINT('Ctrl Pts',(9.55412092318683,20.2,109.301045598005));
#5919=CARTESIAN_POINT('Ctrl Pts',(9.53891889131452,21.2,108.997576673404));
#5920=CARTESIAN_POINT('Ctrl Pts',(9.53891889131452,20.2,108.997576673404));
#5921=CARTESIAN_POINT('Ctrl Pts',(9.53066105504169,21.2,108.832730505846));
#5922=CARTESIAN_POINT('Ctrl Pts',(9.53066105504169,20.2,108.832730505846));
#5923=CARTESIAN_POINT('',(9.85808248181476,20.2,109.618548605822));
#5924=CARTESIAN_POINT('Ctrl Pts',(9.85808248181476,20.2,109.618548605822));
#5925=CARTESIAN_POINT('Ctrl Pts',(9.76277195903956,20.2,109.51899201125));
#5926=CARTESIAN_POINT('Ctrl Pts',(9.55412092318683,20.2,109.301045598005));
#5927=CARTESIAN_POINT('Ctrl Pts',(9.53891889131452,20.2,108.997576673404));
#5928=CARTESIAN_POINT('Ctrl Pts',(9.53066105504169,20.2,108.832730505846));
#5929=CARTESIAN_POINT('',(9.85808248181476,20.2,109.618548605822));
#5930=CARTESIAN_POINT('Ctrl Pts',(10.840346762134,21.2,109.858655188464));
#5931=CARTESIAN_POINT('Ctrl Pts',(10.840346762134,20.2,109.858655188464));
#5932=CARTESIAN_POINT('Ctrl Pts',(10.6450670117605,21.2,109.854787380449));
#5933=CARTESIAN_POINT('Ctrl Pts',(10.6450670117605,20.2,109.854787380449));
#5934=CARTESIAN_POINT('Ctrl Pts',(10.2982256220142,21.2,109.847917667104));
#5935=CARTESIAN_POINT('Ctrl Pts',(10.2982256220142,20.2,109.847917667104));
#5936=CARTESIAN_POINT('Ctrl Pts',(9.99192760712472,21.2,109.688298484772));
#5937=CARTESIAN_POINT('Ctrl Pts',(9.99192760712472,20.2,109.688298484772));
#5938=CARTESIAN_POINT('Ctrl Pts',(9.85808248181476,21.2,109.618548605822));
#5939=CARTESIAN_POINT('Ctrl Pts',(9.85808248181476,20.2,109.618548605822));
#5940=CARTESIAN_POINT('',(10.840346762134,20.2,109.858655188464));
#5941=CARTESIAN_POINT('Ctrl Pts',(10.840346762134,20.2,109.858655188464));
#5942=CARTESIAN_POINT('Ctrl Pts',(10.6450670117605,20.2,109.854787380449));
#5943=CARTESIAN_POINT('Ctrl Pts',(10.2982256220142,20.2,109.847917667104));
#5944=CARTESIAN_POINT('Ctrl Pts',(9.99192760712472,20.2,109.688298484772));
#5945=CARTESIAN_POINT('Ctrl Pts',(9.85808248181476,20.2,109.618548605822));
#5946=CARTESIAN_POINT('',(10.840346762134,20.2,109.858655188464));
#5947=CARTESIAN_POINT('Origin',(12.7230208601488,20.2,109.858655188464));
#5948=CARTESIAN_POINT('',(14.6056949581636,20.2,109.858655188464));
#5949=CARTESIAN_POINT('',(6.2615104300744,20.2,109.858655188464));
#5950=CARTESIAN_POINT('',(14.6056949581636,20.2,109.858655188464));
#5951=CARTESIAN_POINT('Origin',(14.6056949581636,20.2,110.34978792467));
#5952=CARTESIAN_POINT('',(14.6056949581636,20.2,110.840920660876));
#5953=CARTESIAN_POINT('',(14.6056949581636,20.2,55.1748939623348));
#5954=CARTESIAN_POINT('',(14.6056949581636,20.2,110.840920660876));
#5955=CARTESIAN_POINT('Origin',(12.9222022976412,20.2,110.840920660876));
#5956=CARTESIAN_POINT('',(11.2387096371187,20.2,110.840920660876));
#5957=CARTESIAN_POINT('',(6.36110114882059,20.2,110.840920660876));
#5958=CARTESIAN_POINT('',(11.2387096371187,20.2,110.840920660876));
#5959=CARTESIAN_POINT('Ctrl Pts',(9.9399375404848,21.2,111.244734976672));
#5960=CARTESIAN_POINT('Ctrl Pts',(9.9399375404848,20.2,111.244734976672));
#5961=CARTESIAN_POINT('Ctrl Pts',(10.1099392421011,21.2,111.127414044982));
#5962=CARTESIAN_POINT('Ctrl Pts',(10.1099392421011,20.2,111.127414044982));
#5963=CARTESIAN_POINT('Ctrl Pts',(10.4978686864675,21.2,110.859697643263));
#5964=CARTESIAN_POINT('Ctrl Pts',(10.4978686864675,20.2,110.859697643263));
#5965=CARTESIAN_POINT('Ctrl Pts',(10.9722280313121,21.2,110.847674769722));
#5966=CARTESIAN_POINT('Ctrl Pts',(10.9722280313121,20.2,110.847674769722));
#5967=CARTESIAN_POINT('Ctrl Pts',(11.2387096371187,21.2,110.840920660876));
#5968=CARTESIAN_POINT('Ctrl Pts',(11.2387096371187,20.2,110.840920660876));
#5969=CARTESIAN_POINT('',(9.9399375404848,20.2,111.244734976672));
#5970=CARTESIAN_POINT('Ctrl Pts',(9.9399375404848,20.2,111.244734976672));
#5971=CARTESIAN_POINT('Ctrl Pts',(10.1099392421011,20.2,111.127414044982));
#5972=CARTESIAN_POINT('Ctrl Pts',(10.4978686864675,20.2,110.859697643263));
#5973=CARTESIAN_POINT('Ctrl Pts',(10.9722280313121,20.2,110.847674769722));
#5974=CARTESIAN_POINT('Ctrl Pts',(11.2387096371187,20.2,110.840920660876));
#5975=CARTESIAN_POINT('',(9.9399375404848,20.2,111.244734976672));
#5976=CARTESIAN_POINT('Ctrl Pts',(9.53066105504169,21.2,112.259749625109));
#5977=CARTESIAN_POINT('Ctrl Pts',(9.53066105504169,20.2,112.259749625109));
#5978=CARTESIAN_POINT('Ctrl Pts',(9.54651097100864,21.2,112.065862201194));
#5979=CARTESIAN_POINT('Ctrl Pts',(9.54651097100864,20.2,112.065862201194));
#5980=CARTESIAN_POINT('Ctrl Pts',(9.57767512153941,21.2,111.684640188565));
#5981=CARTESIAN_POINT('Ctrl Pts',(9.57767512153941,20.2,111.684640188565));
#5982=CARTESIAN_POINT('Ctrl Pts',(9.82057513909986,21.2,111.389680021278));
#5983=CARTESIAN_POINT('Ctrl Pts',(9.82057513909986,20.2,111.389680021278));
#5984=CARTESIAN_POINT('Ctrl Pts',(9.9399375404848,21.2,111.244734976672));
#5985=CARTESIAN_POINT('Ctrl Pts',(9.9399375404848,20.2,111.244734976672));
#5986=CARTESIAN_POINT('',(9.53066105504169,20.2,112.259749625109));
#5987=CARTESIAN_POINT('Ctrl Pts',(9.53066105504169,20.2,112.259749625109));
#5988=CARTESIAN_POINT('Ctrl Pts',(9.54651097100864,20.2,112.065862201194));
#5989=CARTESIAN_POINT('Ctrl Pts',(9.57767512153941,20.2,111.684640188565));
#5990=CARTESIAN_POINT('Ctrl Pts',(9.82057513909986,20.2,111.389680021278));
#5991=CARTESIAN_POINT('Ctrl Pts',(9.9399375404848,20.2,111.244734976672));
#5992=CARTESIAN_POINT('',(9.53066105504169,20.2,112.259749625109));
#5993=CARTESIAN_POINT('Ctrl Pts',(9.68891496319904,21.2,112.849101279162));
#5994=CARTESIAN_POINT('Ctrl Pts',(9.68891496319904,20.2,112.849101279162));
#5995=CARTESIAN_POINT('Ctrl Pts',(9.642772818704,21.2,112.759954361327));
#5996=CARTESIAN_POINT('Ctrl Pts',(9.642772818704,20.2,112.759954361327));
#5997=CARTESIAN_POINT('Ctrl Pts',(9.54716611450897,21.2,112.575241598265));
#5998=CARTESIAN_POINT('Ctrl Pts',(9.54716611450897,20.2,112.575241598265));
#5999=CARTESIAN_POINT('Ctrl Pts',(9.53628874089381,21.2,112.367322076896));
#6000=CARTESIAN_POINT('Ctrl Pts',(9.53628874089381,20.2,112.367322076896));
#6001=CARTESIAN_POINT('Ctrl Pts',(9.53066105504169,21.2,112.259749625109));
#6002=CARTESIAN_POINT('Ctrl Pts',(9.53066105504169,20.2,112.259749625109));
#6003=CARTESIAN_POINT('',(9.68891496319904,20.2,112.849101279162));
#6004=CARTESIAN_POINT('Ctrl Pts',(9.68891496319904,20.2,112.849101279162));
#6005=CARTESIAN_POINT('Ctrl Pts',(9.642772818704,20.2,112.759954361327));
#6006=CARTESIAN_POINT('Ctrl Pts',(9.54716611450897,20.2,112.575241598265));
#6007=CARTESIAN_POINT('Ctrl Pts',(9.53628874089381,20.2,112.367322076896));
#6008=CARTESIAN_POINT('Ctrl Pts',(9.53066105504169,20.2,112.259749625109));
#6009=CARTESIAN_POINT('',(9.68891496319904,20.2,112.849101279162));
#6010=CARTESIAN_POINT('Ctrl Pts',(10.109105655147,21.2,113.192900870226));
#6011=CARTESIAN_POINT('Ctrl Pts',(10.109105655147,20.2,113.192900870226));
#6012=CARTESIAN_POINT('Ctrl Pts',(10.0256616596145,21.2,113.154659593973));
#6013=CARTESIAN_POINT('Ctrl Pts',(10.0256616596145,20.2,113.154659593973));
#6014=CARTESIAN_POINT('Ctrl Pts',(9.85573815029247,21.2,113.076785903716));
#6015=CARTESIAN_POINT('Ctrl Pts',(9.85573815029247,20.2,113.076785903716));
#6016=CARTESIAN_POINT('Ctrl Pts',(9.74518102408081,21.2,112.925894662445));
#6017=CARTESIAN_POINT('Ctrl Pts',(9.74518102408081,20.2,112.925894662445));
#6018=CARTESIAN_POINT('Ctrl Pts',(9.68891496319904,21.2,112.849101279162));
#6019=CARTESIAN_POINT('Ctrl Pts',(9.68891496319904,20.2,112.849101279162));
#6020=CARTESIAN_POINT('',(10.109105655147,20.2,113.192900870226));
#6021=CARTESIAN_POINT('Ctrl Pts',(10.109105655147,20.2,113.192900870226));
#6022=CARTESIAN_POINT('Ctrl Pts',(10.0256616596145,20.2,113.154659593973));
#6023=CARTESIAN_POINT('Ctrl Pts',(9.85573815029247,20.2,113.076785903716));
#6024=CARTESIAN_POINT('Ctrl Pts',(9.74518102408081,20.2,112.925894662445));
#6025=CARTESIAN_POINT('Ctrl Pts',(9.68891496319904,20.2,112.849101279162));
#6026=CARTESIAN_POINT('',(10.109105655147,20.2,113.192900870226));
#6027=CARTESIAN_POINT('Ctrl Pts',(10.9549450363649,21.2,113.291129324816));
#6028=CARTESIAN_POINT('Ctrl Pts',(10.9549450363649,20.2,113.291129324816));
#6029=CARTESIAN_POINT('Ctrl Pts',(10.7851529181069,21.2,113.291133077188));
#6030=CARTESIAN_POINT('Ctrl Pts',(10.7851529181069,20.2,113.291133077188));
#6031=CARTESIAN_POINT('Ctrl Pts',(10.4988908643442,21.2,113.291139403523));
#6032=CARTESIAN_POINT('Ctrl Pts',(10.4988908643442,20.2,113.291139403523));
#6033=CARTESIAN_POINT('Ctrl Pts',(10.2218313868636,21.2,113.221311416053));
#6034=CARTESIAN_POINT('Ctrl Pts',(10.2218313868636,20.2,113.221311416053));
#6035=CARTESIAN_POINT('Ctrl Pts',(10.109105655147,21.2,113.192900870226));
#6036=CARTESIAN_POINT('Ctrl Pts',(10.109105655147,20.2,113.192900870226));
#6037=CARTESIAN_POINT('',(10.9549450363649,20.2,113.291129324816));
#6038=CARTESIAN_POINT('Ctrl Pts',(10.9549450363649,20.2,113.291129324816));
#6039=CARTESIAN_POINT('Ctrl Pts',(10.7851529181069,20.2,113.291133077188));
#6040=CARTESIAN_POINT('Ctrl Pts',(10.4988908643442,20.2,113.291139403523));
#6041=CARTESIAN_POINT('Ctrl Pts',(10.2218313868636,20.2,113.221311416053));
#6042=CARTESIAN_POINT('Ctrl Pts',(10.109105655147,20.2,113.192900870226));
#6043=CARTESIAN_POINT('',(10.9549450363649,20.2,113.291129324816));
#6044=CARTESIAN_POINT('Origin',(12.7803199972643,20.2,113.291129324816));
#6045=CARTESIAN_POINT('',(14.6056949581636,20.2,113.291129324816));
#6046=CARTESIAN_POINT('',(6.29015999863214,20.2,113.291129324816));
#6047=CARTESIAN_POINT('',(14.6056949581636,20.2,113.291129324816));
#6048=CARTESIAN_POINT('Origin',(14.6056949581636,20.2,113.779529784106));
#6049=CARTESIAN_POINT('',(14.6056949581636,20.2,114.267930243395));
#6050=CARTESIAN_POINT('',(14.6056949581636,20.2,56.8897648920528));
#6051=CARTESIAN_POINT('',(14.6056949581636,20.2,114.267930243395));
#6052=CARTESIAN_POINT('Origin',(12.6166089858545,20.2,114.267930243395));
#6053=CARTESIAN_POINT('',(10.6275230135454,20.2,114.267930243395));
#6054=CARTESIAN_POINT('',(6.20830449292726,20.2,114.267930243395));
#6055=CARTESIAN_POINT('',(10.6275230135454,20.2,114.267930243395));
#6056=CARTESIAN_POINT('Ctrl Pts',(9.15958339829578,21.2,113.804082129381));
#6057=CARTESIAN_POINT('Ctrl Pts',(9.15958339829578,20.2,113.804082129381));
#6058=CARTESIAN_POINT('Ctrl Pts',(9.35460943518759,21.2,113.938945366304));
#6059=CARTESIAN_POINT('Ctrl Pts',(9.35460943518759,20.2,113.938945366304));
#6060=CARTESIAN_POINT('Ctrl Pts',(9.79331934609066,21.2,114.242319416239));
#6061=CARTESIAN_POINT('Ctrl Pts',(9.79331934609066,20.2,114.242319416239));
#6062=CARTESIAN_POINT('Ctrl Pts',(10.3296275961285,21.2,114.258784577482));
#6063=CARTESIAN_POINT('Ctrl Pts',(10.3296275961285,20.2,114.258784577482));
#6064=CARTESIAN_POINT('Ctrl Pts',(10.6275230135454,21.2,114.267930243395));
#6065=CARTESIAN_POINT('Ctrl Pts',(10.6275230135454,20.2,114.267930243395));
#6066=CARTESIAN_POINT('',(9.15958339829578,20.2,113.804082129381));
#6067=CARTESIAN_POINT('Ctrl Pts',(9.15958339829578,20.2,113.804082129381));
#6068=CARTESIAN_POINT('Ctrl Pts',(9.35460943518759,20.2,113.938945366304));
#6069=CARTESIAN_POINT('Ctrl Pts',(9.79331934609066,20.2,114.242319416239));
#6070=CARTESIAN_POINT('Ctrl Pts',(10.3296275961285,20.2,114.258784577482));
#6071=CARTESIAN_POINT('Ctrl Pts',(10.6275230135454,20.2,114.267930243395));
#6072=CARTESIAN_POINT('',(9.15958339829578,20.2,113.804082129381));
#6073=CARTESIAN_POINT('Ctrl Pts',(8.67936486859454,21.2,112.478026602648));
#6074=CARTESIAN_POINT('Ctrl Pts',(8.67936486859454,20.2,112.478026602648));
#6075=CARTESIAN_POINT('Ctrl Pts',(8.6929711394988,21.2,112.74224720347));
#6076=CARTESIAN_POINT('Ctrl Pts',(8.6929711394988,20.2,112.74224720347));
#6077=CARTESIAN_POINT('Ctrl Pts',(8.71836324941691,21.2,113.235337381221));
#6078=CARTESIAN_POINT('Ctrl Pts',(8.71836324941691,20.2,113.235337381221));
#6079=CARTESIAN_POINT('Ctrl Pts',(9.01971151741628,21.2,113.623783478317));
#6080=CARTESIAN_POINT('Ctrl Pts',(9.01971151741628,20.2,113.623783478317));
#6081=CARTESIAN_POINT('Ctrl Pts',(9.15958339829578,21.2,113.804082129381));
#6082=CARTESIAN_POINT('Ctrl Pts',(9.15958339829578,20.2,113.804082129381));
#6083=CARTESIAN_POINT('',(8.67936486859454,20.2,112.478026602648));
#6084=CARTESIAN_POINT('Ctrl Pts',(8.67936486859454,20.2,112.478026602648));
#6085=CARTESIAN_POINT('Ctrl Pts',(8.6929711394988,20.2,112.74224720347));
#6086=CARTESIAN_POINT('Ctrl Pts',(8.71836324941691,20.2,113.235337381221));
#6087=CARTESIAN_POINT('Ctrl Pts',(9.01971151741628,20.2,113.623783478317));
#6088=CARTESIAN_POINT('Ctrl Pts',(9.15958339829578,20.2,113.804082129381));
#6089=CARTESIAN_POINT('',(8.67936486859454,20.2,112.478026602648));
#6090=CARTESIAN_POINT('Ctrl Pts',(9.69437176842822,21.2,110.688122961901));
#6091=CARTESIAN_POINT('Ctrl Pts',(9.69437176842822,20.2,110.688122961901));
#6092=CARTESIAN_POINT('Ctrl Pts',(9.39841640499766,21.2,110.928414779188));
#6093=CARTESIAN_POINT('Ctrl Pts',(9.39841640499766,20.2,110.928414779188));
#6094=CARTESIAN_POINT('Ctrl Pts',(8.82473803994037,21.2,111.39419521067));
#6095=CARTESIAN_POINT('Ctrl Pts',(8.82473803994037,20.2,111.39419521067));
#6096=CARTESIAN_POINT('Ctrl Pts',(8.72678489290036,21.2,112.124486052661));
#6097=CARTESIAN_POINT('Ctrl Pts',(8.72678489290036,20.2,112.124486052661));
#6098=CARTESIAN_POINT('Ctrl Pts',(8.67936486859454,21.2,112.478026602648));
#6099=CARTESIAN_POINT('Ctrl Pts',(8.67936486859454,20.2,112.478026602648));
#6100=CARTESIAN_POINT('',(9.69437176842822,20.2,110.688122961901));
#6101=CARTESIAN_POINT('Ctrl Pts',(9.69437176842822,20.2,110.688122961901));
#6102=CARTESIAN_POINT('Ctrl Pts',(9.39841640499766,20.2,110.928414779188));
#6103=CARTESIAN_POINT('Ctrl Pts',(8.82473803994037,20.2,111.39419521067));
#6104=CARTESIAN_POINT('Ctrl Pts',(8.72678489290036,20.2,112.124486052661));
#6105=CARTESIAN_POINT('Ctrl Pts',(8.67936486859454,20.2,112.478026602648));
#6106=CARTESIAN_POINT('',(9.69437176842822,20.2,110.688122961901));
#6107=CARTESIAN_POINT('Ctrl Pts',(8.94675905366077,21.2,110.104216788195));
#6108=CARTESIAN_POINT('Ctrl Pts',(8.94675905366077,20.2,110.104216788195));
#6109=CARTESIAN_POINT('Ctrl Pts',(9.04542716100819,21.2,110.2324646494));
#6110=CARTESIAN_POINT('Ctrl Pts',(9.04542716100819,20.2,110.2324646494));
#6111=CARTESIAN_POINT('Ctrl Pts',(9.24445231859376,21.2,110.491155643608));
#6112=CARTESIAN_POINT('Ctrl Pts',(9.24445231859376,20.2,110.491155643608));
#6113=CARTESIAN_POINT('Ctrl Pts',(9.54355255589592,21.2,110.622096796883));
#6114=CARTESIAN_POINT('Ctrl Pts',(9.54355255589592,20.2,110.622096796883));
#6115=CARTESIAN_POINT('Ctrl Pts',(9.69437176842822,21.2,110.688122961901));
#6116=CARTESIAN_POINT('Ctrl Pts',(9.69437176842822,20.2,110.688122961901));
#6117=CARTESIAN_POINT('',(8.94675905366077,20.2,110.104216788195));
#6118=CARTESIAN_POINT('Ctrl Pts',(8.94675905366077,20.2,110.104216788195));
#6119=CARTESIAN_POINT('Ctrl Pts',(9.04542716100819,20.2,110.2324646494));
#6120=CARTESIAN_POINT('Ctrl Pts',(9.24445231859376,20.2,110.491155643608));
#6121=CARTESIAN_POINT('Ctrl Pts',(9.54355255589592,20.2,110.622096796883));
#6122=CARTESIAN_POINT('Ctrl Pts',(9.69437176842822,20.2,110.688122961901));
#6123=CARTESIAN_POINT('',(8.94675905366077,20.2,110.104216788195));
#6124=CARTESIAN_POINT('Ctrl Pts',(8.67936486859454,21.2,109.051017020129));
#6125=CARTESIAN_POINT('Ctrl Pts',(8.67936486859454,20.2,109.051017020129));
#6126=CARTESIAN_POINT('Ctrl Pts',(8.68687891790016,21.2,109.25002170898));
#6127=CARTESIAN_POINT('Ctrl Pts',(8.68687891790016,20.2,109.25002170898));
#6128=CARTESIAN_POINT('Ctrl Pts',(8.70088702197149,21.2,109.621017197397));
#6129=CARTESIAN_POINT('Ctrl Pts',(8.70088702197149,20.2,109.621017197397));
#6130=CARTESIAN_POINT('Ctrl Pts',(8.86887913614382,21.2,109.951163413165));
#6131=CARTESIAN_POINT('Ctrl Pts',(8.86887913614382,20.2,109.951163413165));
#6132=CARTESIAN_POINT('Ctrl Pts',(8.94675905366077,21.2,110.104216788195));
#6133=CARTESIAN_POINT('Ctrl Pts',(8.94675905366077,20.2,110.104216788195));
#6134=CARTESIAN_POINT('',(8.67936486859454,20.2,109.051017020129));
#6135=CARTESIAN_POINT('Ctrl Pts',(8.67936486859454,20.2,109.051017020129));
#6136=CARTESIAN_POINT('Ctrl Pts',(8.68687891790016,20.2,109.25002170898));
#6137=CARTESIAN_POINT('Ctrl Pts',(8.70088702197149,20.2,109.621017197397));
#6138=CARTESIAN_POINT('Ctrl Pts',(8.86887913614382,20.2,109.951163413165));
#6139=CARTESIAN_POINT('Ctrl Pts',(8.94675905366077,20.2,110.104216788195));
#6140=CARTESIAN_POINT('',(8.67936486859454,20.2,109.051017020129));
#6141=CARTESIAN_POINT('Ctrl Pts',(8.94130224843158,21.2,108.019637320422));
#6142=CARTESIAN_POINT('Ctrl Pts',(8.94130224843158,20.2,108.019637320422));
#6143=CARTESIAN_POINT('Ctrl Pts',(8.86491850747095,21.2,108.178266205686));
#6144=CARTESIAN_POINT('Ctrl Pts',(8.86491850747095,20.2,108.178266205686));
#6145=CARTESIAN_POINT('Ctrl Pts',(8.70801065060621,21.2,108.504122443031));
#6146=CARTESIAN_POINT('Ctrl Pts',(8.70801065060621,20.2,108.504122443031));
#6147=CARTESIAN_POINT('Ctrl Pts',(8.68907997243659,21.2,108.865539884089));
#6148=CARTESIAN_POINT('Ctrl Pts',(8.68907997243659,20.2,108.865539884089));
#6149=CARTESIAN_POINT('Ctrl Pts',(8.67936486859454,21.2,109.051017020129));
#6150=CARTESIAN_POINT('Ctrl Pts',(8.67936486859454,20.2,109.051017020129));
#6151=CARTESIAN_POINT('',(8.94130224843158,20.2,108.019637320422));
#6152=CARTESIAN_POINT('Ctrl Pts',(8.94130224843158,20.2,108.019637320422));
#6153=CARTESIAN_POINT('Ctrl Pts',(8.86491850747095,20.2,108.178266205686));
#6154=CARTESIAN_POINT('Ctrl Pts',(8.70801065060621,20.2,108.504122443031));
#6155=CARTESIAN_POINT('Ctrl Pts',(8.68907997243659,20.2,108.865539884089));
#6156=CARTESIAN_POINT('Ctrl Pts',(8.67936486859454,20.2,109.051017020129));
#6157=CARTESIAN_POINT('',(8.94130224843158,20.2,108.019637320422));
#6158=CARTESIAN_POINT('Ctrl Pts',(9.62343032021655,21.2,107.293853018664));
#6159=CARTESIAN_POINT('Ctrl Pts',(9.62343032021655,20.2,107.293853018664));
#6160=CARTESIAN_POINT('Ctrl Pts',(9.48827699941481,21.2,107.392871611198));
#6161=CARTESIAN_POINT('Ctrl Pts',(9.48827699941481,20.2,107.392871611198));
#6162=CARTESIAN_POINT('Ctrl Pts',(9.2158999308802,21.2,107.592425671763));
#6163=CARTESIAN_POINT('Ctrl Pts',(9.2158999308802,20.2,107.592425671763));
#6164=CARTESIAN_POINT('Ctrl Pts',(9.033297482835,21.2,107.87651362248));
#6165=CARTESIAN_POINT('Ctrl Pts',(9.033297482835,20.2,107.87651362248));
#6166=CARTESIAN_POINT('Ctrl Pts',(8.94130224843158,21.2,108.019637320422));
#6167=CARTESIAN_POINT('Ctrl Pts',(8.94130224843158,20.2,108.019637320422));
#6168=CARTESIAN_POINT('',(9.62343032021655,20.2,107.293853018664));
#6169=CARTESIAN_POINT('Ctrl Pts',(9.62343032021655,20.2,107.293853018664));
#6170=CARTESIAN_POINT('Ctrl Pts',(9.48827699941481,20.2,107.392871611198));
#6171=CARTESIAN_POINT('Ctrl Pts',(9.2158999308802,20.2,107.592425671763));
#6172=CARTESIAN_POINT('Ctrl Pts',(9.033297482835,20.2,107.87651362248));
#6173=CARTESIAN_POINT('Ctrl Pts',(8.94130224843158,20.2,108.019637320422));
#6174=CARTESIAN_POINT('',(9.62343032021655,20.2,107.293853018664));
#6175=CARTESIAN_POINT('Origin',(9.21688193936481,20.2,107.293853018664));
#6176=CARTESIAN_POINT('',(8.81033355851306,20.2,107.293853018664));
#6177=CARTESIAN_POINT('',(4.5084409696824,20.2,107.293853018664));
#6178=CARTESIAN_POINT('',(8.81033355851306,20.2,107.293853018664));
#6179=CARTESIAN_POINT('Origin',(8.81033355851306,20.2,106.854562018297));
#6180=CARTESIAN_POINT('',(8.81033355851306,20.2,106.415271017931));
#6181=CARTESIAN_POINT('',(8.81033355851306,20.2,53.4272810091487));
#6182=CARTESIAN_POINT('',(8.81033355851306,20.2,106.415271017931));
#6183=CARTESIAN_POINT('Origin',(11.7080142583383,20.2,106.415271017931));
#6184=CARTESIAN_POINT('',(14.6056949581636,20.2,106.415271017931));
#6185=CARTESIAN_POINT('',(5.75400712916917,20.2,106.415271017931));
#6186=CARTESIAN_POINT('',(14.6056949581636,20.2,106.415271017931));
#6187=CARTESIAN_POINT('Origin',(14.6056949581636,20.2,106.906403754137));
#6188=CARTESIAN_POINT('',(14.6056949581636,20.2,53.4532018770687));
#6189=CARTESIAN_POINT('Origin',(-0.2,21.2,0.));
#6190=CARTESIAN_POINT('',(14.7421204533113,21.2,90.0823967198356));
#6191=CARTESIAN_POINT('',(14.1309332336916,21.2,88.2979480961783));
#6192=CARTESIAN_POINT('Ctrl Pts',(14.7421204533113,21.2,90.0823967198356));
#6193=CARTESIAN_POINT('Ctrl Pts',(14.7216553824068,21.2,89.7410606123559));
#6194=CARTESIAN_POINT('Ctrl Pts',(14.6825176217665,21.2,89.0882834519554));
#6195=CARTESIAN_POINT('Ctrl Pts',(14.3090941730136,21.2,88.553225243989));
#6196=CARTESIAN_POINT('Ctrl Pts',(14.1309332336916,21.2,88.2979480961783));
#6197=CARTESIAN_POINT('',(13.7707697834505,21.2,92.1833507756217));
#6198=CARTESIAN_POINT('Ctrl Pts',(13.7707697834505,21.2,92.1833507756217));
#6199=CARTESIAN_POINT('Ctrl Pts',(14.054045676571,21.2,91.8989730678118));
#6200=CARTESIAN_POINT('Ctrl Pts',(14.6327064226454,21.2,91.3180615939991));
#6201=CARTESIAN_POINT('Ctrl Pts',(14.7051438385955,21.2,90.499991279617));
#6202=CARTESIAN_POINT('Ctrl Pts',(14.7421204533113,21.2,90.0823967198356));
#6203=CARTESIAN_POINT('',(11.8935530867113,21.2,92.8163616398795));
#6204=CARTESIAN_POINT('Ctrl Pts',(11.8935530867113,21.2,92.8163616398795));
#6205=CARTESIAN_POINT('Ctrl Pts',(12.2406676009595,21.2,92.7920318531773));
#6206=CARTESIAN_POINT('Ctrl Pts',(12.9220546456188,21.2,92.7442723940428));
#6207=CARTESIAN_POINT('Ctrl Pts',(13.4914417844982,21.2,92.3679605536951));
#6208=CARTESIAN_POINT('Ctrl Pts',(13.7707697834505,21.2,92.1833507756217));
#6209=CARTESIAN_POINT('',(10.0272500004305,21.2,92.0960323552115));
#6210=CARTESIAN_POINT('Ctrl Pts',(10.0272500004305,21.2,92.0960323552115));
#6211=CARTESIAN_POINT('Ctrl Pts',(10.2919591386074,21.2,92.3060739021845));
#6212=CARTESIAN_POINT('Ctrl Pts',(10.8380819234777,21.2,92.7394116983835));
#6213=CARTESIAN_POINT('Ctrl Pts',(11.5346275123242,21.2,92.7901938932725));
#6214=CARTESIAN_POINT('Ctrl Pts',(11.8935530867113,21.2,92.8163616398795));
#6215=CARTESIAN_POINT('',(9.30146569867267,21.2,90.327958319567));
#6216=CARTESIAN_POINT('Ctrl Pts',(9.30146569867267,21.2,90.327958319567));
#6217=CARTESIAN_POINT('Ctrl Pts',(9.33086975535104,21.2,90.6627342607794));
#6218=CARTESIAN_POINT('Ctrl Pts',(9.38927787736464,21.2,91.3277320954466));
#6219=CARTESIAN_POINT('Ctrl Pts',(9.8155657296135,21.2,91.8411041626202));
#6220=CARTESIAN_POINT('Ctrl Pts',(10.0272500004305,21.2,92.0960323552115));
#6221=CARTESIAN_POINT('',(9.8035120453371,21.2,88.8163654545768));
#6222=CARTESIAN_POINT('Ctrl Pts',(9.8035120453371,21.2,88.8163654545768));
#6223=CARTESIAN_POINT('Ctrl Pts',(9.65711540201375,21.2,89.055549291627));
#6224=CARTESIAN_POINT('Ctrl Pts',(9.37225657855192,21.2,89.5209535855131));
#6225=CARTESIAN_POINT('Ctrl Pts',(9.32462037202608,21.2,90.0639987382827));
#6226=CARTESIAN_POINT('Ctrl Pts',(9.30146569867267,21.2,90.327958319567));
#6227=CARTESIAN_POINT('',(7.65344376225604,21.2,89.2474691609366));
#6228=CARTESIAN_POINT('',(7.65344376225604,21.2,89.2474691609366));
#6229=CARTESIAN_POINT('',(7.65344376225604,21.2,92.439831946276));
#6230=CARTESIAN_POINT('',(7.65344376225604,21.2,92.439831946276));
#6231=CARTESIAN_POINT('',(6.71483571190967,21.2,92.439831946276));
#6232=CARTESIAN_POINT('',(6.71483571190967,21.2,92.439831946276));
#6233=CARTESIAN_POINT('',(6.71483571190967,21.2,88.4616558293326));
#6234=CARTESIAN_POINT('',(6.71483571190967,21.2,88.4616558293326));
#6235=CARTESIAN_POINT('',(10.8239757504,21.2,87.6867573002799));
#6236=CARTESIAN_POINT('',(10.8239757504,21.2,87.6867573002799));
#6237=CARTESIAN_POINT('',(10.9440302338137,21.2,88.6089985112174));
#6238=CARTESIAN_POINT('',(10.9440302338137,21.2,88.6089985112174));
#6239=CARTESIAN_POINT('',(10.387414046718,21.2,89.209269736193));
#6240=CARTESIAN_POINT('Ctrl Pts',(10.387414046718,21.2,89.209269736193));
#6241=CARTESIAN_POINT('Ctrl Pts',(10.4627081445237,21.2,89.0894693621841));
#6242=CARTESIAN_POINT('Ctrl Pts',(10.6105422860306,21.2,88.8542505872741));
#6243=CARTESIAN_POINT('Ctrl Pts',(10.8342568033043,21.2,88.6897275507742));
#6244=CARTESIAN_POINT('Ctrl Pts',(10.9440302338137,21.2,88.6089985112174));
#6245=CARTESIAN_POINT('',(10.1691328968538,21.2,90.0660221318229));
#6246=CARTESIAN_POINT('Ctrl Pts',(10.1691328968538,21.2,90.0660221318229));
#6247=CARTESIAN_POINT('Ctrl Pts',(10.1774780366841,21.2,89.912964418305));
#6248=CARTESIAN_POINT('Ctrl Pts',(10.1938410118652,21.2,89.6128520632677));
#6249=CARTESIAN_POINT('Ctrl Pts',(10.3237559201852,21.2,89.3419911912389));
#6250=CARTESIAN_POINT('Ctrl Pts',(10.387414046718,21.2,89.209269736193));
#6251=CARTESIAN_POINT('',(10.6548082317842,21.2,91.2993042210563));
#6252=CARTESIAN_POINT('Ctrl Pts',(10.6548082317842,21.2,91.2993042210563));
#6253=CARTESIAN_POINT('Ctrl Pts',(10.5132001368562,21.2,91.1264352296604));
#6254=CARTESIAN_POINT('Ctrl Pts',(10.2197902814979,21.2,90.7682532642356));
#6255=CARTESIAN_POINT('Ctrl Pts',(10.1864053127007,21.2,90.3054586567221));
#6256=CARTESIAN_POINT('Ctrl Pts',(10.1691328968538,21.2,90.0660221318229));
#6257=CARTESIAN_POINT('',(11.980865546657,21.2,91.7740719059928));
#6258=CARTESIAN_POINT('Ctrl Pts',(11.980865546657,21.2,91.7740719059928));
#6259=CARTESIAN_POINT('Ctrl Pts',(11.7210367526571,21.2,91.7594275543328));
#6260=CARTESIAN_POINT('Ctrl Pts',(11.2304839887131,21.2,91.7317792437957));
#6261=CARTESIAN_POINT('Ctrl Pts',(10.8389569638849,21.2,91.4376455115207));
#6262=CARTESIAN_POINT('Ctrl Pts',(10.6548082317842,21.2,91.2993042210563));
#6263=CARTESIAN_POINT('',(13.3996921267046,21.2,91.2829391697867));
#6264=CARTESIAN_POINT('Ctrl Pts',(13.3996921267046,21.2,91.2829391697867));
#6265=CARTESIAN_POINT('Ctrl Pts',(13.1996092587908,21.2,91.4260702604443));
#6266=CARTESIAN_POINT('Ctrl Pts',(12.7764291719987,21.2,91.7287959660415));
#6267=CARTESIAN_POINT('Ctrl Pts',(12.2554969327465,21.2,91.7584424908847));
#6268=CARTESIAN_POINT('Ctrl Pts',(11.980865546657,21.2,91.7740719059928));
#6269=CARTESIAN_POINT('',(13.9344810928835,21.2,90.0823967198356));
#6270=CARTESIAN_POINT('Ctrl Pts',(13.9344810928835,21.2,90.0823967198356));
#6271=CARTESIAN_POINT('Ctrl Pts',(13.9116147759907,21.2,90.3103052012659));
#6272=CARTESIAN_POINT('Ctrl Pts',(13.8655776737305,21.2,90.7691568000948));
#6273=CARTESIAN_POINT('Ctrl Pts',(13.5556705041117,21.2,91.1109249468161));
#6274=CARTESIAN_POINT('Ctrl Pts',(13.3996921267046,21.2,91.2829391697867));
#6275=CARTESIAN_POINT('',(13.5579460348619,21.2,89.0728466252311));
#6276=CARTESIAN_POINT('Ctrl Pts',(13.5579460348619,21.2,89.0728466252311));
#6277=CARTESIAN_POINT('Ctrl Pts',(13.6677643269353,21.2,89.2211153825699));
#6278=CARTESIAN_POINT('Ctrl Pts',(13.8900813853307,21.2,89.5212718807379));
#6279=CARTESIAN_POINT('Ctrl Pts',(13.9195627050535,21.2,89.8938576858624));
#6280=CARTESIAN_POINT('Ctrl Pts',(13.9344810928835,21.2,90.0823967198356));
#6281=CARTESIAN_POINT('',(12.4228846516146,21.2,88.5435096959098));
#6282=CARTESIAN_POINT('Ctrl Pts',(12.4228846516146,21.2,88.5435096959098));
#6283=CARTESIAN_POINT('Ctrl Pts',(12.652138773844,21.2,88.5877898950427));
#6284=CARTESIAN_POINT('Ctrl Pts',(13.0762025975521,21.2,88.6696973886845));
#6285=CARTESIAN_POINT('Ctrl Pts',(13.406302296049,21.2,88.9459428569703));
#6286=CARTESIAN_POINT('Ctrl Pts',(13.5579460348619,21.2,89.0728466252311));
#6287=CARTESIAN_POINT('',(12.5101971115602,21.2,87.5121347645743));
#6288=CARTESIAN_POINT('',(12.5101971115602,21.2,87.5121347645743));
#6289=CARTESIAN_POINT('Ctrl Pts',(14.1309332336916,21.2,88.2979480961783));
#6290=CARTESIAN_POINT('Ctrl Pts',(13.9062645727233,21.2,88.0929217053761));
#6291=CARTESIAN_POINT('Ctrl Pts',(13.4444154888906,21.2,87.6714510367682));
#6292=CARTESIAN_POINT('Ctrl Pts',(12.8271770210778,21.2,87.5661907099187));
#6293=CARTESIAN_POINT('Ctrl Pts',(12.5101971115602,21.2,87.5121347645743));
#6294=CARTESIAN_POINT('Ctrl Pts',(14.7421204533113,21.2,90.0823967198356));
#6295=CARTESIAN_POINT('Ctrl Pts',(14.7421204533113,20.2,90.0823967198356));
#6296=CARTESIAN_POINT('Ctrl Pts',(14.7216553824068,21.2,89.7410606123559));
#6297=CARTESIAN_POINT('Ctrl Pts',(14.7216553824068,20.2,89.7410606123559));
#6298=CARTESIAN_POINT('Ctrl Pts',(14.6825176217665,21.2,89.0882834519554));
#6299=CARTESIAN_POINT('Ctrl Pts',(14.6825176217665,20.2,89.0882834519554));
#6300=CARTESIAN_POINT('Ctrl Pts',(14.3090941730136,21.2,88.553225243989));
#6301=CARTESIAN_POINT('Ctrl Pts',(14.3090941730136,20.2,88.553225243989));
#6302=CARTESIAN_POINT('Ctrl Pts',(14.1309332336916,21.2,88.2979480961783));
#6303=CARTESIAN_POINT('Ctrl Pts',(14.1309332336916,20.2,88.2979480961783));
#6304=CARTESIAN_POINT('',(14.1309332336916,20.2,88.2979480961783));
#6305=CARTESIAN_POINT('',(14.1309332336916,20.2,88.2979480961783));
#6306=CARTESIAN_POINT('',(14.7421204533113,20.2,90.0823967198356));
#6307=CARTESIAN_POINT('Ctrl Pts',(14.7421204533113,20.2,90.0823967198356));
#6308=CARTESIAN_POINT('Ctrl Pts',(14.7216553824068,20.2,89.7410606123559));
#6309=CARTESIAN_POINT('Ctrl Pts',(14.6825176217665,20.2,89.0882834519554));
#6310=CARTESIAN_POINT('Ctrl Pts',(14.3090941730136,20.2,88.553225243989));
#6311=CARTESIAN_POINT('Ctrl Pts',(14.1309332336916,20.2,88.2979480961783));
#6312=CARTESIAN_POINT('',(14.7421204533113,20.2,90.0823967198356));
#6313=CARTESIAN_POINT('Ctrl Pts',(13.7707697834505,21.2,92.1833507756217));
#6314=CARTESIAN_POINT('Ctrl Pts',(13.7707697834505,20.2,92.1833507756217));
#6315=CARTESIAN_POINT('Ctrl Pts',(14.054045676571,21.2,91.8989730678118));
#6316=CARTESIAN_POINT('Ctrl Pts',(14.054045676571,20.2,91.8989730678118));
#6317=CARTESIAN_POINT('Ctrl Pts',(14.6327064226454,21.2,91.3180615939991));
#6318=CARTESIAN_POINT('Ctrl Pts',(14.6327064226454,20.2,91.3180615939991));
#6319=CARTESIAN_POINT('Ctrl Pts',(14.7051438385955,21.2,90.499991279617));
#6320=CARTESIAN_POINT('Ctrl Pts',(14.7051438385955,20.2,90.499991279617));
#6321=CARTESIAN_POINT('Ctrl Pts',(14.7421204533113,21.2,90.0823967198356));
#6322=CARTESIAN_POINT('Ctrl Pts',(14.7421204533113,20.2,90.0823967198356));
#6323=CARTESIAN_POINT('',(13.7707697834505,20.2,92.1833507756217));
#6324=CARTESIAN_POINT('Ctrl Pts',(13.7707697834505,20.2,92.1833507756217));
#6325=CARTESIAN_POINT('Ctrl Pts',(14.054045676571,20.2,91.8989730678118));
#6326=CARTESIAN_POINT('Ctrl Pts',(14.6327064226454,20.2,91.3180615939991));
#6327=CARTESIAN_POINT('Ctrl Pts',(14.7051438385955,20.2,90.499991279617));
#6328=CARTESIAN_POINT('Ctrl Pts',(14.7421204533113,20.2,90.0823967198356));
#6329=CARTESIAN_POINT('',(13.7707697834505,20.2,92.1833507756217));
#6330=CARTESIAN_POINT('Ctrl Pts',(11.8935530867113,21.2,92.8163616398795));
#6331=CARTESIAN_POINT('Ctrl Pts',(11.8935530867113,20.2,92.8163616398795));
#6332=CARTESIAN_POINT('Ctrl Pts',(12.2406676009595,21.2,92.7920318531773));
#6333=CARTESIAN_POINT('Ctrl Pts',(12.2406676009595,20.2,92.7920318531773));
#6334=CARTESIAN_POINT('Ctrl Pts',(12.9220546456188,21.2,92.7442723940428));
#6335=CARTESIAN_POINT('Ctrl Pts',(12.9220546456188,20.2,92.7442723940428));
#6336=CARTESIAN_POINT('Ctrl Pts',(13.4914417844982,21.2,92.3679605536951));
#6337=CARTESIAN_POINT('Ctrl Pts',(13.4914417844982,20.2,92.3679605536951));
#6338=CARTESIAN_POINT('Ctrl Pts',(13.7707697834505,21.2,92.1833507756217));
#6339=CARTESIAN_POINT('Ctrl Pts',(13.7707697834505,20.2,92.1833507756217));
#6340=CARTESIAN_POINT('',(11.8935530867113,20.2,92.8163616398795));
#6341=CARTESIAN_POINT('Ctrl Pts',(11.8935530867113,20.2,92.8163616398795));
#6342=CARTESIAN_POINT('Ctrl Pts',(12.2406676009595,20.2,92.7920318531773));
#6343=CARTESIAN_POINT('Ctrl Pts',(12.9220546456188,20.2,92.7442723940428));
#6344=CARTESIAN_POINT('Ctrl Pts',(13.4914417844982,20.2,92.3679605536951));
#6345=CARTESIAN_POINT('Ctrl Pts',(13.7707697834505,20.2,92.1833507756217));
#6346=CARTESIAN_POINT('',(11.8935530867113,20.2,92.8163616398795));
#6347=CARTESIAN_POINT('Ctrl Pts',(10.0272500004305,21.2,92.0960323552115));
#6348=CARTESIAN_POINT('Ctrl Pts',(10.0272500004305,20.2,92.0960323552115));
#6349=CARTESIAN_POINT('Ctrl Pts',(10.2919591386074,21.2,92.3060739021845));
#6350=CARTESIAN_POINT('Ctrl Pts',(10.2919591386074,20.2,92.3060739021845));
#6351=CARTESIAN_POINT('Ctrl Pts',(10.8380819234777,21.2,92.7394116983835));
#6352=CARTESIAN_POINT('Ctrl Pts',(10.8380819234777,20.2,92.7394116983835));
#6353=CARTESIAN_POINT('Ctrl Pts',(11.5346275123242,21.2,92.7901938932725));
#6354=CARTESIAN_POINT('Ctrl Pts',(11.5346275123242,20.2,92.7901938932725));
#6355=CARTESIAN_POINT('Ctrl Pts',(11.8935530867113,21.2,92.8163616398795));
#6356=CARTESIAN_POINT('Ctrl Pts',(11.8935530867113,20.2,92.8163616398795));
#6357=CARTESIAN_POINT('',(10.0272500004305,20.2,92.0960323552115));
#6358=CARTESIAN_POINT('Ctrl Pts',(10.0272500004305,20.2,92.0960323552115));
#6359=CARTESIAN_POINT('Ctrl Pts',(10.2919591386074,20.2,92.3060739021845));
#6360=CARTESIAN_POINT('Ctrl Pts',(10.8380819234777,20.2,92.7394116983835));
#6361=CARTESIAN_POINT('Ctrl Pts',(11.5346275123242,20.2,92.7901938932725));
#6362=CARTESIAN_POINT('Ctrl Pts',(11.8935530867113,20.2,92.8163616398795));
#6363=CARTESIAN_POINT('',(10.0272500004305,20.2,92.0960323552115));
#6364=CARTESIAN_POINT('Ctrl Pts',(9.30146569867267,21.2,90.327958319567));
#6365=CARTESIAN_POINT('Ctrl Pts',(9.30146569867267,20.2,90.327958319567));
#6366=CARTESIAN_POINT('Ctrl Pts',(9.33086975535104,21.2,90.6627342607794));
#6367=CARTESIAN_POINT('Ctrl Pts',(9.33086975535104,20.2,90.6627342607794));
#6368=CARTESIAN_POINT('Ctrl Pts',(9.38927787736464,21.2,91.3277320954466));
#6369=CARTESIAN_POINT('Ctrl Pts',(9.38927787736464,20.2,91.3277320954466));
#6370=CARTESIAN_POINT('Ctrl Pts',(9.8155657296135,21.2,91.8411041626202));
#6371=CARTESIAN_POINT('Ctrl Pts',(9.8155657296135,20.2,91.8411041626202));
#6372=CARTESIAN_POINT('Ctrl Pts',(10.0272500004305,21.2,92.0960323552115));
#6373=CARTESIAN_POINT('Ctrl Pts',(10.0272500004305,20.2,92.0960323552115));
#6374=CARTESIAN_POINT('',(9.30146569867267,20.2,90.327958319567));
#6375=CARTESIAN_POINT('Ctrl Pts',(9.30146569867267,20.2,90.327958319567));
#6376=CARTESIAN_POINT('Ctrl Pts',(9.33086975535104,20.2,90.6627342607794));
#6377=CARTESIAN_POINT('Ctrl Pts',(9.38927787736464,20.2,91.3277320954466));
#6378=CARTESIAN_POINT('Ctrl Pts',(9.8155657296135,20.2,91.8411041626202));
#6379=CARTESIAN_POINT('Ctrl Pts',(10.0272500004305,20.2,92.0960323552115));
#6380=CARTESIAN_POINT('',(9.30146569867267,20.2,90.327958319567));
#6381=CARTESIAN_POINT('Ctrl Pts',(9.8035120453371,21.2,88.8163654545768));
#6382=CARTESIAN_POINT('Ctrl Pts',(9.8035120453371,20.2,88.8163654545768));
#6383=CARTESIAN_POINT('Ctrl Pts',(9.65711540201375,21.2,89.055549291627));
#6384=CARTESIAN_POINT('Ctrl Pts',(9.65711540201375,20.2,89.055549291627));
#6385=CARTESIAN_POINT('Ctrl Pts',(9.37225657855192,21.2,89.5209535855131));
#6386=CARTESIAN_POINT('Ctrl Pts',(9.37225657855192,20.2,89.5209535855131));
#6387=CARTESIAN_POINT('Ctrl Pts',(9.32462037202608,21.2,90.0639987382827));
#6388=CARTESIAN_POINT('Ctrl Pts',(9.32462037202608,20.2,90.0639987382827));
#6389=CARTESIAN_POINT('Ctrl Pts',(9.30146569867267,21.2,90.327958319567));
#6390=CARTESIAN_POINT('Ctrl Pts',(9.30146569867267,20.2,90.327958319567));
#6391=CARTESIAN_POINT('',(9.8035120453371,20.2,88.8163654545768));
#6392=CARTESIAN_POINT('Ctrl Pts',(9.8035120453371,20.2,88.8163654545768));
#6393=CARTESIAN_POINT('Ctrl Pts',(9.65711540201375,20.2,89.055549291627));
#6394=CARTESIAN_POINT('Ctrl Pts',(9.37225657855192,20.2,89.5209535855131));
#6395=CARTESIAN_POINT('Ctrl Pts',(9.32462037202608,20.2,90.0639987382827));
#6396=CARTESIAN_POINT('Ctrl Pts',(9.30146569867267,20.2,90.327958319567));
#6397=CARTESIAN_POINT('',(9.8035120453371,20.2,88.8163654545768));
#6398=CARTESIAN_POINT('Origin',(8.72847790379657,20.2,89.0319173077567));
#6399=CARTESIAN_POINT('',(7.65344376225604,20.2,89.2474691609366));
#6400=CARTESIAN_POINT('',(13.0175651598812,20.2,88.1719253588735));
#6401=CARTESIAN_POINT('',(7.65344376225604,20.2,89.2474691609366));
#6402=CARTESIAN_POINT('Origin',(7.65344376225604,20.2,90.8436505536063));
#6403=CARTESIAN_POINT('',(7.65344376225604,20.2,92.439831946276));
#6404=CARTESIAN_POINT('',(7.65344376225604,20.2,45.4218252768032));
#6405=CARTESIAN_POINT('',(7.65344376225604,20.2,92.439831946276));
#6406=CARTESIAN_POINT('Origin',(7.18413973708286,20.2,92.439831946276));
#6407=CARTESIAN_POINT('',(6.71483571190967,20.2,92.439831946276));
#6408=CARTESIAN_POINT('',(3.49206986854143,20.2,92.439831946276));
#6409=CARTESIAN_POINT('',(6.71483571190967,20.2,92.439831946276));
#6410=CARTESIAN_POINT('Origin',(6.71483571190967,20.2,90.4507438878043));
#6411=CARTESIAN_POINT('',(6.71483571190967,20.2,88.4616558293326));
#6412=CARTESIAN_POINT('',(6.71483571190967,20.2,45.2253719439022));
#6413=CARTESIAN_POINT('',(6.71483571190967,20.2,88.4616558293326));
#6414=CARTESIAN_POINT('Origin',(8.76940573115482,20.2,88.0742065648063));
#6415=CARTESIAN_POINT('',(10.8239757504,20.2,87.6867573002799));
#6416=CARTESIAN_POINT('',(12.4580118879104,20.2,87.3786119979745));
#6417=CARTESIAN_POINT('',(10.8239757504,20.2,87.6867573002799));
#6418=CARTESIAN_POINT('Origin',(10.8840029921068,20.2,88.1478779057487));
#6419=CARTESIAN_POINT('',(10.9440302338137,20.2,88.6089985112174));
#6420=CARTESIAN_POINT('',(5.14985131238569,20.2,44.0989524642686));
#6421=CARTESIAN_POINT('',(10.9440302338137,20.2,88.6089985112174));
#6422=CARTESIAN_POINT('Ctrl Pts',(10.387414046718,21.2,89.209269736193));
#6423=CARTESIAN_POINT('Ctrl Pts',(10.387414046718,20.2,89.209269736193));
#6424=CARTESIAN_POINT('Ctrl Pts',(10.4627081445237,21.2,89.0894693621841));
#6425=CARTESIAN_POINT('Ctrl Pts',(10.4627081445237,20.2,89.0894693621841));
#6426=CARTESIAN_POINT('Ctrl Pts',(10.6105422860306,21.2,88.8542505872741));
#6427=CARTESIAN_POINT('Ctrl Pts',(10.6105422860306,20.2,88.8542505872741));
#6428=CARTESIAN_POINT('Ctrl Pts',(10.8342568033043,21.2,88.6897275507742));
#6429=CARTESIAN_POINT('Ctrl Pts',(10.8342568033043,20.2,88.6897275507742));
#6430=CARTESIAN_POINT('Ctrl Pts',(10.9440302338137,21.2,88.6089985112174));
#6431=CARTESIAN_POINT('Ctrl Pts',(10.9440302338137,20.2,88.6089985112174));
#6432=CARTESIAN_POINT('',(10.387414046718,20.2,89.209269736193));
#6433=CARTESIAN_POINT('Ctrl Pts',(10.387414046718,20.2,89.209269736193));
#6434=CARTESIAN_POINT('Ctrl Pts',(10.4627081445237,20.2,89.0894693621841));
#6435=CARTESIAN_POINT('Ctrl Pts',(10.6105422860306,20.2,88.8542505872741));
#6436=CARTESIAN_POINT('Ctrl Pts',(10.8342568033043,20.2,88.6897275507742));
#6437=CARTESIAN_POINT('Ctrl Pts',(10.9440302338137,20.2,88.6089985112174));
#6438=CARTESIAN_POINT('',(10.387414046718,20.2,89.209269736193));
#6439=CARTESIAN_POINT('Ctrl Pts',(10.1691328968538,21.2,90.0660221318229));
#6440=CARTESIAN_POINT('Ctrl Pts',(10.1691328968538,20.2,90.0660221318229));
#6441=CARTESIAN_POINT('Ctrl Pts',(10.1774780366841,21.2,89.912964418305));
#6442=CARTESIAN_POINT('Ctrl Pts',(10.1774780366841,20.2,89.912964418305));
#6443=CARTESIAN_POINT('Ctrl Pts',(10.1938410118652,21.2,89.6128520632677));
#6444=CARTESIAN_POINT('Ctrl Pts',(10.1938410118652,20.2,89.6128520632677));
#6445=CARTESIAN_POINT('Ctrl Pts',(10.3237559201852,21.2,89.3419911912389));
#6446=CARTESIAN_POINT('Ctrl Pts',(10.3237559201852,20.2,89.3419911912389));
#6447=CARTESIAN_POINT('Ctrl Pts',(10.387414046718,21.2,89.209269736193));
#6448=CARTESIAN_POINT('Ctrl Pts',(10.387414046718,20.2,89.209269736193));
#6449=CARTESIAN_POINT('',(10.1691328968538,20.2,90.0660221318229));
#6450=CARTESIAN_POINT('Ctrl Pts',(10.1691328968538,20.2,90.0660221318229));
#6451=CARTESIAN_POINT('Ctrl Pts',(10.1774780366841,20.2,89.912964418305));
#6452=CARTESIAN_POINT('Ctrl Pts',(10.1938410118652,20.2,89.6128520632677));
#6453=CARTESIAN_POINT('Ctrl Pts',(10.3237559201852,20.2,89.3419911912389));
#6454=CARTESIAN_POINT('Ctrl Pts',(10.387414046718,20.2,89.209269736193));
#6455=CARTESIAN_POINT('',(10.1691328968538,20.2,90.0660221318229));
#6456=CARTESIAN_POINT('Ctrl Pts',(10.6548082317842,21.2,91.2993042210563));
#6457=CARTESIAN_POINT('Ctrl Pts',(10.6548082317842,20.2,91.2993042210563));
#6458=CARTESIAN_POINT('Ctrl Pts',(10.5132001368562,21.2,91.1264352296604));
#6459=CARTESIAN_POINT('Ctrl Pts',(10.5132001368562,20.2,91.1264352296604));
#6460=CARTESIAN_POINT('Ctrl Pts',(10.2197902814979,21.2,90.7682532642356));
#6461=CARTESIAN_POINT('Ctrl Pts',(10.2197902814979,20.2,90.7682532642356));
#6462=CARTESIAN_POINT('Ctrl Pts',(10.1864053127007,21.2,90.3054586567221));
#6463=CARTESIAN_POINT('Ctrl Pts',(10.1864053127007,20.2,90.3054586567221));
#6464=CARTESIAN_POINT('Ctrl Pts',(10.1691328968538,21.2,90.0660221318229));
#6465=CARTESIAN_POINT('Ctrl Pts',(10.1691328968538,20.2,90.0660221318229));
#6466=CARTESIAN_POINT('',(10.6548082317842,20.2,91.2993042210563));
#6467=CARTESIAN_POINT('Ctrl Pts',(10.6548082317842,20.2,91.2993042210563));
#6468=CARTESIAN_POINT('Ctrl Pts',(10.5132001368562,20.2,91.1264352296604));
#6469=CARTESIAN_POINT('Ctrl Pts',(10.2197902814979,20.2,90.7682532642356));
#6470=CARTESIAN_POINT('Ctrl Pts',(10.1864053127007,20.2,90.3054586567221));
#6471=CARTESIAN_POINT('Ctrl Pts',(10.1691328968538,20.2,90.0660221318229));
#6472=CARTESIAN_POINT('',(10.6548082317842,20.2,91.2993042210563));
#6473=CARTESIAN_POINT('Ctrl Pts',(11.980865546657,21.2,91.7740719059928));
#6474=CARTESIAN_POINT('Ctrl Pts',(11.980865546657,20.2,91.7740719059928));
#6475=CARTESIAN_POINT('Ctrl Pts',(11.7210367526571,21.2,91.7594275543328));
#6476=CARTESIAN_POINT('Ctrl Pts',(11.7210367526571,20.2,91.7594275543328));
#6477=CARTESIAN_POINT('Ctrl Pts',(11.2304839887131,21.2,91.7317792437957));
#6478=CARTESIAN_POINT('Ctrl Pts',(11.2304839887131,20.2,91.7317792437957));
#6479=CARTESIAN_POINT('Ctrl Pts',(10.8389569638849,21.2,91.4376455115207));
#6480=CARTESIAN_POINT('Ctrl Pts',(10.8389569638849,20.2,91.4376455115207));
#6481=CARTESIAN_POINT('Ctrl Pts',(10.6548082317842,21.2,91.2993042210563));
#6482=CARTESIAN_POINT('Ctrl Pts',(10.6548082317842,20.2,91.2993042210563));
#6483=CARTESIAN_POINT('',(11.980865546657,20.2,91.7740719059928));
#6484=CARTESIAN_POINT('Ctrl Pts',(11.980865546657,20.2,91.7740719059928));
#6485=CARTESIAN_POINT('Ctrl Pts',(11.7210367526571,20.2,91.7594275543328));
#6486=CARTESIAN_POINT('Ctrl Pts',(11.2304839887131,20.2,91.7317792437957));
#6487=CARTESIAN_POINT('Ctrl Pts',(10.8389569638849,20.2,91.4376455115207));
#6488=CARTESIAN_POINT('Ctrl Pts',(10.6548082317842,20.2,91.2993042210563));
#6489=CARTESIAN_POINT('',(11.980865546657,20.2,91.7740719059928));
#6490=CARTESIAN_POINT('Ctrl Pts',(13.3996921267046,21.2,91.2829391697867));
#6491=CARTESIAN_POINT('Ctrl Pts',(13.3996921267046,20.2,91.2829391697867));
#6492=CARTESIAN_POINT('Ctrl Pts',(13.1996092587908,21.2,91.4260702604443));
#6493=CARTESIAN_POINT('Ctrl Pts',(13.1996092587908,20.2,91.4260702604443));
#6494=CARTESIAN_POINT('Ctrl Pts',(12.7764291719987,21.2,91.7287959660415));
#6495=CARTESIAN_POINT('Ctrl Pts',(12.7764291719987,20.2,91.7287959660415));
#6496=CARTESIAN_POINT('Ctrl Pts',(12.2554969327465,21.2,91.7584424908847));
#6497=CARTESIAN_POINT('Ctrl Pts',(12.2554969327465,20.2,91.7584424908847));
#6498=CARTESIAN_POINT('Ctrl Pts',(11.980865546657,21.2,91.7740719059928));
#6499=CARTESIAN_POINT('Ctrl Pts',(11.980865546657,20.2,91.7740719059928));
#6500=CARTESIAN_POINT('',(13.3996921267046,20.2,91.2829391697867));
#6501=CARTESIAN_POINT('Ctrl Pts',(13.3996921267046,20.2,91.2829391697867));
#6502=CARTESIAN_POINT('Ctrl Pts',(13.1996092587908,20.2,91.4260702604443));
#6503=CARTESIAN_POINT('Ctrl Pts',(12.7764291719987,20.2,91.7287959660415));
#6504=CARTESIAN_POINT('Ctrl Pts',(12.2554969327465,20.2,91.7584424908847));
#6505=CARTESIAN_POINT('Ctrl Pts',(11.980865546657,20.2,91.7740719059928));
#6506=CARTESIAN_POINT('',(13.3996921267046,20.2,91.2829391697867));
#6507=CARTESIAN_POINT('Ctrl Pts',(13.9344810928835,21.2,90.0823967198356));
#6508=CARTESIAN_POINT('Ctrl Pts',(13.9344810928835,20.2,90.0823967198356));
#6509=CARTESIAN_POINT('Ctrl Pts',(13.9116147759907,21.2,90.3103052012659));
#6510=CARTESIAN_POINT('Ctrl Pts',(13.9116147759907,20.2,90.3103052012659));
#6511=CARTESIAN_POINT('Ctrl Pts',(13.8655776737305,21.2,90.7691568000948));
#6512=CARTESIAN_POINT('Ctrl Pts',(13.8655776737305,20.2,90.7691568000948));
#6513=CARTESIAN_POINT('Ctrl Pts',(13.5556705041117,21.2,91.1109249468161));
#6514=CARTESIAN_POINT('Ctrl Pts',(13.5556705041117,20.2,91.1109249468161));
#6515=CARTESIAN_POINT('Ctrl Pts',(13.3996921267046,21.2,91.2829391697867));
#6516=CARTESIAN_POINT('Ctrl Pts',(13.3996921267046,20.2,91.2829391697867));
#6517=CARTESIAN_POINT('',(13.9344810928835,20.2,90.0823967198356));
#6518=CARTESIAN_POINT('Ctrl Pts',(13.9344810928835,20.2,90.0823967198356));
#6519=CARTESIAN_POINT('Ctrl Pts',(13.9116147759907,20.2,90.3103052012659));
#6520=CARTESIAN_POINT('Ctrl Pts',(13.8655776737305,20.2,90.7691568000948));
#6521=CARTESIAN_POINT('Ctrl Pts',(13.5556705041117,20.2,91.1109249468161));
#6522=CARTESIAN_POINT('Ctrl Pts',(13.3996921267046,20.2,91.2829391697867));
#6523=CARTESIAN_POINT('',(13.9344810928835,20.2,90.0823967198356));
#6524=CARTESIAN_POINT('Ctrl Pts',(13.5579460348619,21.2,89.0728466252311));
#6525=CARTESIAN_POINT('Ctrl Pts',(13.5579460348619,20.2,89.0728466252311));
#6526=CARTESIAN_POINT('Ctrl Pts',(13.6677643269353,21.2,89.2211153825699));
#6527=CARTESIAN_POINT('Ctrl Pts',(13.6677643269353,20.2,89.2211153825699));
#6528=CARTESIAN_POINT('Ctrl Pts',(13.8900813853307,21.2,89.5212718807379));
#6529=CARTESIAN_POINT('Ctrl Pts',(13.8900813853307,20.2,89.5212718807379));
#6530=CARTESIAN_POINT('Ctrl Pts',(13.9195627050535,21.2,89.8938576858624));
#6531=CARTESIAN_POINT('Ctrl Pts',(13.9195627050535,20.2,89.8938576858624));
#6532=CARTESIAN_POINT('Ctrl Pts',(13.9344810928835,21.2,90.0823967198356));
#6533=CARTESIAN_POINT('Ctrl Pts',(13.9344810928835,20.2,90.0823967198356));
#6534=CARTESIAN_POINT('',(13.5579460348619,20.2,89.0728466252311));
#6535=CARTESIAN_POINT('Ctrl Pts',(13.5579460348619,20.2,89.0728466252311));
#6536=CARTESIAN_POINT('Ctrl Pts',(13.6677643269353,20.2,89.2211153825699));
#6537=CARTESIAN_POINT('Ctrl Pts',(13.8900813853307,20.2,89.5212718807379));
#6538=CARTESIAN_POINT('Ctrl Pts',(13.9195627050535,20.2,89.8938576858624));
#6539=CARTESIAN_POINT('Ctrl Pts',(13.9344810928835,20.2,90.0823967198356));
#6540=CARTESIAN_POINT('',(13.5579460348619,20.2,89.0728466252311));
#6541=CARTESIAN_POINT('Ctrl Pts',(12.4228846516146,21.2,88.5435096959098));
#6542=CARTESIAN_POINT('Ctrl Pts',(12.4228846516146,20.2,88.5435096959098));
#6543=CARTESIAN_POINT('Ctrl Pts',(12.652138773844,21.2,88.5877898950427));
#6544=CARTESIAN_POINT('Ctrl Pts',(12.652138773844,20.2,88.5877898950427));
#6545=CARTESIAN_POINT('Ctrl Pts',(13.0762025975521,21.2,88.6696973886845));
#6546=CARTESIAN_POINT('Ctrl Pts',(13.0762025975521,20.2,88.6696973886845));
#6547=CARTESIAN_POINT('Ctrl Pts',(13.406302296049,21.2,88.9459428569703));
#6548=CARTESIAN_POINT('Ctrl Pts',(13.406302296049,20.2,88.9459428569703));
#6549=CARTESIAN_POINT('Ctrl Pts',(13.5579460348619,21.2,89.0728466252311));
#6550=CARTESIAN_POINT('Ctrl Pts',(13.5579460348619,20.2,89.0728466252311));
#6551=CARTESIAN_POINT('',(12.4228846516146,20.2,88.5435096959098));
#6552=CARTESIAN_POINT('Ctrl Pts',(12.4228846516146,20.2,88.5435096959098));
#6553=CARTESIAN_POINT('Ctrl Pts',(12.652138773844,20.2,88.5877898950427));
#6554=CARTESIAN_POINT('Ctrl Pts',(13.0762025975521,20.2,88.6696973886845));
#6555=CARTESIAN_POINT('Ctrl Pts',(13.406302296049,20.2,88.9459428569703));
#6556=CARTESIAN_POINT('Ctrl Pts',(13.5579460348619,20.2,89.0728466252311));
#6557=CARTESIAN_POINT('',(12.4228846516146,20.2,88.5435096959098));
#6558=CARTESIAN_POINT('Origin',(12.4665408815874,20.2,88.0278222302421));
#6559=CARTESIAN_POINT('',(12.5101971115602,20.2,87.5121347645743));
#6560=CARTESIAN_POINT('',(16.1210197018817,20.2,44.8594377328536));
#6561=CARTESIAN_POINT('',(12.5101971115602,20.2,87.5121347645743));
#6562=CARTESIAN_POINT('Ctrl Pts',(14.1309332336916,21.2,88.2979480961783));
#6563=CARTESIAN_POINT('Ctrl Pts',(14.1309332336916,20.2,88.2979480961783));
#6564=CARTESIAN_POINT('Ctrl Pts',(13.9062645727233,21.2,88.0929217053761));
#6565=CARTESIAN_POINT('Ctrl Pts',(13.9062645727233,20.2,88.0929217053761));
#6566=CARTESIAN_POINT('Ctrl Pts',(13.4444154888906,21.2,87.6714510367682));
#6567=CARTESIAN_POINT('Ctrl Pts',(13.4444154888906,20.2,87.6714510367682));
#6568=CARTESIAN_POINT('Ctrl Pts',(12.8271770210778,21.2,87.5661907099187));
#6569=CARTESIAN_POINT('Ctrl Pts',(12.8271770210778,20.2,87.5661907099187));
#6570=CARTESIAN_POINT('Ctrl Pts',(12.5101971115602,21.2,87.5121347645743));
#6571=CARTESIAN_POINT('Ctrl Pts',(12.5101971115602,20.2,87.5121347645743));
#6572=CARTESIAN_POINT('Ctrl Pts',(14.1309332336916,20.2,88.2979480961783));
#6573=CARTESIAN_POINT('Ctrl Pts',(13.9062645727233,20.2,88.0929217053761));
#6574=CARTESIAN_POINT('Ctrl Pts',(13.4444154888906,20.2,87.6714510367682));
#6575=CARTESIAN_POINT('Ctrl Pts',(12.8271770210778,20.2,87.5661907099187));
#6576=CARTESIAN_POINT('Ctrl Pts',(12.5101971115602,20.2,87.5121347645743));
#6577=CARTESIAN_POINT('Origin',(-0.2,21.2,0.));
#6578=CARTESIAN_POINT('',(13.4870045866503,21.2,86.0769359806998));
#6579=CARTESIAN_POINT('',(14.6056949581636,21.2,86.0769359806998));
#6580=CARTESIAN_POINT('',(13.4870045866503,21.2,86.0769359806998));
#6581=CARTESIAN_POINT('',(13.4870045866503,21.2,84.9582473973258));
#6582=CARTESIAN_POINT('',(13.4870045866503,21.2,84.9582473973258));
#6583=CARTESIAN_POINT('',(14.6056949581636,21.2,84.9582473973258));
#6584=CARTESIAN_POINT('',(14.6056949581636,21.2,84.9582473973258));
#6585=CARTESIAN_POINT('',(14.6056949581636,21.2,86.0769359806998));
#6586=CARTESIAN_POINT('Origin',(14.046349772407,20.2,86.0769359806998));
#6587=CARTESIAN_POINT('',(14.6056949581636,20.2,86.0769359806998));
#6588=CARTESIAN_POINT('',(14.6056949581636,20.2,86.0769359806998));
#6589=CARTESIAN_POINT('',(13.4870045866503,20.2,86.0769359806998));
#6590=CARTESIAN_POINT('',(6.92317488620348,20.2,86.0769359806998));
#6591=CARTESIAN_POINT('',(13.4870045866503,20.2,86.0769359806998));
#6592=CARTESIAN_POINT('Origin',(13.4870045866503,20.2,85.5175916890128));
#6593=CARTESIAN_POINT('',(13.4870045866503,20.2,84.9582473973258));
#6594=CARTESIAN_POINT('',(13.4870045866503,20.2,42.7587958445064));
#6595=CARTESIAN_POINT('',(13.4870045866503,20.2,84.9582473973258));
#6596=CARTESIAN_POINT('Origin',(14.046349772407,20.2,84.9582473973258));
#6597=CARTESIAN_POINT('',(14.6056949581636,20.2,84.9582473973258));
#6598=CARTESIAN_POINT('',(6.92317488620348,20.2,84.9582473973258));
#6599=CARTESIAN_POINT('',(14.6056949581636,20.2,84.9582473973258));
#6600=CARTESIAN_POINT('Origin',(14.6056949581636,20.2,85.5175916890128));
#6601=CARTESIAN_POINT('',(14.6056949581636,20.2,42.7587958445064));
#6602=CARTESIAN_POINT('Origin',(-0.2,21.2,0.));
#6603=CARTESIAN_POINT('',(12.291915961696,21.2,71.9650690297111));
#6604=CARTESIAN_POINT('',(10.9876870598329,21.2,72.3579733113273));
#6605=CARTESIAN_POINT('Ctrl Pts',(12.291915961696,21.2,71.9650690297111));
#6606=CARTESIAN_POINT('Ctrl Pts',(12.0470692107082,21.2,71.9781168061764));
#6607=CARTESIAN_POINT('Ctrl Pts',(11.5794708118942,21.2,72.0030349207059));
#6608=CARTESIAN_POINT('Ctrl Pts',(11.1786348356315,21.2,72.2434471926249));
#6609=CARTESIAN_POINT('Ctrl Pts',(10.9876870598329,21.2,72.3579733113273));
#6610=CARTESIAN_POINT('',(14.0436207737459,21.2,72.6908533314689));
#6611=CARTESIAN_POINT('Ctrl Pts',(14.0436207737459,21.2,72.6908533314689));
#6612=CARTESIAN_POINT('Ctrl Pts',(13.7929220469631,21.2,72.479172285873));
#6613=CARTESIAN_POINT('Ctrl Pts',(13.2864368007823,21.2,72.0515142444209));
#6614=CARTESIAN_POINT('Ctrl Pts',(12.625635555397,21.2,71.9940764278435));
#6615=CARTESIAN_POINT('Ctrl Pts',(12.291915961696,21.2,71.9650690297111));
#6616=CARTESIAN_POINT('',(14.7421204533113,21.2,74.6008102635367));
#6617=CARTESIAN_POINT('Ctrl Pts',(14.7421204533113,21.2,74.6008102635367));
#6618=CARTESIAN_POINT('Ctrl Pts',(14.7186327964105,21.2,74.2312293884704));
#6619=CARTESIAN_POINT('Ctrl Pts',(14.6736827542684,21.2,73.523935511553));
#6620=CARTESIAN_POINT('Ctrl Pts',(14.2472367758197,21.2,72.9600790079126));
#6621=CARTESIAN_POINT('Ctrl Pts',(14.0436207737459,21.2,72.6908533314689));
#6622=CARTESIAN_POINT('',(14.0436207737459,21.2,76.5107719639762));
#6623=CARTESIAN_POINT('Ctrl Pts',(14.0436207737459,21.2,76.5107719639762));
#6624=CARTESIAN_POINT('Ctrl Pts',(14.2472367858326,21.2,76.2415446596967));
#6625=CARTESIAN_POINT('Ctrl Pts',(14.6736818747314,21.2,75.6776859506941));
#6626=CARTESIAN_POINT('Ctrl Pts',(14.718632524654,21.2,74.9703909859546));
#6627=CARTESIAN_POINT('Ctrl Pts',(14.7421204533113,21.2,74.6008102635367));
#6628=CARTESIAN_POINT('',(12.3192011799349,21.2,77.236556265734));
#6629=CARTESIAN_POINT('Ctrl Pts',(12.3192011799349,21.2,77.236556265734));
#6630=CARTESIAN_POINT('Ctrl Pts',(12.6469230963886,21.2,77.2069458370865));
#6631=CARTESIAN_POINT('Ctrl Pts',(13.2989939991937,21.2,77.1480297317812));
#6632=CARTESIAN_POINT('Ctrl Pts',(13.7962692580524,21.2,76.7224574420451));
#6633=CARTESIAN_POINT('Ctrl Pts',(14.0436207737459,21.2,76.5107719639762));
#6634=CARTESIAN_POINT('',(11.0422574963106,21.2,76.8491070012076));
#6635=CARTESIAN_POINT('Ctrl Pts',(11.0422574963106,21.2,76.8491070012076));
#6636=CARTESIAN_POINT('Ctrl Pts',(11.2328223930737,21.2,76.9620833777157));
#6637=CARTESIAN_POINT('Ctrl Pts',(11.6262996318014,21.2,77.1953563121592));
#6638=CARTESIAN_POINT('Ctrl Pts',(12.0834521319394,21.2,77.222538617976));
#6639=CARTESIAN_POINT('Ctrl Pts',(12.3192011799349,21.2,77.236556265734));
#6640=CARTESIAN_POINT('',(10.2673595633043,21.2,75.7304184178336));
#6641=CARTESIAN_POINT('Ctrl Pts',(10.2673595633043,21.2,75.7304184178336));
#6642=CARTESIAN_POINT('Ctrl Pts',(10.3554100763025,21.2,75.9580626486501));
#6643=CARTESIAN_POINT('Ctrl Pts',(10.5240406621702,21.2,76.394037167195));
#6644=CARTESIAN_POINT('Ctrl Pts',(10.8746966445041,21.2,76.701964176052));
#6645=CARTESIAN_POINT('Ctrl Pts',(11.0422574963106,21.2,76.8491070012076));
#6646=CARTESIAN_POINT('',(9.63434452672137,21.2,76.6144554356559));
#6647=CARTESIAN_POINT('Ctrl Pts',(9.63434452672137,21.2,76.6144554356559));
#6648=CARTESIAN_POINT('Ctrl Pts',(9.76505607432419,21.2,76.4997042148399));
#6649=CARTESIAN_POINT('Ctrl Pts',(10.044096726586,21.2,76.254735380092));
#6650=CARTESIAN_POINT('Ctrl Pts',(10.1898707467988,21.2,75.9123954162288));
#6651=CARTESIAN_POINT('Ctrl Pts',(10.2673595633043,21.2,75.7304184178336));
#6652=CARTESIAN_POINT('',(8.66299385686053,21.2,76.9091312626823));
#6653=CARTESIAN_POINT('Ctrl Pts',(8.66299385686053,21.2,76.9091312626823));
#6654=CARTESIAN_POINT('Ctrl Pts',(8.84086370016069,21.2,76.8980832453605));
#6655=CARTESIAN_POINT('Ctrl Pts',(9.1882223619927,21.2,76.8765077807309));
#6656=CARTESIAN_POINT('Ctrl Pts',(9.48804852743063,21.2,76.7003897664743));
#6657=CARTESIAN_POINT('Ctrl Pts',(9.63434452672137,21.2,76.6144554356559));
#6658=CARTESIAN_POINT('',(7.18414003510608,21.2,76.270660612963));
#6659=CARTESIAN_POINT('Ctrl Pts',(7.18414003510608,21.2,76.270660612963));
#6660=CARTESIAN_POINT('Ctrl Pts',(7.39686277321832,21.2,76.4568815462501));
#6661=CARTESIAN_POINT('Ctrl Pts',(7.82135339095397,21.2,76.8284875142243));
#6662=CARTESIAN_POINT('Ctrl Pts',(8.38286806269026,21.2,76.8822903549589));
#6663=CARTESIAN_POINT('Ctrl Pts',(8.66299385686053,21.2,76.9091312626823));
#6664=CARTESIAN_POINT('',(6.57295281548633,21.2,74.5844404438956));
#6665=CARTESIAN_POINT('Ctrl Pts',(6.57295281548633,21.2,74.5844404438956));
#6666=CARTESIAN_POINT('Ctrl Pts',(6.59323878346752,21.2,74.9110203081394));
#6667=CARTESIAN_POINT('Ctrl Pts',(6.63197734601199,21.2,75.5346649135384));
#6668=CARTESIAN_POINT('Ctrl Pts',(7.00598602056806,21.2,76.0331933028296));
#6669=CARTESIAN_POINT('Ctrl Pts',(7.18414003510608,21.2,76.270660612963));
#6670=CARTESIAN_POINT('',(7.16776902337207,21.2,72.9145900944694));
#6671=CARTESIAN_POINT('Ctrl Pts',(7.16776902337207,21.2,72.9145900944694));
#6672=CARTESIAN_POINT('Ctrl Pts',(6.99440778916409,21.2,73.149267159462));
#6673=CARTESIAN_POINT('Ctrl Pts',(6.62871368228338,21.2,73.6443029734369));
#6674=CARTESIAN_POINT('Ctrl Pts',(6.59217168497967,21.2,74.2604071139206));
#6675=CARTESIAN_POINT('Ctrl Pts',(6.57295281548633,21.2,74.5844404438956));
#6676=CARTESIAN_POINT('',(8.6357086386217,21.2,72.2870342473014));
#6677=CARTESIAN_POINT('Ctrl Pts',(8.6357086386217,21.2,72.2870342473014));
#6678=CARTESIAN_POINT('Ctrl Pts',(8.35653869313178,21.2,72.3128926394888));
#6679=CARTESIAN_POINT('Ctrl Pts',(7.79973502062631,21.2,72.3644671301087));
#6680=CARTESIAN_POINT('Ctrl Pts',(7.37803653447057,21.2,72.7315533693658));
#6681=CARTESIAN_POINT('Ctrl Pts',(7.16776902337207,21.2,72.9145900944694));
#6682=CARTESIAN_POINT('',(9.62888712544574,21.2,72.5817100743278));
#6683=CARTESIAN_POINT('Ctrl Pts',(9.62888712544574,21.2,72.5817100743278));
#6684=CARTESIAN_POINT('Ctrl Pts',(9.48070753605093,21.2,72.4957922602046));
#6685=CARTESIAN_POINT('Ctrl Pts',(9.17378172948919,21.2,72.3178298666962));
#6686=CARTESIAN_POINT('Ctrl Pts',(8.81913616568376,21.2,72.2975323829744));
#6687=CARTESIAN_POINT('Ctrl Pts',(8.6357086386217,21.2,72.2870342473014));
#6688=CARTESIAN_POINT('',(10.2673595633043,21.2,73.4875766972526));
#6689=CARTESIAN_POINT('Ctrl Pts',(10.2673595633043,21.2,73.4875766972526));
#6690=CARTESIAN_POINT('Ctrl Pts',(10.1899142402826,21.2,73.3008273909319));
#6691=CARTESIAN_POINT('Ctrl Pts',(10.0445506816989,21.2,72.9503021084408));
#6692=CARTESIAN_POINT('Ctrl Pts',(9.76125255045166,21.2,72.6990858714483));
#6693=CARTESIAN_POINT('Ctrl Pts',(9.62888712544574,21.2,72.5817100743278));
#6694=CARTESIAN_POINT('Ctrl Pts',(10.9876870598329,21.2,72.3579733113273));
#6695=CARTESIAN_POINT('Ctrl Pts',(10.8243146853631,21.2,72.5087243582598));
#6696=CARTESIAN_POINT('Ctrl Pts',(10.4854446543026,21.2,72.8214149959654));
#6697=CARTESIAN_POINT('Ctrl Pts',(10.341768246677,21.2,73.2602882802445));
#6698=CARTESIAN_POINT('Ctrl Pts',(10.2673595633043,21.2,73.4875766972526));
#6699=CARTESIAN_POINT('',(10.6930076565279,21.2,74.5789854268058));
#6700=CARTESIAN_POINT('',(11.151397177173,21.2,73.427552435778));
#6701=CARTESIAN_POINT('Ctrl Pts',(10.6930076565279,21.2,74.5789854268058));
#6702=CARTESIAN_POINT('Ctrl Pts',(10.7106334902774,21.2,74.3592427585614));
#6703=CARTESIAN_POINT('Ctrl Pts',(10.7452363316083,21.2,73.9278463894055));
#6704=CARTESIAN_POINT('Ctrl Pts',(11.0177132696041,21.2,73.5922193439362));
#6705=CARTESIAN_POINT('Ctrl Pts',(11.151397177173,21.2,73.427552435778));
#6706=CARTESIAN_POINT('',(11.1568545784487,21.2,75.757703040026));
#6707=CARTESIAN_POINT('Ctrl Pts',(11.1568545784487,21.2,75.757703040026));
#6708=CARTESIAN_POINT('Ctrl Pts',(11.0215816425828,21.2,75.5889513473992));
#6709=CARTESIAN_POINT('Ctrl Pts',(10.7454316134793,21.2,75.2444568294689));
#6710=CARTESIAN_POINT('Ctrl Pts',(10.7107171393785,21.2,74.8037901740693));
#6711=CARTESIAN_POINT('Ctrl Pts',(10.6930076565279,21.2,74.5789854268058));
#6712=CARTESIAN_POINT('',(12.3301153864397,21.2,76.2324611882194));
#6713=CARTESIAN_POINT('Ctrl Pts',(12.3301153864397,21.2,76.2324611882194));
#6714=CARTESIAN_POINT('Ctrl Pts',(12.1053882150852,21.2,76.2142033209516));
#6715=CARTESIAN_POINT('Ctrl Pts',(11.6642060043941,21.2,76.178359652404));
#6716=CARTESIAN_POINT('Ctrl Pts',(11.3238444696932,21.2,75.8961581588254));
#6717=CARTESIAN_POINT('Ctrl Pts',(11.1568545784487,21.2,75.757703040026));
#6718=CARTESIAN_POINT('',(13.4815477814211,21.2,75.7740728596671));
#6719=CARTESIAN_POINT('Ctrl Pts',(13.4815477814211,21.2,75.7740728596671));
#6720=CARTESIAN_POINT('Ctrl Pts',(13.3178071718169,21.2,75.9077520409386));
#6721=CARTESIAN_POINT('Ctrl Pts',(12.9827338668332,21.2,76.1813086447915));
#6722=CARTESIAN_POINT('Ctrl Pts',(12.5509162521879,21.2,76.2151547125166));
#6723=CARTESIAN_POINT('Ctrl Pts',(12.3301153864397,21.2,76.2324611882194));
#6724=CARTESIAN_POINT('',(13.9344810928835,21.2,74.611725066088));
#6725=CARTESIAN_POINT('Ctrl Pts',(13.9344810928835,21.2,74.611725066088));
#6726=CARTESIAN_POINT('Ctrl Pts',(13.9175489144372,21.2,74.8341458141091));
#6727=CARTESIAN_POINT('Ctrl Pts',(13.884502683493,21.2,75.2682404245113));
#6728=CARTESIAN_POINT('Ctrl Pts',(13.6136307555547,21.2,75.6082680708307));
#6729=CARTESIAN_POINT('Ctrl Pts',(13.4815477814211,21.2,75.7740728596671));
#6730=CARTESIAN_POINT('',(13.7216567482485,21.2,73.7658874730094));
#6731=CARTESIAN_POINT('Ctrl Pts',(13.7216567482485,21.2,73.7658874730094));
#6732=CARTESIAN_POINT('Ctrl Pts',(13.7837299956202,21.2,73.8996221995447));
#6733=CARTESIAN_POINT('Ctrl Pts',(13.9083185544114,21.2,74.1680440647581));
#6734=CARTESIAN_POINT('Ctrl Pts',(13.925739642275,21.2,74.4634819755639));
#6735=CARTESIAN_POINT('Ctrl Pts',(13.9344810928835,21.2,74.611725066088));
#6736=CARTESIAN_POINT('',(13.1104695286287,21.2,73.1710712651237));
#6737=CARTESIAN_POINT('Ctrl Pts',(13.1104695286287,21.2,73.1710712651237));
#6738=CARTESIAN_POINT('Ctrl Pts',(13.2343283020827,21.2,73.2466343553789));
#6739=CARTESIAN_POINT('Ctrl Pts',(13.4831949163583,21.2,73.398461552691));
#6740=CARTESIAN_POINT('Ctrl Pts',(13.6419251744098,21.2,73.643035750099));
#6741=CARTESIAN_POINT('Ctrl Pts',(13.7216567482485,21.2,73.7658874730094));
#6742=CARTESIAN_POINT('',(12.2973727669252,21.2,72.9746191243156));
#6743=CARTESIAN_POINT('Ctrl Pts',(12.2973727669252,21.2,72.9746191243156));
#6744=CARTESIAN_POINT('Ctrl Pts',(12.4370392418935,21.2,72.983175054393));
#6745=CARTESIAN_POINT('Ctrl Pts',(12.7196407548826,21.2,73.0004871458271));
#6746=CARTESIAN_POINT('Ctrl Pts',(12.9791926136317,21.2,73.1137731375726));
#6747=CARTESIAN_POINT('Ctrl Pts',(13.1104695286287,21.2,73.1710712651237));
#6748=CARTESIAN_POINT('Ctrl Pts',(11.151397177173,21.2,73.427552435778));
#6749=CARTESIAN_POINT('Ctrl Pts',(11.3157582715787,21.2,73.2954597148055));
#6750=CARTESIAN_POINT('Ctrl Pts',(11.6505639660373,21.2,73.02638511818));
#6751=CARTESIAN_POINT('Ctrl Pts',(12.079173849328,21.2,72.9920822197683));
#6752=CARTESIAN_POINT('Ctrl Pts',(12.2973727669252,21.2,72.9746191243156));
#6753=CARTESIAN_POINT('',(7.38059277196063,21.2,74.5953552464469));
#6754=CARTESIAN_POINT('',(7.74075622220172,21.2,73.6622040013297));
#6755=CARTESIAN_POINT('Ctrl Pts',(7.38059277196063,21.2,74.5953552464469));
#6756=CARTESIAN_POINT('Ctrl Pts',(7.39415141648802,21.2,74.4174728580716));
#6757=CARTESIAN_POINT('Ctrl Pts',(7.42065146728772,21.2,74.0698059272957));
#6758=CARTESIAN_POINT('Ctrl Pts',(7.6357244614461,21.2,73.7959450573884));
#6759=CARTESIAN_POINT('Ctrl Pts',(7.74075622220172,21.2,73.6622040013297));
#6760=CARTESIAN_POINT('',(7.75167042870654,21.2,75.5230514744742));
#6761=CARTESIAN_POINT('Ctrl Pts',(7.75167042870654,21.2,75.5230514744742));
#6762=CARTESIAN_POINT('Ctrl Pts',(7.64344783848961,21.2,75.3901403871659));
#6763=CARTESIAN_POINT('Ctrl Pts',(7.42336306068502,21.2,75.1198483246732));
#6764=CARTESIAN_POINT('Ctrl Pts',(7.39500585163681,21.2,74.7721031888046));
#6765=CARTESIAN_POINT('Ctrl Pts',(7.38059277196063,21.2,74.5953552464469));
#6766=CARTESIAN_POINT('',(8.65753705163135,21.2,75.8995811680778));
#6767=CARTESIAN_POINT('Ctrl Pts',(8.65753705163135,21.2,75.8995811680778));
#6768=CARTESIAN_POINT('Ctrl Pts',(8.48523771546065,21.2,75.8844109794713));
#6769=CARTESIAN_POINT('Ctrl Pts',(8.14342899323234,21.2,75.8543162449309));
#6770=CARTESIAN_POINT('Ctrl Pts',(7.88154408794031,21.2,75.6328705615605));
#6771=CARTESIAN_POINT('Ctrl Pts',(7.75167042870654,21.2,75.5230514744742));
#6772=CARTESIAN_POINT('',(9.53611786027087,21.2,75.5339615086539));
#6773=CARTESIAN_POINT('Ctrl Pts',(9.53611786027087,21.2,75.5339615086539));
#6774=CARTESIAN_POINT('Ctrl Pts',(9.40922582389317,21.2,75.6406003315643));
#6775=CARTESIAN_POINT('Ctrl Pts',(9.15471988176606,21.2,75.8544846293254));
#6776=CARTESIAN_POINT('Ctrl Pts',(8.8235777406393,21.2,75.884520590937));
#6777=CARTESIAN_POINT('Ctrl Pts',(8.65753705163135,21.2,75.8995811680778));
#6778=CARTESIAN_POINT('',(9.89082450528278,21.2,74.6062700489982));
#6779=CARTESIAN_POINT('Ctrl Pts',(9.89082450528278,21.2,74.6062700489982));
#6780=CARTESIAN_POINT('Ctrl Pts',(9.87805539008592,21.2,74.7847123659669));
#6781=CARTESIAN_POINT('Ctrl Pts',(9.85331818289094,21.2,75.13040308135));
#6782=CARTESIAN_POINT('Ctrl Pts',(9.63954387031319,21.2,75.4023776640657));
#6783=CARTESIAN_POINT('Ctrl Pts',(9.53611786027087,21.2,75.5339615086539));
#6784=CARTESIAN_POINT('',(9.53066105504169,21.2,73.6567442158683));
#6785=CARTESIAN_POINT('Ctrl Pts',(9.53066105504169,21.2,73.6567442158683));
#6786=CARTESIAN_POINT('Ctrl Pts',(9.63567084950422,21.2,73.7910043500269));
#6787=CARTESIAN_POINT('Ctrl Pts',(9.85355408729875,21.2,74.0695786762309));
#6788=CARTESIAN_POINT('Ctrl Pts',(9.87810566798536,21.2,74.4231196949539));
#6789=CARTESIAN_POINT('Ctrl Pts',(9.89082450528278,21.2,74.6062700489982));
#6790=CARTESIAN_POINT('',(8.60296661515369,21.2,73.2911245564445));
#6791=CARTESIAN_POINT('Ctrl Pts',(8.60296661515369,21.2,73.2911245564445));
#6792=CARTESIAN_POINT('Ctrl Pts',(8.78169251142428,21.2,73.3045599388912));
#6793=CARTESIAN_POINT('Ctrl Pts',(9.12931228891561,21.2,73.3306916005815));
#6794=CARTESIAN_POINT('Ctrl Pts',(9.39942473690983,21.2,73.5501288519779));
#6795=CARTESIAN_POINT('Ctrl Pts',(9.53066105504169,21.2,73.6567442158683));
#6796=CARTESIAN_POINT('Ctrl Pts',(7.74075622220172,21.2,73.6622040013297));
#6797=CARTESIAN_POINT('Ctrl Pts',(7.86601357302624,21.2,73.5539764662358));
#6798=CARTESIAN_POINT('Ctrl Pts',(8.11445507596785,21.2,73.339312725534));
#6799=CARTESIAN_POINT('Ctrl Pts',(8.441037859873,21.2,73.3070976699003));
#6800=CARTESIAN_POINT('Ctrl Pts',(8.60296661515369,21.2,73.2911245564445));
#6801=CARTESIAN_POINT('Ctrl Pts',(12.291915961696,21.2,71.9650690297111));
#6802=CARTESIAN_POINT('Ctrl Pts',(12.291915961696,20.2,71.9650690297111));
#6803=CARTESIAN_POINT('Ctrl Pts',(12.0470692107082,21.2,71.9781168061764));
#6804=CARTESIAN_POINT('Ctrl Pts',(12.0470692107082,20.2,71.9781168061764));
#6805=CARTESIAN_POINT('Ctrl Pts',(11.5794708118942,21.2,72.0030349207059));
#6806=CARTESIAN_POINT('Ctrl Pts',(11.5794708118942,20.2,72.0030349207059));
#6807=CARTESIAN_POINT('Ctrl Pts',(11.1786348356315,21.2,72.2434471926249));
#6808=CARTESIAN_POINT('Ctrl Pts',(11.1786348356315,20.2,72.2434471926249));
#6809=CARTESIAN_POINT('Ctrl Pts',(10.9876870598329,21.2,72.3579733113273));
#6810=CARTESIAN_POINT('Ctrl Pts',(10.9876870598329,20.2,72.3579733113273));
#6811=CARTESIAN_POINT('',(10.9876870598329,20.2,72.3579733113273));
#6812=CARTESIAN_POINT('',(10.9876870598329,20.2,72.3579733113273));
#6813=CARTESIAN_POINT('',(12.291915961696,20.2,71.9650690297111));
#6814=CARTESIAN_POINT('Ctrl Pts',(12.291915961696,20.2,71.9650690297111));
#6815=CARTESIAN_POINT('Ctrl Pts',(12.0470692107082,20.2,71.9781168061764));
#6816=CARTESIAN_POINT('Ctrl Pts',(11.5794708118942,20.2,72.0030349207059));
#6817=CARTESIAN_POINT('Ctrl Pts',(11.1786348356315,20.2,72.2434471926249));
#6818=CARTESIAN_POINT('Ctrl Pts',(10.9876870598329,20.2,72.3579733113273));
#6819=CARTESIAN_POINT('',(12.291915961696,20.2,71.9650690297111));
#6820=CARTESIAN_POINT('Ctrl Pts',(14.0436207737459,21.2,72.6908533314689));
#6821=CARTESIAN_POINT('Ctrl Pts',(14.0436207737459,20.2,72.6908533314689));
#6822=CARTESIAN_POINT('Ctrl Pts',(13.7929220469631,21.2,72.479172285873));
#6823=CARTESIAN_POINT('Ctrl Pts',(13.7929220469631,20.2,72.479172285873));
#6824=CARTESIAN_POINT('Ctrl Pts',(13.2864368007823,21.2,72.0515142444209));
#6825=CARTESIAN_POINT('Ctrl Pts',(13.2864368007823,20.2,72.0515142444209));
#6826=CARTESIAN_POINT('Ctrl Pts',(12.625635555397,21.2,71.9940764278435));
#6827=CARTESIAN_POINT('Ctrl Pts',(12.625635555397,20.2,71.9940764278435));
#6828=CARTESIAN_POINT('Ctrl Pts',(12.291915961696,21.2,71.9650690297111));
#6829=CARTESIAN_POINT('Ctrl Pts',(12.291915961696,20.2,71.9650690297111));
#6830=CARTESIAN_POINT('',(14.0436207737459,20.2,72.6908533314689));
#6831=CARTESIAN_POINT('Ctrl Pts',(14.0436207737459,20.2,72.6908533314689));
#6832=CARTESIAN_POINT('Ctrl Pts',(13.7929220469631,20.2,72.479172285873));
#6833=CARTESIAN_POINT('Ctrl Pts',(13.2864368007823,20.2,72.0515142444209));
#6834=CARTESIAN_POINT('Ctrl Pts',(12.625635555397,20.2,71.9940764278435));
#6835=CARTESIAN_POINT('Ctrl Pts',(12.291915961696,20.2,71.9650690297111));
#6836=CARTESIAN_POINT('',(14.0436207737459,20.2,72.6908533314689));
#6837=CARTESIAN_POINT('Ctrl Pts',(14.7421204533113,21.2,74.6008102635367));
#6838=CARTESIAN_POINT('Ctrl Pts',(14.7421204533113,20.2,74.6008102635367));
#6839=CARTESIAN_POINT('Ctrl Pts',(14.7186327964105,21.2,74.2312293884704));
#6840=CARTESIAN_POINT('Ctrl Pts',(14.7186327964105,20.2,74.2312293884704));
#6841=CARTESIAN_POINT('Ctrl Pts',(14.6736827542684,21.2,73.523935511553));
#6842=CARTESIAN_POINT('Ctrl Pts',(14.6736827542684,20.2,73.523935511553));
#6843=CARTESIAN_POINT('Ctrl Pts',(14.2472367758197,21.2,72.9600790079126));
#6844=CARTESIAN_POINT('Ctrl Pts',(14.2472367758197,20.2,72.9600790079126));
#6845=CARTESIAN_POINT('Ctrl Pts',(14.0436207737459,21.2,72.6908533314689));
#6846=CARTESIAN_POINT('Ctrl Pts',(14.0436207737459,20.2,72.6908533314689));
#6847=CARTESIAN_POINT('',(14.7421204533113,20.2,74.6008102635367));
#6848=CARTESIAN_POINT('Ctrl Pts',(14.7421204533113,20.2,74.6008102635367));
#6849=CARTESIAN_POINT('Ctrl Pts',(14.7186327964105,20.2,74.2312293884704));
#6850=CARTESIAN_POINT('Ctrl Pts',(14.6736827542684,20.2,73.523935511553));
#6851=CARTESIAN_POINT('Ctrl Pts',(14.2472367758197,20.2,72.9600790079126));
#6852=CARTESIAN_POINT('Ctrl Pts',(14.0436207737459,20.2,72.6908533314689));
#6853=CARTESIAN_POINT('',(14.7421204533113,20.2,74.6008102635367));
#6854=CARTESIAN_POINT('Ctrl Pts',(14.0436207737459,21.2,76.5107719639762));
#6855=CARTESIAN_POINT('Ctrl Pts',(14.0436207737459,20.2,76.5107719639762));
#6856=CARTESIAN_POINT('Ctrl Pts',(14.2472367858326,21.2,76.2415446596967));
#6857=CARTESIAN_POINT('Ctrl Pts',(14.2472367858326,20.2,76.2415446596967));
#6858=CARTESIAN_POINT('Ctrl Pts',(14.6736818747314,21.2,75.6776859506941));
#6859=CARTESIAN_POINT('Ctrl Pts',(14.6736818747314,20.2,75.6776859506941));
#6860=CARTESIAN_POINT('Ctrl Pts',(14.718632524654,21.2,74.9703909859546));
#6861=CARTESIAN_POINT('Ctrl Pts',(14.718632524654,20.2,74.9703909859546));
#6862=CARTESIAN_POINT('Ctrl Pts',(14.7421204533113,21.2,74.6008102635367));
#6863=CARTESIAN_POINT('Ctrl Pts',(14.7421204533113,20.2,74.6008102635367));
#6864=CARTESIAN_POINT('',(14.0436207737459,20.2,76.5107719639762));
#6865=CARTESIAN_POINT('Ctrl Pts',(14.0436207737459,20.2,76.5107719639762));
#6866=CARTESIAN_POINT('Ctrl Pts',(14.2472367858326,20.2,76.2415446596967));
#6867=CARTESIAN_POINT('Ctrl Pts',(14.6736818747314,20.2,75.6776859506941));
#6868=CARTESIAN_POINT('Ctrl Pts',(14.718632524654,20.2,74.9703909859546));
#6869=CARTESIAN_POINT('Ctrl Pts',(14.7421204533113,20.2,74.6008102635367));
#6870=CARTESIAN_POINT('',(14.0436207737459,20.2,76.5107719639762));
#6871=CARTESIAN_POINT('Ctrl Pts',(12.3192011799349,21.2,77.236556265734));
#6872=CARTESIAN_POINT('Ctrl Pts',(12.3192011799349,20.2,77.236556265734));
#6873=CARTESIAN_POINT('Ctrl Pts',(12.6469230963886,21.2,77.2069458370865));
#6874=CARTESIAN_POINT('Ctrl Pts',(12.6469230963886,20.2,77.2069458370865));
#6875=CARTESIAN_POINT('Ctrl Pts',(13.2989939991937,21.2,77.1480297317812));
#6876=CARTESIAN_POINT('Ctrl Pts',(13.2989939991937,20.2,77.1480297317812));
#6877=CARTESIAN_POINT('Ctrl Pts',(13.7962692580524,21.2,76.7224574420451));
#6878=CARTESIAN_POINT('Ctrl Pts',(13.7962692580524,20.2,76.7224574420451));
#6879=CARTESIAN_POINT('Ctrl Pts',(14.0436207737459,21.2,76.5107719639762));
#6880=CARTESIAN_POINT('Ctrl Pts',(14.0436207737459,20.2,76.5107719639762));
#6881=CARTESIAN_POINT('',(12.3192011799349,20.2,77.236556265734));
#6882=CARTESIAN_POINT('Ctrl Pts',(12.3192011799349,20.2,77.236556265734));
#6883=CARTESIAN_POINT('Ctrl Pts',(12.6469230963886,20.2,77.2069458370865));
#6884=CARTESIAN_POINT('Ctrl Pts',(13.2989939991937,20.2,77.1480297317812));
#6885=CARTESIAN_POINT('Ctrl Pts',(13.7962692580524,20.2,76.7224574420451));
#6886=CARTESIAN_POINT('Ctrl Pts',(14.0436207737459,20.2,76.5107719639762));
#6887=CARTESIAN_POINT('',(12.3192011799349,20.2,77.236556265734));
#6888=CARTESIAN_POINT('Ctrl Pts',(11.0422574963106,21.2,76.8491070012076));
#6889=CARTESIAN_POINT('Ctrl Pts',(11.0422574963106,20.2,76.8491070012076));
#6890=CARTESIAN_POINT('Ctrl Pts',(11.2328223930737,21.2,76.9620833777157));
#6891=CARTESIAN_POINT('Ctrl Pts',(11.2328223930737,20.2,76.9620833777157));
#6892=CARTESIAN_POINT('Ctrl Pts',(11.6262996318014,21.2,77.1953563121592));
#6893=CARTESIAN_POINT('Ctrl Pts',(11.6262996318014,20.2,77.1953563121592));
#6894=CARTESIAN_POINT('Ctrl Pts',(12.0834521319394,21.2,77.222538617976));
#6895=CARTESIAN_POINT('Ctrl Pts',(12.0834521319394,20.2,77.222538617976));
#6896=CARTESIAN_POINT('Ctrl Pts',(12.3192011799349,21.2,77.236556265734));
#6897=CARTESIAN_POINT('Ctrl Pts',(12.3192011799349,20.2,77.236556265734));
#6898=CARTESIAN_POINT('',(11.0422574963106,20.2,76.8491070012076));
#6899=CARTESIAN_POINT('Ctrl Pts',(11.0422574963106,20.2,76.8491070012076));
#6900=CARTESIAN_POINT('Ctrl Pts',(11.2328223930737,20.2,76.9620833777157));
#6901=CARTESIAN_POINT('Ctrl Pts',(11.6262996318014,20.2,77.1953563121592));
#6902=CARTESIAN_POINT('Ctrl Pts',(12.0834521319394,20.2,77.222538617976));
#6903=CARTESIAN_POINT('Ctrl Pts',(12.3192011799349,20.2,77.236556265734));
#6904=CARTESIAN_POINT('',(11.0422574963106,20.2,76.8491070012076));
#6905=CARTESIAN_POINT('Ctrl Pts',(10.2673595633043,21.2,75.7304184178336));
#6906=CARTESIAN_POINT('Ctrl Pts',(10.2673595633043,20.2,75.7304184178336));
#6907=CARTESIAN_POINT('Ctrl Pts',(10.3554100763025,21.2,75.9580626486501));
#6908=CARTESIAN_POINT('Ctrl Pts',(10.3554100763025,20.2,75.9580626486501));
#6909=CARTESIAN_POINT('Ctrl Pts',(10.5240406621702,21.2,76.394037167195));
#6910=CARTESIAN_POINT('Ctrl Pts',(10.5240406621702,20.2,76.394037167195));
#6911=CARTESIAN_POINT('Ctrl Pts',(10.8746966445041,21.2,76.701964176052));
#6912=CARTESIAN_POINT('Ctrl Pts',(10.8746966445041,20.2,76.701964176052));
#6913=CARTESIAN_POINT('Ctrl Pts',(11.0422574963106,21.2,76.8491070012076));
#6914=CARTESIAN_POINT('Ctrl Pts',(11.0422574963106,20.2,76.8491070012076));
#6915=CARTESIAN_POINT('',(10.2673595633043,20.2,75.7304184178336));
#6916=CARTESIAN_POINT('Ctrl Pts',(10.2673595633043,20.2,75.7304184178336));
#6917=CARTESIAN_POINT('Ctrl Pts',(10.3554100763025,20.2,75.9580626486501));
#6918=CARTESIAN_POINT('Ctrl Pts',(10.5240406621702,20.2,76.394037167195));
#6919=CARTESIAN_POINT('Ctrl Pts',(10.8746966445041,20.2,76.701964176052));
#6920=CARTESIAN_POINT('Ctrl Pts',(11.0422574963106,20.2,76.8491070012076));
#6921=CARTESIAN_POINT('',(10.2673595633043,20.2,75.7304184178336));
#6922=CARTESIAN_POINT('Ctrl Pts',(9.63434452672137,21.2,76.6144554356559));
#6923=CARTESIAN_POINT('Ctrl Pts',(9.63434452672137,20.2,76.6144554356559));
#6924=CARTESIAN_POINT('Ctrl Pts',(9.76505607432419,21.2,76.4997042148399));
#6925=CARTESIAN_POINT('Ctrl Pts',(9.76505607432419,20.2,76.4997042148399));
#6926=CARTESIAN_POINT('Ctrl Pts',(10.044096726586,21.2,76.254735380092));
#6927=CARTESIAN_POINT('Ctrl Pts',(10.044096726586,20.2,76.254735380092));
#6928=CARTESIAN_POINT('Ctrl Pts',(10.1898707467988,21.2,75.9123954162288));
#6929=CARTESIAN_POINT('Ctrl Pts',(10.1898707467988,20.2,75.9123954162288));
#6930=CARTESIAN_POINT('Ctrl Pts',(10.2673595633043,21.2,75.7304184178336));
#6931=CARTESIAN_POINT('Ctrl Pts',(10.2673595633043,20.2,75.7304184178336));
#6932=CARTESIAN_POINT('',(9.63434452672137,20.2,76.6144554356559));
#6933=CARTESIAN_POINT('Ctrl Pts',(9.63434452672137,20.2,76.6144554356559));
#6934=CARTESIAN_POINT('Ctrl Pts',(9.76505607432419,20.2,76.4997042148399));
#6935=CARTESIAN_POINT('Ctrl Pts',(10.044096726586,20.2,76.254735380092));
#6936=CARTESIAN_POINT('Ctrl Pts',(10.1898707467988,20.2,75.9123954162288));
#6937=CARTESIAN_POINT('Ctrl Pts',(10.2673595633043,20.2,75.7304184178336));
#6938=CARTESIAN_POINT('',(9.63434452672137,20.2,76.6144554356559));
#6939=CARTESIAN_POINT('Ctrl Pts',(8.66299385686053,21.2,76.9091312626823));
#6940=CARTESIAN_POINT('Ctrl Pts',(8.66299385686053,20.2,76.9091312626823));
#6941=CARTESIAN_POINT('Ctrl Pts',(8.84086370016069,21.2,76.8980832453605));
#6942=CARTESIAN_POINT('Ctrl Pts',(8.84086370016069,20.2,76.8980832453605));
#6943=CARTESIAN_POINT('Ctrl Pts',(9.1882223619927,21.2,76.8765077807309));
#6944=CARTESIAN_POINT('Ctrl Pts',(9.1882223619927,20.2,76.8765077807309));
#6945=CARTESIAN_POINT('Ctrl Pts',(9.48804852743063,21.2,76.7003897664743));
#6946=CARTESIAN_POINT('Ctrl Pts',(9.48804852743063,20.2,76.7003897664743));
#6947=CARTESIAN_POINT('Ctrl Pts',(9.63434452672137,21.2,76.6144554356559));
#6948=CARTESIAN_POINT('Ctrl Pts',(9.63434452672137,20.2,76.6144554356559));
#6949=CARTESIAN_POINT('',(8.66299385686053,20.2,76.9091312626823));
#6950=CARTESIAN_POINT('Ctrl Pts',(8.66299385686053,20.2,76.9091312626823));
#6951=CARTESIAN_POINT('Ctrl Pts',(8.84086370016069,20.2,76.8980832453605));
#6952=CARTESIAN_POINT('Ctrl Pts',(9.1882223619927,20.2,76.8765077807309));
#6953=CARTESIAN_POINT('Ctrl Pts',(9.48804852743063,20.2,76.7003897664743));
#6954=CARTESIAN_POINT('Ctrl Pts',(9.63434452672137,20.2,76.6144554356559));
#6955=CARTESIAN_POINT('',(8.66299385686053,20.2,76.9091312626823));
#6956=CARTESIAN_POINT('Ctrl Pts',(7.18414003510608,21.2,76.270660612963));
#6957=CARTESIAN_POINT('Ctrl Pts',(7.18414003510608,20.2,76.270660612963));
#6958=CARTESIAN_POINT('Ctrl Pts',(7.39686277321832,21.2,76.4568815462501));
#6959=CARTESIAN_POINT('Ctrl Pts',(7.39686277321832,20.2,76.4568815462501));
#6960=CARTESIAN_POINT('Ctrl Pts',(7.82135339095397,21.2,76.8284875142243));
#6961=CARTESIAN_POINT('Ctrl Pts',(7.82135339095397,20.2,76.8284875142243));
#6962=CARTESIAN_POINT('Ctrl Pts',(8.38286806269026,21.2,76.8822903549589));
#6963=CARTESIAN_POINT('Ctrl Pts',(8.38286806269026,20.2,76.8822903549589));
#6964=CARTESIAN_POINT('Ctrl Pts',(8.66299385686053,21.2,76.9091312626823));
#6965=CARTESIAN_POINT('Ctrl Pts',(8.66299385686053,20.2,76.9091312626823));
#6966=CARTESIAN_POINT('',(7.18414003510608,20.2,76.270660612963));
#6967=CARTESIAN_POINT('Ctrl Pts',(7.18414003510608,20.2,76.270660612963));
#6968=CARTESIAN_POINT('Ctrl Pts',(7.39686277321832,20.2,76.4568815462501));
#6969=CARTESIAN_POINT('Ctrl Pts',(7.82135339095397,20.2,76.8284875142243));
#6970=CARTESIAN_POINT('Ctrl Pts',(8.38286806269026,20.2,76.8822903549589));
#6971=CARTESIAN_POINT('Ctrl Pts',(8.66299385686053,20.2,76.9091312626823));
#6972=CARTESIAN_POINT('',(7.18414003510608,20.2,76.270660612963));
#6973=CARTESIAN_POINT('Ctrl Pts',(6.57295281548633,21.2,74.5844404438956));
#6974=CARTESIAN_POINT('Ctrl Pts',(6.57295281548633,20.2,74.5844404438956));
#6975=CARTESIAN_POINT('Ctrl Pts',(6.59323878346752,21.2,74.9110203081394));
#6976=CARTESIAN_POINT('Ctrl Pts',(6.59323878346752,20.2,74.9110203081394));
#6977=CARTESIAN_POINT('Ctrl Pts',(6.63197734601199,21.2,75.5346649135384));
#6978=CARTESIAN_POINT('Ctrl Pts',(6.63197734601199,20.2,75.5346649135384));
#6979=CARTESIAN_POINT('Ctrl Pts',(7.00598602056806,21.2,76.0331933028296));
#6980=CARTESIAN_POINT('Ctrl Pts',(7.00598602056806,20.2,76.0331933028296));
#6981=CARTESIAN_POINT('Ctrl Pts',(7.18414003510608,21.2,76.270660612963));
#6982=CARTESIAN_POINT('Ctrl Pts',(7.18414003510608,20.2,76.270660612963));
#6983=CARTESIAN_POINT('',(6.57295281548633,20.2,74.5844404438956));
#6984=CARTESIAN_POINT('Ctrl Pts',(6.57295281548633,20.2,74.5844404438956));
#6985=CARTESIAN_POINT('Ctrl Pts',(6.59323878346752,20.2,74.9110203081394));
#6986=CARTESIAN_POINT('Ctrl Pts',(6.63197734601199,20.2,75.5346649135384));
#6987=CARTESIAN_POINT('Ctrl Pts',(7.00598602056806,20.2,76.0331933028296));
#6988=CARTESIAN_POINT('Ctrl Pts',(7.18414003510608,20.2,76.270660612963));
#6989=CARTESIAN_POINT('',(6.57295281548633,20.2,74.5844404438956));
#6990=CARTESIAN_POINT('Ctrl Pts',(7.16776902337207,21.2,72.9145900944694));
#6991=CARTESIAN_POINT('Ctrl Pts',(7.16776902337207,20.2,72.9145900944694));
#6992=CARTESIAN_POINT('Ctrl Pts',(6.99440778916409,21.2,73.149267159462));
#6993=CARTESIAN_POINT('Ctrl Pts',(6.99440778916409,20.2,73.149267159462));
#6994=CARTESIAN_POINT('Ctrl Pts',(6.62871368228338,21.2,73.6443029734369));
#6995=CARTESIAN_POINT('Ctrl Pts',(6.62871368228338,20.2,73.6443029734369));
#6996=CARTESIAN_POINT('Ctrl Pts',(6.59217168497967,21.2,74.2604071139206));
#6997=CARTESIAN_POINT('Ctrl Pts',(6.59217168497967,20.2,74.2604071139206));
#6998=CARTESIAN_POINT('Ctrl Pts',(6.57295281548633,21.2,74.5844404438956));
#6999=CARTESIAN_POINT('Ctrl Pts',(6.57295281548633,20.2,74.5844404438956));
#7000=CARTESIAN_POINT('',(7.16776902337207,20.2,72.9145900944694));
#7001=CARTESIAN_POINT('Ctrl Pts',(7.16776902337207,20.2,72.9145900944694));
#7002=CARTESIAN_POINT('Ctrl Pts',(6.99440778916409,20.2,73.149267159462));
#7003=CARTESIAN_POINT('Ctrl Pts',(6.62871368228338,20.2,73.6443029734369));
#7004=CARTESIAN_POINT('Ctrl Pts',(6.59217168497967,20.2,74.2604071139206));
#7005=CARTESIAN_POINT('Ctrl Pts',(6.57295281548633,20.2,74.5844404438956));
#7006=CARTESIAN_POINT('',(7.16776902337207,20.2,72.9145900944694));
#7007=CARTESIAN_POINT('Ctrl Pts',(8.6357086386217,21.2,72.2870342473014));
#7008=CARTESIAN_POINT('Ctrl Pts',(8.6357086386217,20.2,72.2870342473014));
#7009=CARTESIAN_POINT('Ctrl Pts',(8.35653869313178,21.2,72.3128926394888));
#7010=CARTESIAN_POINT('Ctrl Pts',(8.35653869313178,20.2,72.3128926394888));
#7011=CARTESIAN_POINT('Ctrl Pts',(7.79973502062631,21.2,72.3644671301087));
#7012=CARTESIAN_POINT('Ctrl Pts',(7.79973502062631,20.2,72.3644671301087));
#7013=CARTESIAN_POINT('Ctrl Pts',(7.37803653447057,21.2,72.7315533693658));
#7014=CARTESIAN_POINT('Ctrl Pts',(7.37803653447057,20.2,72.7315533693658));
#7015=CARTESIAN_POINT('Ctrl Pts',(7.16776902337207,21.2,72.9145900944694));
#7016=CARTESIAN_POINT('Ctrl Pts',(7.16776902337207,20.2,72.9145900944694));
#7017=CARTESIAN_POINT('',(8.6357086386217,20.2,72.2870342473014));
#7018=CARTESIAN_POINT('Ctrl Pts',(8.6357086386217,20.2,72.2870342473014));
#7019=CARTESIAN_POINT('Ctrl Pts',(8.35653869313178,20.2,72.3128926394888));
#7020=CARTESIAN_POINT('Ctrl Pts',(7.79973502062631,20.2,72.3644671301087));
#7021=CARTESIAN_POINT('Ctrl Pts',(7.37803653447057,20.2,72.7315533693658));
#7022=CARTESIAN_POINT('Ctrl Pts',(7.16776902337207,20.2,72.9145900944694));
#7023=CARTESIAN_POINT('',(8.6357086386217,20.2,72.2870342473014));
#7024=CARTESIAN_POINT('Ctrl Pts',(9.62888712544574,21.2,72.5817100743278));
#7025=CARTESIAN_POINT('Ctrl Pts',(9.62888712544574,20.2,72.5817100743278));
#7026=CARTESIAN_POINT('Ctrl Pts',(9.48070753605093,21.2,72.4957922602046));
#7027=CARTESIAN_POINT('Ctrl Pts',(9.48070753605093,20.2,72.4957922602046));
#7028=CARTESIAN_POINT('Ctrl Pts',(9.17378172948919,21.2,72.3178298666962));
#7029=CARTESIAN_POINT('Ctrl Pts',(9.17378172948919,20.2,72.3178298666962));
#7030=CARTESIAN_POINT('Ctrl Pts',(8.81913616568376,21.2,72.2975323829744));
#7031=CARTESIAN_POINT('Ctrl Pts',(8.81913616568376,20.2,72.2975323829744));
#7032=CARTESIAN_POINT('Ctrl Pts',(8.6357086386217,21.2,72.2870342473014));
#7033=CARTESIAN_POINT('Ctrl Pts',(8.6357086386217,20.2,72.2870342473014));
#7034=CARTESIAN_POINT('',(9.62888712544574,20.2,72.5817100743278));
#7035=CARTESIAN_POINT('Ctrl Pts',(9.62888712544574,20.2,72.5817100743278));
#7036=CARTESIAN_POINT('Ctrl Pts',(9.48070753605093,20.2,72.4957922602046));
#7037=CARTESIAN_POINT('Ctrl Pts',(9.17378172948919,20.2,72.3178298666962));
#7038=CARTESIAN_POINT('Ctrl Pts',(8.81913616568376,20.2,72.2975323829744));
#7039=CARTESIAN_POINT('Ctrl Pts',(8.6357086386217,20.2,72.2870342473014));
#7040=CARTESIAN_POINT('',(9.62888712544574,20.2,72.5817100743278));
#7041=CARTESIAN_POINT('Ctrl Pts',(10.2673595633043,21.2,73.4875766972526));
#7042=CARTESIAN_POINT('Ctrl Pts',(10.2673595633043,20.2,73.4875766972526));
#7043=CARTESIAN_POINT('Ctrl Pts',(10.1899142402826,21.2,73.3008273909319));
#7044=CARTESIAN_POINT('Ctrl Pts',(10.1899142402826,20.2,73.3008273909319));
#7045=CARTESIAN_POINT('Ctrl Pts',(10.0445506816989,21.2,72.9503021084408));
#7046=CARTESIAN_POINT('Ctrl Pts',(10.0445506816989,20.2,72.9503021084408));
#7047=CARTESIAN_POINT('Ctrl Pts',(9.76125255045166,21.2,72.6990858714483));
#7048=CARTESIAN_POINT('Ctrl Pts',(9.76125255045166,20.2,72.6990858714483));
#7049=CARTESIAN_POINT('Ctrl Pts',(9.62888712544574,21.2,72.5817100743278));
#7050=CARTESIAN_POINT('Ctrl Pts',(9.62888712544574,20.2,72.5817100743278));
#7051=CARTESIAN_POINT('',(10.2673595633043,20.2,73.4875766972526));
#7052=CARTESIAN_POINT('Ctrl Pts',(10.2673595633043,20.2,73.4875766972526));
#7053=CARTESIAN_POINT('Ctrl Pts',(10.1899142402826,20.2,73.3008273909319));
#7054=CARTESIAN_POINT('Ctrl Pts',(10.0445506816989,20.2,72.9503021084408));
#7055=CARTESIAN_POINT('Ctrl Pts',(9.76125255045166,20.2,72.6990858714483));
#7056=CARTESIAN_POINT('Ctrl Pts',(9.62888712544574,20.2,72.5817100743278));
#7057=CARTESIAN_POINT('',(10.2673595633043,20.2,73.4875766972526));
#7058=CARTESIAN_POINT('Ctrl Pts',(10.9876870598329,21.2,72.3579733113273));
#7059=CARTESIAN_POINT('Ctrl Pts',(10.9876870598329,20.2,72.3579733113273));
#7060=CARTESIAN_POINT('Ctrl Pts',(10.8243146853631,21.2,72.5087243582598));
#7061=CARTESIAN_POINT('Ctrl Pts',(10.8243146853631,20.2,72.5087243582598));
#7062=CARTESIAN_POINT('Ctrl Pts',(10.4854446543026,21.2,72.8214149959654));
#7063=CARTESIAN_POINT('Ctrl Pts',(10.4854446543026,20.2,72.8214149959654));
#7064=CARTESIAN_POINT('Ctrl Pts',(10.341768246677,21.2,73.2602882802445));
#7065=CARTESIAN_POINT('Ctrl Pts',(10.341768246677,20.2,73.2602882802445));
#7066=CARTESIAN_POINT('Ctrl Pts',(10.2673595633043,21.2,73.4875766972526));
#7067=CARTESIAN_POINT('Ctrl Pts',(10.2673595633043,20.2,73.4875766972526));
#7068=CARTESIAN_POINT('Ctrl Pts',(10.9876870598329,20.2,72.3579733113273));
#7069=CARTESIAN_POINT('Ctrl Pts',(10.8243146853631,20.2,72.5087243582598));
#7070=CARTESIAN_POINT('Ctrl Pts',(10.4854446543026,20.2,72.8214149959654));
#7071=CARTESIAN_POINT('Ctrl Pts',(10.341768246677,20.2,73.2602882802445));
#7072=CARTESIAN_POINT('Ctrl Pts',(10.2673595633043,20.2,73.4875766972526));
#7073=CARTESIAN_POINT('Ctrl Pts',(10.6930076565279,21.2,74.5789854268058));
#7074=CARTESIAN_POINT('Ctrl Pts',(10.6930076565279,20.2,74.5789854268058));
#7075=CARTESIAN_POINT('Ctrl Pts',(10.7106334902774,21.2,74.3592427585614));
#7076=CARTESIAN_POINT('Ctrl Pts',(10.7106334902774,20.2,74.3592427585614));
#7077=CARTESIAN_POINT('Ctrl Pts',(10.7452363316083,21.2,73.9278463894055));
#7078=CARTESIAN_POINT('Ctrl Pts',(10.7452363316083,20.2,73.9278463894055));
#7079=CARTESIAN_POINT('Ctrl Pts',(11.0177132696041,21.2,73.5922193439362));
#7080=CARTESIAN_POINT('Ctrl Pts',(11.0177132696041,20.2,73.5922193439362));
#7081=CARTESIAN_POINT('Ctrl Pts',(11.151397177173,21.2,73.427552435778));
#7082=CARTESIAN_POINT('Ctrl Pts',(11.151397177173,20.2,73.427552435778));
#7083=CARTESIAN_POINT('',(11.151397177173,20.2,73.427552435778));
#7084=CARTESIAN_POINT('',(11.151397177173,20.2,73.427552435778));
#7085=CARTESIAN_POINT('',(10.6930076565279,20.2,74.5789854268058));
#7086=CARTESIAN_POINT('Ctrl Pts',(10.6930076565279,20.2,74.5789854268058));
#7087=CARTESIAN_POINT('Ctrl Pts',(10.7106334902774,20.2,74.3592427585614));
#7088=CARTESIAN_POINT('Ctrl Pts',(10.7452363316083,20.2,73.9278463894055));
#7089=CARTESIAN_POINT('Ctrl Pts',(11.0177132696041,20.2,73.5922193439362));
#7090=CARTESIAN_POINT('Ctrl Pts',(11.151397177173,20.2,73.427552435778));
#7091=CARTESIAN_POINT('',(10.6930076565279,20.2,74.5789854268058));
#7092=CARTESIAN_POINT('Ctrl Pts',(11.1568545784487,21.2,75.757703040026));
#7093=CARTESIAN_POINT('Ctrl Pts',(11.1568545784487,20.2,75.757703040026));
#7094=CARTESIAN_POINT('Ctrl Pts',(11.0215816425828,21.2,75.5889513473992));
#7095=CARTESIAN_POINT('Ctrl Pts',(11.0215816425828,20.2,75.5889513473992));
#7096=CARTESIAN_POINT('Ctrl Pts',(10.7454316134793,21.2,75.2444568294689));
#7097=CARTESIAN_POINT('Ctrl Pts',(10.7454316134793,20.2,75.2444568294689));
#7098=CARTESIAN_POINT('Ctrl Pts',(10.7107171393785,21.2,74.8037901740693));
#7099=CARTESIAN_POINT('Ctrl Pts',(10.7107171393785,20.2,74.8037901740693));
#7100=CARTESIAN_POINT('Ctrl Pts',(10.6930076565279,21.2,74.5789854268058));
#7101=CARTESIAN_POINT('Ctrl Pts',(10.6930076565279,20.2,74.5789854268058));
#7102=CARTESIAN_POINT('',(11.1568545784487,20.2,75.757703040026));
#7103=CARTESIAN_POINT('Ctrl Pts',(11.1568545784487,20.2,75.757703040026));
#7104=CARTESIAN_POINT('Ctrl Pts',(11.0215816425828,20.2,75.5889513473992));
#7105=CARTESIAN_POINT('Ctrl Pts',(10.7454316134793,20.2,75.2444568294689));
#7106=CARTESIAN_POINT('Ctrl Pts',(10.7107171393785,20.2,74.8037901740693));
#7107=CARTESIAN_POINT('Ctrl Pts',(10.6930076565279,20.2,74.5789854268058));
#7108=CARTESIAN_POINT('',(11.1568545784487,20.2,75.757703040026));
#7109=CARTESIAN_POINT('Ctrl Pts',(12.3301153864397,21.2,76.2324611882194));
#7110=CARTESIAN_POINT('Ctrl Pts',(12.3301153864397,20.2,76.2324611882194));
#7111=CARTESIAN_POINT('Ctrl Pts',(12.1053882150852,21.2,76.2142033209516));
#7112=CARTESIAN_POINT('Ctrl Pts',(12.1053882150852,20.2,76.2142033209516));
#7113=CARTESIAN_POINT('Ctrl Pts',(11.6642060043941,21.2,76.178359652404));
#7114=CARTESIAN_POINT('Ctrl Pts',(11.6642060043941,20.2,76.178359652404));
#7115=CARTESIAN_POINT('Ctrl Pts',(11.3238444696932,21.2,75.8961581588254));
#7116=CARTESIAN_POINT('Ctrl Pts',(11.3238444696932,20.2,75.8961581588254));
#7117=CARTESIAN_POINT('Ctrl Pts',(11.1568545784487,21.2,75.757703040026));
#7118=CARTESIAN_POINT('Ctrl Pts',(11.1568545784487,20.2,75.757703040026));
#7119=CARTESIAN_POINT('',(12.3301153864397,20.2,76.2324611882194));
#7120=CARTESIAN_POINT('Ctrl Pts',(12.3301153864397,20.2,76.2324611882194));
#7121=CARTESIAN_POINT('Ctrl Pts',(12.1053882150852,20.2,76.2142033209516));
#7122=CARTESIAN_POINT('Ctrl Pts',(11.6642060043941,20.2,76.178359652404));
#7123=CARTESIAN_POINT('Ctrl Pts',(11.3238444696932,20.2,75.8961581588254));
#7124=CARTESIAN_POINT('Ctrl Pts',(11.1568545784487,20.2,75.757703040026));
#7125=CARTESIAN_POINT('',(12.3301153864397,20.2,76.2324611882194));
#7126=CARTESIAN_POINT('Ctrl Pts',(13.4815477814211,21.2,75.7740728596671));
#7127=CARTESIAN_POINT('Ctrl Pts',(13.4815477814211,20.2,75.7740728596671));
#7128=CARTESIAN_POINT('Ctrl Pts',(13.3178071718169,21.2,75.9077520409386));
#7129=CARTESIAN_POINT('Ctrl Pts',(13.3178071718169,20.2,75.9077520409386));
#7130=CARTESIAN_POINT('Ctrl Pts',(12.9827338668332,21.2,76.1813086447915));
#7131=CARTESIAN_POINT('Ctrl Pts',(12.9827338668332,20.2,76.1813086447915));
#7132=CARTESIAN_POINT('Ctrl Pts',(12.5509162521879,21.2,76.2151547125166));
#7133=CARTESIAN_POINT('Ctrl Pts',(12.5509162521879,20.2,76.2151547125166));
#7134=CARTESIAN_POINT('Ctrl Pts',(12.3301153864397,21.2,76.2324611882194));
#7135=CARTESIAN_POINT('Ctrl Pts',(12.3301153864397,20.2,76.2324611882194));
#7136=CARTESIAN_POINT('',(13.4815477814211,20.2,75.7740728596671));
#7137=CARTESIAN_POINT('Ctrl Pts',(13.4815477814211,20.2,75.7740728596671));
#7138=CARTESIAN_POINT('Ctrl Pts',(13.3178071718169,20.2,75.9077520409386));
#7139=CARTESIAN_POINT('Ctrl Pts',(12.9827338668332,20.2,76.1813086447915));
#7140=CARTESIAN_POINT('Ctrl Pts',(12.5509162521879,20.2,76.2151547125166));
#7141=CARTESIAN_POINT('Ctrl Pts',(12.3301153864397,20.2,76.2324611882194));
#7142=CARTESIAN_POINT('',(13.4815477814211,20.2,75.7740728596671));
#7143=CARTESIAN_POINT('Ctrl Pts',(13.9344810928835,21.2,74.611725066088));
#7144=CARTESIAN_POINT('Ctrl Pts',(13.9344810928835,20.2,74.611725066088));
#7145=CARTESIAN_POINT('Ctrl Pts',(13.9175489144372,21.2,74.8341458141091));
#7146=CARTESIAN_POINT('Ctrl Pts',(13.9175489144372,20.2,74.8341458141091));
#7147=CARTESIAN_POINT('Ctrl Pts',(13.884502683493,21.2,75.2682404245113));
#7148=CARTESIAN_POINT('Ctrl Pts',(13.884502683493,20.2,75.2682404245113));
#7149=CARTESIAN_POINT('Ctrl Pts',(13.6136307555547,21.2,75.6082680708307));
#7150=CARTESIAN_POINT('Ctrl Pts',(13.6136307555547,20.2,75.6082680708307));
#7151=CARTESIAN_POINT('Ctrl Pts',(13.4815477814211,21.2,75.7740728596671));
#7152=CARTESIAN_POINT('Ctrl Pts',(13.4815477814211,20.2,75.7740728596671));
#7153=CARTESIAN_POINT('',(13.9344810928835,20.2,74.611725066088));
#7154=CARTESIAN_POINT('Ctrl Pts',(13.9344810928835,20.2,74.611725066088));
#7155=CARTESIAN_POINT('Ctrl Pts',(13.9175489144372,20.2,74.8341458141091));
#7156=CARTESIAN_POINT('Ctrl Pts',(13.884502683493,20.2,75.2682404245113));
#7157=CARTESIAN_POINT('Ctrl Pts',(13.6136307555547,20.2,75.6082680708307));
#7158=CARTESIAN_POINT('Ctrl Pts',(13.4815477814211,20.2,75.7740728596671));
#7159=CARTESIAN_POINT('',(13.9344810928835,20.2,74.611725066088));
#7160=CARTESIAN_POINT('Ctrl Pts',(13.7216567482485,21.2,73.7658874730094));
#7161=CARTESIAN_POINT('Ctrl Pts',(13.7216567482485,20.2,73.7658874730094));
#7162=CARTESIAN_POINT('Ctrl Pts',(13.7837299956202,21.2,73.8996221995447));
#7163=CARTESIAN_POINT('Ctrl Pts',(13.7837299956202,20.2,73.8996221995447));
#7164=CARTESIAN_POINT('Ctrl Pts',(13.9083185544114,21.2,74.1680440647581));
#7165=CARTESIAN_POINT('Ctrl Pts',(13.9083185544114,20.2,74.1680440647581));
#7166=CARTESIAN_POINT('Ctrl Pts',(13.925739642275,21.2,74.4634819755639));
#7167=CARTESIAN_POINT('Ctrl Pts',(13.925739642275,20.2,74.4634819755639));
#7168=CARTESIAN_POINT('Ctrl Pts',(13.9344810928835,21.2,74.611725066088));
#7169=CARTESIAN_POINT('Ctrl Pts',(13.9344810928835,20.2,74.611725066088));
#7170=CARTESIAN_POINT('',(13.7216567482485,20.2,73.7658874730094));
#7171=CARTESIAN_POINT('Ctrl Pts',(13.7216567482485,20.2,73.7658874730094));
#7172=CARTESIAN_POINT('Ctrl Pts',(13.7837299956202,20.2,73.8996221995447));
#7173=CARTESIAN_POINT('Ctrl Pts',(13.9083185544114,20.2,74.1680440647581));
#7174=CARTESIAN_POINT('Ctrl Pts',(13.925739642275,20.2,74.4634819755639));
#7175=CARTESIAN_POINT('Ctrl Pts',(13.9344810928835,20.2,74.611725066088));
#7176=CARTESIAN_POINT('',(13.7216567482485,20.2,73.7658874730094));
#7177=CARTESIAN_POINT('Ctrl Pts',(13.1104695286287,21.2,73.1710712651237));
#7178=CARTESIAN_POINT('Ctrl Pts',(13.1104695286287,20.2,73.1710712651237));
#7179=CARTESIAN_POINT('Ctrl Pts',(13.2343283020827,21.2,73.2466343553789));
#7180=CARTESIAN_POINT('Ctrl Pts',(13.2343283020827,20.2,73.2466343553789));
#7181=CARTESIAN_POINT('Ctrl Pts',(13.4831949163583,21.2,73.398461552691));
#7182=CARTESIAN_POINT('Ctrl Pts',(13.4831949163583,20.2,73.398461552691));
#7183=CARTESIAN_POINT('Ctrl Pts',(13.6419251744098,21.2,73.643035750099));
#7184=CARTESIAN_POINT('Ctrl Pts',(13.6419251744098,20.2,73.643035750099));
#7185=CARTESIAN_POINT('Ctrl Pts',(13.7216567482485,21.2,73.7658874730094));
#7186=CARTESIAN_POINT('Ctrl Pts',(13.7216567482485,20.2,73.7658874730094));
#7187=CARTESIAN_POINT('',(13.1104695286287,20.2,73.1710712651237));
#7188=CARTESIAN_POINT('Ctrl Pts',(13.1104695286287,20.2,73.1710712651237));
#7189=CARTESIAN_POINT('Ctrl Pts',(13.2343283020827,20.2,73.2466343553789));
#7190=CARTESIAN_POINT('Ctrl Pts',(13.4831949163583,20.2,73.398461552691));
#7191=CARTESIAN_POINT('Ctrl Pts',(13.6419251744098,20.2,73.643035750099));
#7192=CARTESIAN_POINT('Ctrl Pts',(13.7216567482485,20.2,73.7658874730094));
#7193=CARTESIAN_POINT('',(13.1104695286287,20.2,73.1710712651237));
#7194=CARTESIAN_POINT('Ctrl Pts',(12.2973727669252,21.2,72.9746191243156));
#7195=CARTESIAN_POINT('Ctrl Pts',(12.2973727669252,20.2,72.9746191243156));
#7196=CARTESIAN_POINT('Ctrl Pts',(12.4370392418935,21.2,72.983175054393));
#7197=CARTESIAN_POINT('Ctrl Pts',(12.4370392418935,20.2,72.983175054393));
#7198=CARTESIAN_POINT('Ctrl Pts',(12.7196407548826,21.2,73.0004871458271));
#7199=CARTESIAN_POINT('Ctrl Pts',(12.7196407548826,20.2,73.0004871458271));
#7200=CARTESIAN_POINT('Ctrl Pts',(12.9791926136317,21.2,73.1137731375726));
#7201=CARTESIAN_POINT('Ctrl Pts',(12.9791926136317,20.2,73.1137731375726));
#7202=CARTESIAN_POINT('Ctrl Pts',(13.1104695286287,21.2,73.1710712651237));
#7203=CARTESIAN_POINT('Ctrl Pts',(13.1104695286287,20.2,73.1710712651237));
#7204=CARTESIAN_POINT('',(12.2973727669252,20.2,72.9746191243156));
#7205=CARTESIAN_POINT('Ctrl Pts',(12.2973727669252,20.2,72.9746191243156));
#7206=CARTESIAN_POINT('Ctrl Pts',(12.4370392418935,20.2,72.983175054393));
#7207=CARTESIAN_POINT('Ctrl Pts',(12.7196407548826,20.2,73.0004871458271));
#7208=CARTESIAN_POINT('Ctrl Pts',(12.9791926136317,20.2,73.1137731375726));
#7209=CARTESIAN_POINT('Ctrl Pts',(13.1104695286287,20.2,73.1710712651237));
#7210=CARTESIAN_POINT('',(12.2973727669252,20.2,72.9746191243156));
#7211=CARTESIAN_POINT('Ctrl Pts',(11.151397177173,21.2,73.427552435778));
#7212=CARTESIAN_POINT('Ctrl Pts',(11.151397177173,20.2,73.427552435778));
#7213=CARTESIAN_POINT('Ctrl Pts',(11.3157582715787,21.2,73.2954597148055));
#7214=CARTESIAN_POINT('Ctrl Pts',(11.3157582715787,20.2,73.2954597148055));
#7215=CARTESIAN_POINT('Ctrl Pts',(11.6505639660373,21.2,73.02638511818));
#7216=CARTESIAN_POINT('Ctrl Pts',(11.6505639660373,20.2,73.02638511818));
#7217=CARTESIAN_POINT('Ctrl Pts',(12.079173849328,21.2,72.9920822197683));
#7218=CARTESIAN_POINT('Ctrl Pts',(12.079173849328,20.2,72.9920822197683));
#7219=CARTESIAN_POINT('Ctrl Pts',(12.2973727669252,21.2,72.9746191243156));
#7220=CARTESIAN_POINT('Ctrl Pts',(12.2973727669252,20.2,72.9746191243156));
#7221=CARTESIAN_POINT('Ctrl Pts',(11.151397177173,20.2,73.427552435778));
#7222=CARTESIAN_POINT('Ctrl Pts',(11.3157582715787,20.2,73.2954597148055));
#7223=CARTESIAN_POINT('Ctrl Pts',(11.6505639660373,20.2,73.02638511818));
#7224=CARTESIAN_POINT('Ctrl Pts',(12.079173849328,20.2,72.9920822197683));
#7225=CARTESIAN_POINT('Ctrl Pts',(12.2973727669252,20.2,72.9746191243156));
#7226=CARTESIAN_POINT('Ctrl Pts',(7.38059277196063,21.2,74.5953552464469));
#7227=CARTESIAN_POINT('Ctrl Pts',(7.38059277196063,20.2,74.5953552464469));
#7228=CARTESIAN_POINT('Ctrl Pts',(7.39415141648802,21.2,74.4174728580716));
#7229=CARTESIAN_POINT('Ctrl Pts',(7.39415141648802,20.2,74.4174728580716));
#7230=CARTESIAN_POINT('Ctrl Pts',(7.42065146728772,21.2,74.0698059272957));
#7231=CARTESIAN_POINT('Ctrl Pts',(7.42065146728772,20.2,74.0698059272957));
#7232=CARTESIAN_POINT('Ctrl Pts',(7.6357244614461,21.2,73.7959450573884));
#7233=CARTESIAN_POINT('Ctrl Pts',(7.6357244614461,20.2,73.7959450573884));
#7234=CARTESIAN_POINT('Ctrl Pts',(7.74075622220172,21.2,73.6622040013297));
#7235=CARTESIAN_POINT('Ctrl Pts',(7.74075622220172,20.2,73.6622040013297));
#7236=CARTESIAN_POINT('',(7.74075622220172,20.2,73.6622040013297));
#7237=CARTESIAN_POINT('',(7.74075622220172,20.2,73.6622040013297));
#7238=CARTESIAN_POINT('',(7.38059277196063,20.2,74.5953552464469));
#7239=CARTESIAN_POINT('Ctrl Pts',(7.38059277196063,20.2,74.5953552464469));
#7240=CARTESIAN_POINT('Ctrl Pts',(7.39415141648802,20.2,74.4174728580716));
#7241=CARTESIAN_POINT('Ctrl Pts',(7.42065146728772,20.2,74.0698059272957));
#7242=CARTESIAN_POINT('Ctrl Pts',(7.6357244614461,20.2,73.7959450573884));
#7243=CARTESIAN_POINT('Ctrl Pts',(7.74075622220172,20.2,73.6622040013297));
#7244=CARTESIAN_POINT('',(7.38059277196063,20.2,74.5953552464469));
#7245=CARTESIAN_POINT('Ctrl Pts',(7.75167042870654,21.2,75.5230514744742));
#7246=CARTESIAN_POINT('Ctrl Pts',(7.75167042870654,20.2,75.5230514744742));
#7247=CARTESIAN_POINT('Ctrl Pts',(7.64344783848961,21.2,75.3901403871659));
#7248=CARTESIAN_POINT('Ctrl Pts',(7.64344783848961,20.2,75.3901403871659));
#7249=CARTESIAN_POINT('Ctrl Pts',(7.42336306068502,21.2,75.1198483246732));
#7250=CARTESIAN_POINT('Ctrl Pts',(7.42336306068502,20.2,75.1198483246732));
#7251=CARTESIAN_POINT('Ctrl Pts',(7.39500585163681,21.2,74.7721031888046));
#7252=CARTESIAN_POINT('Ctrl Pts',(7.39500585163681,20.2,74.7721031888046));
#7253=CARTESIAN_POINT('Ctrl Pts',(7.38059277196063,21.2,74.5953552464469));
#7254=CARTESIAN_POINT('Ctrl Pts',(7.38059277196063,20.2,74.5953552464469));
#7255=CARTESIAN_POINT('',(7.75167042870654,20.2,75.5230514744742));
#7256=CARTESIAN_POINT('Ctrl Pts',(7.75167042870654,20.2,75.5230514744742));
#7257=CARTESIAN_POINT('Ctrl Pts',(7.64344783848961,20.2,75.3901403871659));
#7258=CARTESIAN_POINT('Ctrl Pts',(7.42336306068502,20.2,75.1198483246732));
#7259=CARTESIAN_POINT('Ctrl Pts',(7.39500585163681,20.2,74.7721031888046));
#7260=CARTESIAN_POINT('Ctrl Pts',(7.38059277196063,20.2,74.5953552464469));
#7261=CARTESIAN_POINT('',(7.75167042870654,20.2,75.5230514744742));
#7262=CARTESIAN_POINT('Ctrl Pts',(8.65753705163135,21.2,75.8995811680778));
#7263=CARTESIAN_POINT('Ctrl Pts',(8.65753705163135,20.2,75.8995811680778));
#7264=CARTESIAN_POINT('Ctrl Pts',(8.48523771546065,21.2,75.8844109794713));
#7265=CARTESIAN_POINT('Ctrl Pts',(8.48523771546065,20.2,75.8844109794713));
#7266=CARTESIAN_POINT('Ctrl Pts',(8.14342899323234,21.2,75.8543162449309));
#7267=CARTESIAN_POINT('Ctrl Pts',(8.14342899323234,20.2,75.8543162449309));
#7268=CARTESIAN_POINT('Ctrl Pts',(7.88154408794031,21.2,75.6328705615605));
#7269=CARTESIAN_POINT('Ctrl Pts',(7.88154408794031,20.2,75.6328705615605));
#7270=CARTESIAN_POINT('Ctrl Pts',(7.75167042870654,21.2,75.5230514744742));
#7271=CARTESIAN_POINT('Ctrl Pts',(7.75167042870654,20.2,75.5230514744742));
#7272=CARTESIAN_POINT('',(8.65753705163135,20.2,75.8995811680778));
#7273=CARTESIAN_POINT('Ctrl Pts',(8.65753705163135,20.2,75.8995811680778));
#7274=CARTESIAN_POINT('Ctrl Pts',(8.48523771546065,20.2,75.8844109794713));
#7275=CARTESIAN_POINT('Ctrl Pts',(8.14342899323234,20.2,75.8543162449309));
#7276=CARTESIAN_POINT('Ctrl Pts',(7.88154408794031,20.2,75.6328705615605));
#7277=CARTESIAN_POINT('Ctrl Pts',(7.75167042870654,20.2,75.5230514744742));
#7278=CARTESIAN_POINT('',(8.65753705163135,20.2,75.8995811680778));
#7279=CARTESIAN_POINT('Ctrl Pts',(9.53611786027087,21.2,75.5339615086539));
#7280=CARTESIAN_POINT('Ctrl Pts',(9.53611786027087,20.2,75.5339615086539));
#7281=CARTESIAN_POINT('Ctrl Pts',(9.40922582389317,21.2,75.6406003315643));
#7282=CARTESIAN_POINT('Ctrl Pts',(9.40922582389317,20.2,75.6406003315643));
#7283=CARTESIAN_POINT('Ctrl Pts',(9.15471988176606,21.2,75.8544846293254));
#7284=CARTESIAN_POINT('Ctrl Pts',(9.15471988176606,20.2,75.8544846293254));
#7285=CARTESIAN_POINT('Ctrl Pts',(8.8235777406393,21.2,75.884520590937));
#7286=CARTESIAN_POINT('Ctrl Pts',(8.8235777406393,20.2,75.884520590937));
#7287=CARTESIAN_POINT('Ctrl Pts',(8.65753705163135,21.2,75.8995811680778));
#7288=CARTESIAN_POINT('Ctrl Pts',(8.65753705163135,20.2,75.8995811680778));
#7289=CARTESIAN_POINT('',(9.53611786027087,20.2,75.5339615086539));
#7290=CARTESIAN_POINT('Ctrl Pts',(9.53611786027087,20.2,75.5339615086539));
#7291=CARTESIAN_POINT('Ctrl Pts',(9.40922582389317,20.2,75.6406003315643));
#7292=CARTESIAN_POINT('Ctrl Pts',(9.15471988176606,20.2,75.8544846293254));
#7293=CARTESIAN_POINT('Ctrl Pts',(8.8235777406393,20.2,75.884520590937));
#7294=CARTESIAN_POINT('Ctrl Pts',(8.65753705163135,20.2,75.8995811680778));
#7295=CARTESIAN_POINT('',(9.53611786027087,20.2,75.5339615086539));
#7296=CARTESIAN_POINT('Ctrl Pts',(9.89082450528278,21.2,74.6062700489982));
#7297=CARTESIAN_POINT('Ctrl Pts',(9.89082450528278,20.2,74.6062700489982));
#7298=CARTESIAN_POINT('Ctrl Pts',(9.87805539008592,21.2,74.7847123659669));
#7299=CARTESIAN_POINT('Ctrl Pts',(9.87805539008592,20.2,74.7847123659669));
#7300=CARTESIAN_POINT('Ctrl Pts',(9.85331818289094,21.2,75.13040308135));
#7301=CARTESIAN_POINT('Ctrl Pts',(9.85331818289094,20.2,75.13040308135));
#7302=CARTESIAN_POINT('Ctrl Pts',(9.63954387031319,21.2,75.4023776640657));
#7303=CARTESIAN_POINT('Ctrl Pts',(9.63954387031319,20.2,75.4023776640657));
#7304=CARTESIAN_POINT('Ctrl Pts',(9.53611786027087,21.2,75.5339615086539));
#7305=CARTESIAN_POINT('Ctrl Pts',(9.53611786027087,20.2,75.5339615086539));
#7306=CARTESIAN_POINT('',(9.89082450528278,20.2,74.6062700489982));
#7307=CARTESIAN_POINT('Ctrl Pts',(9.89082450528278,20.2,74.6062700489982));
#7308=CARTESIAN_POINT('Ctrl Pts',(9.87805539008592,20.2,74.7847123659669));
#7309=CARTESIAN_POINT('Ctrl Pts',(9.85331818289094,20.2,75.13040308135));
#7310=CARTESIAN_POINT('Ctrl Pts',(9.63954387031319,20.2,75.4023776640657));
#7311=CARTESIAN_POINT('Ctrl Pts',(9.53611786027087,20.2,75.5339615086539));
#7312=CARTESIAN_POINT('',(9.89082450528278,20.2,74.6062700489982));
#7313=CARTESIAN_POINT('Ctrl Pts',(9.53066105504169,21.2,73.6567442158683));
#7314=CARTESIAN_POINT('Ctrl Pts',(9.53066105504169,20.2,73.6567442158683));
#7315=CARTESIAN_POINT('Ctrl Pts',(9.63567084950422,21.2,73.7910043500269));
#7316=CARTESIAN_POINT('Ctrl Pts',(9.63567084950422,20.2,73.7910043500269));
#7317=CARTESIAN_POINT('Ctrl Pts',(9.85355408729875,21.2,74.0695786762309));
#7318=CARTESIAN_POINT('Ctrl Pts',(9.85355408729875,20.2,74.0695786762309));
#7319=CARTESIAN_POINT('Ctrl Pts',(9.87810566798536,21.2,74.4231196949539));
#7320=CARTESIAN_POINT('Ctrl Pts',(9.87810566798536,20.2,74.4231196949539));
#7321=CARTESIAN_POINT('Ctrl Pts',(9.89082450528278,21.2,74.6062700489982));
#7322=CARTESIAN_POINT('Ctrl Pts',(9.89082450528278,20.2,74.6062700489982));
#7323=CARTESIAN_POINT('',(9.53066105504169,20.2,73.6567442158683));
#7324=CARTESIAN_POINT('Ctrl Pts',(9.53066105504169,20.2,73.6567442158683));
#7325=CARTESIAN_POINT('Ctrl Pts',(9.63567084950422,20.2,73.7910043500269));
#7326=CARTESIAN_POINT('Ctrl Pts',(9.85355408729875,20.2,74.0695786762309));
#7327=CARTESIAN_POINT('Ctrl Pts',(9.87810566798536,20.2,74.4231196949539));
#7328=CARTESIAN_POINT('Ctrl Pts',(9.89082450528278,20.2,74.6062700489982));
#7329=CARTESIAN_POINT('',(9.53066105504169,20.2,73.6567442158683));
#7330=CARTESIAN_POINT('Ctrl Pts',(8.60296661515369,21.2,73.2911245564445));
#7331=CARTESIAN_POINT('Ctrl Pts',(8.60296661515369,20.2,73.2911245564445));
#7332=CARTESIAN_POINT('Ctrl Pts',(8.78169251142428,21.2,73.3045599388912));
#7333=CARTESIAN_POINT('Ctrl Pts',(8.78169251142428,20.2,73.3045599388912));
#7334=CARTESIAN_POINT('Ctrl Pts',(9.12931228891561,21.2,73.3306916005815));
#7335=CARTESIAN_POINT('Ctrl Pts',(9.12931228891561,20.2,73.3306916005815));
#7336=CARTESIAN_POINT('Ctrl Pts',(9.39942473690983,21.2,73.5501288519779));
#7337=CARTESIAN_POINT('Ctrl Pts',(9.39942473690983,20.2,73.5501288519779));
#7338=CARTESIAN_POINT('Ctrl Pts',(9.53066105504169,21.2,73.6567442158683));
#7339=CARTESIAN_POINT('Ctrl Pts',(9.53066105504169,20.2,73.6567442158683));
#7340=CARTESIAN_POINT('',(8.60296661515369,20.2,73.2911245564445));
#7341=CARTESIAN_POINT('Ctrl Pts',(8.60296661515369,20.2,73.2911245564445));
#7342=CARTESIAN_POINT('Ctrl Pts',(8.78169251142428,20.2,73.3045599388912));
#7343=CARTESIAN_POINT('Ctrl Pts',(9.12931228891561,20.2,73.3306916005815));
#7344=CARTESIAN_POINT('Ctrl Pts',(9.39942473690983,20.2,73.5501288519779));
#7345=CARTESIAN_POINT('Ctrl Pts',(9.53066105504169,20.2,73.6567442158683));
#7346=CARTESIAN_POINT('',(8.60296661515369,20.2,73.2911245564445));
#7347=CARTESIAN_POINT('Ctrl Pts',(7.74075622220172,21.2,73.6622040013297));
#7348=CARTESIAN_POINT('Ctrl Pts',(7.74075622220172,20.2,73.6622040013297));
#7349=CARTESIAN_POINT('Ctrl Pts',(7.86601357302624,21.2,73.5539764662358));
#7350=CARTESIAN_POINT('Ctrl Pts',(7.86601357302624,20.2,73.5539764662358));
#7351=CARTESIAN_POINT('Ctrl Pts',(8.11445507596785,21.2,73.339312725534));
#7352=CARTESIAN_POINT('Ctrl Pts',(8.11445507596785,20.2,73.339312725534));
#7353=CARTESIAN_POINT('Ctrl Pts',(8.441037859873,21.2,73.3070976699003));
#7354=CARTESIAN_POINT('Ctrl Pts',(8.441037859873,20.2,73.3070976699003));
#7355=CARTESIAN_POINT('Ctrl Pts',(8.60296661515369,21.2,73.2911245564445));
#7356=CARTESIAN_POINT('Ctrl Pts',(8.60296661515369,20.2,73.2911245564445));
#7357=CARTESIAN_POINT('Ctrl Pts',(7.74075622220172,20.2,73.6622040013297));
#7358=CARTESIAN_POINT('Ctrl Pts',(7.86601357302624,20.2,73.5539764662358));
#7359=CARTESIAN_POINT('Ctrl Pts',(8.11445507596785,20.2,73.339312725534));
#7360=CARTESIAN_POINT('Ctrl Pts',(8.441037859873,20.2,73.3070976699003));
#7361=CARTESIAN_POINT('Ctrl Pts',(8.60296661515369,20.2,73.2911245564445));
#7362=CARTESIAN_POINT('Origin',(-0.2,20.2,0.));
#7363=CARTESIAN_POINT('Origin',(-0.2,20.2,0.));
#7364=CARTESIAN_POINT('Origin',(-0.2,20.2,0.));
#7365=CARTESIAN_POINT('Origin',(20.2,-0.2,0.));
#7366=CARTESIAN_POINT('',(22.2,-0.200000000000001,0.));
#7367=CARTESIAN_POINT('',(20.2,-0.2,0.));
#7368=CARTESIAN_POINT('',(22.2,-0.200000000000001,0.));
#7369=CARTESIAN_POINT('',(22.2,-0.2,189.5));
#7370=CARTESIAN_POINT('',(22.2,-0.200000000000001,0.));
#7371=CARTESIAN_POINT('',(20.2,-0.2,189.5));
#7372=CARTESIAN_POINT('',(22.2,-0.200000000000001,189.5));
#7373=CARTESIAN_POINT('',(20.2,-0.2,0.));
#7374=CARTESIAN_POINT('Origin',(20.2,20.2,0.));
#7375=CARTESIAN_POINT('',(20.2,20.2,0.));
#7376=CARTESIAN_POINT('',(20.2,-0.2,0.));
#7377=CARTESIAN_POINT('',(20.2,20.2,189.5));
#7378=CARTESIAN_POINT('',(20.2,-0.2,189.5));
#7379=CARTESIAN_POINT('',(20.2,20.2,0.));
#7380=CARTESIAN_POINT('Origin',(-0.2,20.2,0.));
#7381=CARTESIAN_POINT('',(-0.2,20.2,0.));
#7382=CARTESIAN_POINT('',(20.2,20.2,0.));
#7383=CARTESIAN_POINT('',(-0.2,20.2,189.5));
#7384=CARTESIAN_POINT('',(20.2,20.2,189.5));
#7385=CARTESIAN_POINT('',(-0.2,20.2,0.));
#7386=CARTESIAN_POINT('Origin',(-0.2,-0.2,0.));
#7387=CARTESIAN_POINT('',(-0.2,-0.2,0.));
#7388=CARTESIAN_POINT('',(-0.2,20.2,0.));
#7389=CARTESIAN_POINT('',(-0.2,-0.2,189.5));
#7390=CARTESIAN_POINT('',(-0.2,20.2,189.5));
#7391=CARTESIAN_POINT('',(-0.2,-0.2,0.));
#7392=CARTESIAN_POINT('Origin',(-2.2,-0.2,0.));
#7393=CARTESIAN_POINT('',(-2.2,-0.2,0.));
#7394=CARTESIAN_POINT('',(-0.2,-0.2,0.));
#7395=CARTESIAN_POINT('',(-2.2,-0.2,189.5));
#7396=CARTESIAN_POINT('',(-0.2,-0.2,189.5));
#7397=CARTESIAN_POINT('',(-2.2,-0.2,0.));
#7398=CARTESIAN_POINT('Origin',(-2.2,22.2,0.));
#7399=CARTESIAN_POINT('',(-2.2,22.2,0.));
#7400=CARTESIAN_POINT('',(-2.2,-0.2,0.));
#7401=CARTESIAN_POINT('',(-2.2,22.2,189.5));
#7402=CARTESIAN_POINT('',(-2.2,-0.2,189.5));
#7403=CARTESIAN_POINT('',(-2.2,22.2,0.));
#7404=CARTESIAN_POINT('Origin',(22.2,22.2,0.));
#7405=CARTESIAN_POINT('',(22.2,22.2,0.));
#7406=CARTESIAN_POINT('',(-2.2,22.2,0.));
#7407=CARTESIAN_POINT('',(22.2,22.2,189.5));
#7408=CARTESIAN_POINT('',(-2.2,22.2,189.5));
#7409=CARTESIAN_POINT('',(22.2,22.2,0.));
#7410=CARTESIAN_POINT('Origin',(22.2,-0.2,0.));
#7411=CARTESIAN_POINT('',(22.2,22.2,0.));
#7412=CARTESIAN_POINT('',(22.2,22.2,189.5));
#7413=CARTESIAN_POINT('Origin',(10.,11.,189.5));
#7414=CARTESIAN_POINT('Origin',(10.,11.,0.));
#7415=CARTESIAN_POINT('',(0.,0.,0.));
#7416=UNCERTAINTY_MEASURE_WITH_UNIT(LENGTH_MEASURE(0.01),#7422,
'DISTANCE_ACCURACY_VALUE',
'Maximum model space distance between geometric entities at asserted c
onnectivities');
#7417=UNCERTAINTY_MEASURE_WITH_UNIT(LENGTH_MEASURE(0.01),#7422,
'DISTANCE_ACCURACY_VALUE',
'Maximum model space distance between geometric entities at asserted c
onnectivities');
#7418=UNCERTAINTY_MEASURE_WITH_UNIT(LENGTH_MEASURE(0.01),#7422,
'DISTANCE_ACCURACY_VALUE',
'Maximum model space distance between geometric entities at asserted c
onnectivities');
#7419=(
GEOMETRIC_REPRESENTATION_CONTEXT(3)
GLOBAL_UNCERTAINTY_ASSIGNED_CONTEXT((#7416))
GLOBAL_UNIT_ASSIGNED_CONTEXT((#7422,#7424,#7425))
REPRESENTATION_CONTEXT('','3D')
);
#7420=(
GEOMETRIC_REPRESENTATION_CONTEXT(3)
GLOBAL_UNCERTAINTY_ASSIGNED_CONTEXT((#7417))
GLOBAL_UNIT_ASSIGNED_CONTEXT((#7422,#7424,#7425))
REPRESENTATION_CONTEXT('','3D')
);
#7421=(
GEOMETRIC_REPRESENTATION_CONTEXT(3)
GLOBAL_UNCERTAINTY_ASSIGNED_CONTEXT((#7418))
GLOBAL_UNIT_ASSIGNED_CONTEXT((#7422,#7424,#7425))
REPRESENTATION_CONTEXT('','3D')
);
#7422=(
LENGTH_UNIT()
NAMED_UNIT(*)
SI_UNIT(.MILLI.,.METRE.)
);
#7423=(
LENGTH_UNIT()
NAMED_UNIT(*)
SI_UNIT($,.METRE.)
);
#7424=(
NAMED_UNIT(*)
PLANE_ANGLE_UNIT()
SI_UNIT($,.RADIAN.)
);
#7425=(
NAMED_UNIT(*)
SI_UNIT($,.STERADIAN.)
SOLID_ANGLE_UNIT()
);
#7426=SHAPE_DEFINITION_REPRESENTATION(#7428,#7431);
#7427=SHAPE_DEFINITION_REPRESENTATION(#7429,#7432);
#7428=PRODUCT_DEFINITION_SHAPE('',$,#7434);
#7429=PRODUCT_DEFINITION_SHAPE('',$,#7435);
#7430=PRODUCT_DEFINITION_SHAPE($,$,#14);
#7431=SHAPE_REPRESENTATION('',(#3688,#3763),#7419);
#7432=SHAPE_REPRESENTATION('',(#3689),#7420);
#7433=PRODUCT_DEFINITION_CONTEXT('part definition',#7441,'design');
#7434=PRODUCT_DEFINITION('2020 Shelf Bracket Spacer',
'2020 Shelf Bracket Spacer v7',#7436,#7433);
#7435=PRODUCT_DEFINITION('Spacer','Spacer',#7437,#7433);
#7436=PRODUCT_DEFINITION_FORMATION('',$,#7443);
#7437=PRODUCT_DEFINITION_FORMATION('',$,#7444);
#7438=PRODUCT_RELATED_PRODUCT_CATEGORY('2020 Shelf Bracket Spacer v7',
'2020 Shelf Bracket Spacer v7',(#7443));
#7439=PRODUCT_RELATED_PRODUCT_CATEGORY('Spacer','Spacer',(#7444));
#7440=APPLICATION_PROTOCOL_DEFINITION('international standard',
'automotive_design',2009,#7441);
#7441=APPLICATION_CONTEXT(
'Core Data for Automotive Mechanical Design Process');
#7442=PRODUCT_CONTEXT('part definition',#7441,'mechanical');
#7443=PRODUCT('2020 Shelf Bracket Spacer',
'2020 Shelf Bracket Spacer v7',$,(#7442));
#7444=PRODUCT('Spacer','Spacer',$,(#7442));
#7445=PRESENTATION_STYLE_ASSIGNMENT((#7447));
#7446=PRESENTATION_STYLE_ASSIGNMENT((#7448));
#7447=SURFACE_STYLE_USAGE(.BOTH.,#7449);
#7448=SURFACE_STYLE_USAGE(.BOTH.,#7450);
#7449=SURFACE_SIDE_STYLE('',(#7451));
#7450=SURFACE_SIDE_STYLE('',(#7452));
#7451=SURFACE_STYLE_FILL_AREA(#7453);
#7452=SURFACE_STYLE_FILL_AREA(#7454);
#7453=FILL_AREA_STYLE('Steel - Satin',(#7455));
#7454=FILL_AREA_STYLE('Plastic - Texture - Random',(#7456));
#7455=FILL_AREA_STYLE_COLOUR('Steel - Satin',#7457);
#7456=FILL_AREA_STYLE_COLOUR('Plastic - Texture - Random',#7458);
#7457=COLOUR_RGB('Steel - Satin',0.627450980392157,0.627450980392157,0.627450980392157);
#7458=COLOUR_RGB('Plastic - Texture - Random',0.0980392156862745,0.0980392156862745,
0.0980392156862745);
ENDSEC;
END-ISO-10303-21;
