ISO-10303-21;
HEADER;
/* Generated by software containing ST-Developer
 * from STEP Tools, Inc. (www.steptools.com) 
 */

FILE_DESCRIPTION(
/* description */ (''),
/* implementation_level */ '2;1');

FILE_NAME(
/* name */ '2020 Side Bracket plus shelf support v4.step',
/* time_stamp */ '2025-10-25T17:05:51-07:00',
/* author */ (''),
/* organization */ (''),
/* preprocessor_version */ 'ST-DEVELOPER v20.1',
/* originating_system */ 'Autodesk Translation Framework v14.17.0.0',
/* authorisation */ '');

FILE_SCHEMA (('AUTOMOTIVE_DESIGN { 1 0 10303 214 3 1 1 }'));
ENDSEC;

DATA;
#10=MECHANICAL_DESIGN_GEOMETRIC_PRESENTATION_REPRESENTATION('',(#17),#3925);
#11=ITEM_DEFINED_TRANSFORMATION($,$,#2184,#2311);
#12=(
REPRESENTATION_RELATIONSHIP($,$,#3936,#3935)
REPRESENTATION_RELATIONSHIP_WITH_TRANSFORMATION(#11)
SHAPE_REPRESENTATION_RELATIONSHIP()
);
#13=CONTEXT_DEPENDENT_SHAPE_REPRESENTATION(#12,#3934);
#14=NEXT_ASSEMBLY_USAGE_OCCURRENCE('Side Bracket:1','Side Bracket:1',
'Side Bracket:1',#3938,#3939,'Side Bracket:1');
#15=SHAPE_REPRESENTATION_RELATIONSHIP('SRR','None',#3936,#16);
#16=ADVANCED_BREP_SHAPE_REPRESENTATION('',(#18),#3924);
#17=STYLED_ITEM('',(#3950),#18);
#18=MANIFOLD_SOLID_BREP('Body1',#2170);
#19=CYLINDRICAL_SURFACE('',#2279,2.9);
#20=CYLINDRICAL_SURFACE('',#2307,4.5);
#21=CONICAL_SURFACE('',#2277,3.3,0.785398163397449);
#22=CONICAL_SURFACE('',#2281,3.3,0.785398163397448);
#23=CIRCLE('',#2253,3.7);
#24=CIRCLE('',#2278,2.9);
#25=CIRCLE('',#2280,2.9);
#26=CIRCLE('',#2282,3.7);
#27=CIRCLE('',#2284,4.5);
#28=FACE_BOUND('',#299,.T.);
#29=FACE_BOUND('',#360,.T.);
#30=FACE_BOUND('',#388,.T.);
#31=ELLIPSE('',#2194,6.36396103067893,4.5);
#32=PLANE('',#2185);
#33=PLANE('',#2186);
#34=PLANE('',#2187);
#35=PLANE('',#2188);
#36=PLANE('',#2189);
#37=PLANE('',#2190);
#38=PLANE('',#2191);
#39=PLANE('',#2192);
#40=PLANE('',#2193);
#41=PLANE('',#2195);
#42=PLANE('',#2196);
#43=PLANE('',#2197);
#44=PLANE('',#2198);
#45=PLANE('',#2199);
#46=PLANE('',#2200);
#47=PLANE('',#2201);
#48=PLANE('',#2202);
#49=PLANE('',#2203);
#50=PLANE('',#2204);
#51=PLANE('',#2205);
#52=PLANE('',#2206);
#53=PLANE('',#2207);
#54=PLANE('',#2208);
#55=PLANE('',#2209);
#56=PLANE('',#2210);
#57=PLANE('',#2211);
#58=PLANE('',#2212);
#59=PLANE('',#2213);
#60=PLANE('',#2214);
#61=PLANE('',#2215);
#62=PLANE('',#2216);
#63=PLANE('',#2217);
#64=PLANE('',#2218);
#65=PLANE('',#2219);
#66=PLANE('',#2220);
#67=PLANE('',#2221);
#68=PLANE('',#2222);
#69=PLANE('',#2223);
#70=PLANE('',#2224);
#71=PLANE('',#2225);
#72=PLANE('',#2226);
#73=PLANE('',#2227);
#74=PLANE('',#2228);
#75=PLANE('',#2229);
#76=PLANE('',#2230);
#77=PLANE('',#2231);
#78=PLANE('',#2232);
#79=PLANE('',#2233);
#80=PLANE('',#2234);
#81=PLANE('',#2235);
#82=PLANE('',#2236);
#83=PLANE('',#2237);
#84=PLANE('',#2238);
#85=PLANE('',#2239);
#86=PLANE('',#2240);
#87=PLANE('',#2241);
#88=PLANE('',#2242);
#89=PLANE('',#2243);
#90=PLANE('',#2244);
#91=PLANE('',#2245);
#92=PLANE('',#2246);
#93=PLANE('',#2247);
#94=PLANE('',#2248);
#95=PLANE('',#2249);
#96=PLANE('',#2250);
#97=PLANE('',#2251);
#98=PLANE('',#2252);
#99=PLANE('',#2254);
#100=PLANE('',#2255);
#101=PLANE('',#2256);
#102=PLANE('',#2257);
#103=PLANE('',#2258);
#104=PLANE('',#2259);
#105=PLANE('',#2260);
#106=PLANE('',#2261);
#107=PLANE('',#2262);
#108=PLANE('',#2263);
#109=PLANE('',#2264);
#110=PLANE('',#2265);
#111=PLANE('',#2266);
#112=PLANE('',#2267);
#113=PLANE('',#2268);
#114=PLANE('',#2269);
#115=PLANE('',#2270);
#116=PLANE('',#2271);
#117=PLANE('',#2272);
#118=PLANE('',#2273);
#119=PLANE('',#2274);
#120=PLANE('',#2275);
#121=PLANE('',#2276);
#122=PLANE('',#2283);
#123=PLANE('',#2285);
#124=PLANE('',#2286);
#125=PLANE('',#2287);
#126=PLANE('',#2288);
#127=PLANE('',#2289);
#128=PLANE('',#2290);
#129=PLANE('',#2291);
#130=PLANE('',#2292);
#131=PLANE('',#2293);
#132=PLANE('',#2294);
#133=PLANE('',#2295);
#134=PLANE('',#2296);
#135=PLANE('',#2297);
#136=PLANE('',#2298);
#137=PLANE('',#2299);
#138=PLANE('',#2300);
#139=PLANE('',#2301);
#140=PLANE('',#2302);
#141=PLANE('',#2303);
#142=PLANE('',#2304);
#143=PLANE('',#2305);
#144=PLANE('',#2306);
#145=PLANE('',#2308);
#146=PLANE('',#2309);
#147=PLANE('',#2310);
#148=FACE_OUTER_BOUND('',#280,.T.);
#149=FACE_OUTER_BOUND('',#281,.T.);
#150=FACE_OUTER_BOUND('',#282,.T.);
#151=FACE_OUTER_BOUND('',#283,.T.);
#152=FACE_OUTER_BOUND('',#284,.T.);
#153=FACE_OUTER_BOUND('',#285,.T.);
#154=FACE_OUTER_BOUND('',#286,.T.);
#155=FACE_OUTER_BOUND('',#287,.T.);
#156=FACE_OUTER_BOUND('',#288,.T.);
#157=FACE_OUTER_BOUND('',#289,.T.);
#158=FACE_OUTER_BOUND('',#290,.T.);
#159=FACE_OUTER_BOUND('',#291,.T.);
#160=FACE_OUTER_BOUND('',#292,.T.);
#161=FACE_OUTER_BOUND('',#293,.T.);
#162=FACE_OUTER_BOUND('',#294,.T.);
#163=FACE_OUTER_BOUND('',#295,.T.);
#164=FACE_OUTER_BOUND('',#296,.T.);
#165=FACE_OUTER_BOUND('',#297,.T.);
#166=FACE_OUTER_BOUND('',#298,.T.);
#167=FACE_OUTER_BOUND('',#300,.T.);
#168=FACE_OUTER_BOUND('',#301,.T.);
#169=FACE_OUTER_BOUND('',#302,.T.);
#170=FACE_OUTER_BOUND('',#303,.T.);
#171=FACE_OUTER_BOUND('',#304,.T.);
#172=FACE_OUTER_BOUND('',#305,.T.);
#173=FACE_OUTER_BOUND('',#306,.T.);
#174=FACE_OUTER_BOUND('',#307,.T.);
#175=FACE_OUTER_BOUND('',#308,.T.);
#176=FACE_OUTER_BOUND('',#309,.T.);
#177=FACE_OUTER_BOUND('',#310,.T.);
#178=FACE_OUTER_BOUND('',#311,.T.);
#179=FACE_OUTER_BOUND('',#312,.T.);
#180=FACE_OUTER_BOUND('',#313,.T.);
#181=FACE_OUTER_BOUND('',#314,.T.);
#182=FACE_OUTER_BOUND('',#315,.T.);
#183=FACE_OUTER_BOUND('',#316,.T.);
#184=FACE_OUTER_BOUND('',#317,.T.);
#185=FACE_OUTER_BOUND('',#318,.T.);
#186=FACE_OUTER_BOUND('',#319,.T.);
#187=FACE_OUTER_BOUND('',#320,.T.);
#188=FACE_OUTER_BOUND('',#321,.T.);
#189=FACE_OUTER_BOUND('',#322,.T.);
#190=FACE_OUTER_BOUND('',#323,.T.);
#191=FACE_OUTER_BOUND('',#324,.T.);
#192=FACE_OUTER_BOUND('',#325,.T.);
#193=FACE_OUTER_BOUND('',#326,.T.);
#194=FACE_OUTER_BOUND('',#327,.T.);
#195=FACE_OUTER_BOUND('',#328,.T.);
#196=FACE_OUTER_BOUND('',#329,.T.);
#197=FACE_OUTER_BOUND('',#330,.T.);
#198=FACE_OUTER_BOUND('',#331,.T.);
#199=FACE_OUTER_BOUND('',#332,.T.);
#200=FACE_OUTER_BOUND('',#333,.T.);
#201=FACE_OUTER_BOUND('',#334,.T.);
#202=FACE_OUTER_BOUND('',#335,.T.);
#203=FACE_OUTER_BOUND('',#336,.T.);
#204=FACE_OUTER_BOUND('',#337,.T.);
#205=FACE_OUTER_BOUND('',#338,.T.);
#206=FACE_OUTER_BOUND('',#339,.T.);
#207=FACE_OUTER_BOUND('',#340,.T.);
#208=FACE_OUTER_BOUND('',#341,.T.);
#209=FACE_OUTER_BOUND('',#342,.T.);
#210=FACE_OUTER_BOUND('',#343,.T.);
#211=FACE_OUTER_BOUND('',#344,.T.);
#212=FACE_OUTER_BOUND('',#345,.T.);
#213=FACE_OUTER_BOUND('',#346,.T.);
#214=FACE_OUTER_BOUND('',#347,.T.);
#215=FACE_OUTER_BOUND('',#348,.T.);
#216=FACE_OUTER_BOUND('',#349,.T.);
#217=FACE_OUTER_BOUND('',#350,.T.);
#218=FACE_OUTER_BOUND('',#351,.T.);
#219=FACE_OUTER_BOUND('',#352,.T.);
#220=FACE_OUTER_BOUND('',#353,.T.);
#221=FACE_OUTER_BOUND('',#354,.T.);
#222=FACE_OUTER_BOUND('',#355,.T.);
#223=FACE_OUTER_BOUND('',#356,.T.);
#224=FACE_OUTER_BOUND('',#357,.T.);
#225=FACE_OUTER_BOUND('',#358,.T.);
#226=FACE_OUTER_BOUND('',#359,.T.);
#227=FACE_OUTER_BOUND('',#361,.T.);
#228=FACE_OUTER_BOUND('',#362,.T.);
#229=FACE_OUTER_BOUND('',#363,.T.);
#230=FACE_OUTER_BOUND('',#364,.T.);
#231=FACE_OUTER_BOUND('',#365,.T.);
#232=FACE_OUTER_BOUND('',#366,.T.);
#233=FACE_OUTER_BOUND('',#367,.T.);
#234=FACE_OUTER_BOUND('',#368,.T.);
#235=FACE_OUTER_BOUND('',#369,.T.);
#236=FACE_OUTER_BOUND('',#370,.T.);
#237=FACE_OUTER_BOUND('',#371,.T.);
#238=FACE_OUTER_BOUND('',#372,.T.);
#239=FACE_OUTER_BOUND('',#373,.T.);
#240=FACE_OUTER_BOUND('',#374,.T.);
#241=FACE_OUTER_BOUND('',#375,.T.);
#242=FACE_OUTER_BOUND('',#376,.T.);
#243=FACE_OUTER_BOUND('',#377,.T.);
#244=FACE_OUTER_BOUND('',#378,.T.);
#245=FACE_OUTER_BOUND('',#379,.T.);
#246=FACE_OUTER_BOUND('',#380,.T.);
#247=FACE_OUTER_BOUND('',#381,.T.);
#248=FACE_OUTER_BOUND('',#382,.T.);
#249=FACE_OUTER_BOUND('',#383,.T.);
#250=FACE_OUTER_BOUND('',#384,.T.);
#251=FACE_OUTER_BOUND('',#385,.T.);
#252=FACE_OUTER_BOUND('',#386,.T.);
#253=FACE_OUTER_BOUND('',#387,.T.);
#254=FACE_OUTER_BOUND('',#389,.T.);
#255=FACE_OUTER_BOUND('',#390,.T.);
#256=FACE_OUTER_BOUND('',#391,.T.);
#257=FACE_OUTER_BOUND('',#392,.T.);
#258=FACE_OUTER_BOUND('',#393,.T.);
#259=FACE_OUTER_BOUND('',#394,.T.);
#260=FACE_OUTER_BOUND('',#395,.T.);
#261=FACE_OUTER_BOUND('',#396,.T.);
#262=FACE_OUTER_BOUND('',#397,.T.);
#263=FACE_OUTER_BOUND('',#398,.T.);
#264=FACE_OUTER_BOUND('',#399,.T.);
#265=FACE_OUTER_BOUND('',#400,.T.);
#266=FACE_OUTER_BOUND('',#401,.T.);
#267=FACE_OUTER_BOUND('',#402,.T.);
#268=FACE_OUTER_BOUND('',#403,.T.);
#269=FACE_OUTER_BOUND('',#404,.T.);
#270=FACE_OUTER_BOUND('',#405,.T.);
#271=FACE_OUTER_BOUND('',#406,.T.);
#272=FACE_OUTER_BOUND('',#407,.T.);
#273=FACE_OUTER_BOUND('',#408,.T.);
#274=FACE_OUTER_BOUND('',#409,.T.);
#275=FACE_OUTER_BOUND('',#410,.T.);
#276=FACE_OUTER_BOUND('',#411,.T.);
#277=FACE_OUTER_BOUND('',#412,.T.);
#278=FACE_OUTER_BOUND('',#413,.T.);
#279=FACE_OUTER_BOUND('',#414,.T.);
#280=EDGE_LOOP('',(#1438,#1439,#1440,#1441));
#281=EDGE_LOOP('',(#1442,#1443,#1444,#1445));
#282=EDGE_LOOP('',(#1446,#1447,#1448,#1449));
#283=EDGE_LOOP('',(#1450,#1451,#1452,#1453));
#284=EDGE_LOOP('',(#1454,#1455,#1456,#1457));
#285=EDGE_LOOP('',(#1458,#1459,#1460,#1461));
#286=EDGE_LOOP('',(#1462,#1463,#1464,#1465));
#287=EDGE_LOOP('',(#1466,#1467,#1468,#1469));
#288=EDGE_LOOP('',(#1470,#1471,#1472,#1473));
#289=EDGE_LOOP('',(#1474,#1475,#1476,#1477));
#290=EDGE_LOOP('',(#1478,#1479,#1480));
#291=EDGE_LOOP('',(#1481,#1482,#1483));
#292=EDGE_LOOP('',(#1484,#1485,#1486,#1487));
#293=EDGE_LOOP('',(#1488,#1489,#1490,#1491));
#294=EDGE_LOOP('',(#1492,#1493,#1494,#1495));
#295=EDGE_LOOP('',(#1496,#1497,#1498,#1499));
#296=EDGE_LOOP('',(#1500,#1501,#1502,#1503));
#297=EDGE_LOOP('',(#1504,#1505,#1506,#1507));
#298=EDGE_LOOP('',(#1508,#1509,#1510,#1511,#1512,#1513,#1514,#1515,#1516,
#1517,#1518,#1519));
#299=EDGE_LOOP('',(#1520));
#300=EDGE_LOOP('',(#1521,#1522,#1523,#1524));
#301=EDGE_LOOP('',(#1525,#1526,#1527,#1528,#1529));
#302=EDGE_LOOP('',(#1530,#1531,#1532,#1533,#1534,#1535));
#303=EDGE_LOOP('',(#1536,#1537,#1538,#1539,#1540,#1541,#1542,#1543));
#304=EDGE_LOOP('',(#1544,#1545,#1546,#1547,#1548,#1549));
#305=EDGE_LOOP('',(#1550,#1551,#1552,#1553,#1554));
#306=EDGE_LOOP('',(#1555,#1556,#1557));
#307=EDGE_LOOP('',(#1558,#1559,#1560));
#308=EDGE_LOOP('',(#1561,#1562,#1563,#1564));
#309=EDGE_LOOP('',(#1565,#1566,#1567,#1568));
#310=EDGE_LOOP('',(#1569,#1570,#1571));
#311=EDGE_LOOP('',(#1572,#1573,#1574));
#312=EDGE_LOOP('',(#1575,#1576,#1577,#1578));
#313=EDGE_LOOP('',(#1579,#1580,#1581,#1582));
#314=EDGE_LOOP('',(#1583,#1584,#1585,#1586));
#315=EDGE_LOOP('',(#1587,#1588,#1589,#1590));
#316=EDGE_LOOP('',(#1591,#1592,#1593,#1594,#1595));
#317=EDGE_LOOP('',(#1596,#1597,#1598,#1599));
#318=EDGE_LOOP('',(#1600,#1601,#1602,#1603,#1604,#1605));
#319=EDGE_LOOP('',(#1606,#1607,#1608,#1609));
#320=EDGE_LOOP('',(#1610,#1611,#1612,#1613));
#321=EDGE_LOOP('',(#1614,#1615,#1616));
#322=EDGE_LOOP('',(#1617,#1618,#1619,#1620));
#323=EDGE_LOOP('',(#1621,#1622,#1623));
#324=EDGE_LOOP('',(#1624,#1625,#1626));
#325=EDGE_LOOP('',(#1627,#1628,#1629));
#326=EDGE_LOOP('',(#1630,#1631,#1632));
#327=EDGE_LOOP('',(#1633,#1634,#1635));
#328=EDGE_LOOP('',(#1636,#1637,#1638));
#329=EDGE_LOOP('',(#1639,#1640,#1641,#1642));
#330=EDGE_LOOP('',(#1643,#1644,#1645,#1646,#1647));
#331=EDGE_LOOP('',(#1648,#1649,#1650,#1651,#1652));
#332=EDGE_LOOP('',(#1653,#1654,#1655,#1656,#1657));
#333=EDGE_LOOP('',(#1658,#1659,#1660));
#334=EDGE_LOOP('',(#1661,#1662,#1663,#1664));
#335=EDGE_LOOP('',(#1665,#1666,#1667,#1668));
#336=EDGE_LOOP('',(#1669,#1670,#1671,#1672,#1673,#1674));
#337=EDGE_LOOP('',(#1675,#1676,#1677,#1678,#1679));
#338=EDGE_LOOP('',(#1680,#1681,#1682,#1683,#1684));
#339=EDGE_LOOP('',(#1685,#1686,#1687));
#340=EDGE_LOOP('',(#1688,#1689,#1690));
#341=EDGE_LOOP('',(#1691,#1692,#1693,#1694));
#342=EDGE_LOOP('',(#1695,#1696,#1697,#1698));
#343=EDGE_LOOP('',(#1699,#1700,#1701,#1702,#1703));
#344=EDGE_LOOP('',(#1704,#1705,#1706,#1707,#1708));
#345=EDGE_LOOP('',(#1709,#1710,#1711,#1712));
#346=EDGE_LOOP('',(#1713,#1714,#1715,#1716));
#347=EDGE_LOOP('',(#1717,#1718,#1719,#1720));
#348=EDGE_LOOP('',(#1721,#1722,#1723,#1724));
#349=EDGE_LOOP('',(#1725,#1726,#1727,#1728));
#350=EDGE_LOOP('',(#1729,#1730,#1731,#1732));
#351=EDGE_LOOP('',(#1733,#1734,#1735,#1736));
#352=EDGE_LOOP('',(#1737,#1738,#1739,#1740));
#353=EDGE_LOOP('',(#1741,#1742,#1743,#1744));
#354=EDGE_LOOP('',(#1745,#1746,#1747,#1748));
#355=EDGE_LOOP('',(#1749,#1750,#1751,#1752));
#356=EDGE_LOOP('',(#1753,#1754,#1755,#1756));
#357=EDGE_LOOP('',(#1757,#1758,#1759,#1760));
#358=EDGE_LOOP('',(#1761,#1762,#1763,#1764));
#359=EDGE_LOOP('',(#1765,#1766,#1767,#1768,#1769,#1770,#1771,#1772,#1773,
#1774,#1775,#1776,#1777,#1778,#1779,#1780,#1781,#1782,#1783,#1784,#1785,
#1786,#1787,#1788,#1789,#1790));
#360=EDGE_LOOP('',(#1791));
#361=EDGE_LOOP('',(#1792,#1793,#1794,#1795));
#362=EDGE_LOOP('',(#1796,#1797,#1798,#1799));
#363=EDGE_LOOP('',(#1800,#1801,#1802,#1803,#1804,#1805));
#364=EDGE_LOOP('',(#1806,#1807,#1808,#1809,#1810,#1811,#1812));
#365=EDGE_LOOP('',(#1813,#1814,#1815,#1816,#1817,#1818));
#366=EDGE_LOOP('',(#1819,#1820,#1821,#1822));
#367=EDGE_LOOP('',(#1823,#1824,#1825,#1826,#1827,#1828));
#368=EDGE_LOOP('',(#1829,#1830,#1831,#1832,#1833));
#369=EDGE_LOOP('',(#1834,#1835,#1836,#1837));
#370=EDGE_LOOP('',(#1838,#1839,#1840,#1841,#1842));
#371=EDGE_LOOP('',(#1843,#1844,#1845));
#372=EDGE_LOOP('',(#1846,#1847,#1848));
#373=EDGE_LOOP('',(#1849,#1850,#1851));
#374=EDGE_LOOP('',(#1852,#1853,#1854));
#375=EDGE_LOOP('',(#1855,#1856,#1857,#1858));
#376=EDGE_LOOP('',(#1859,#1860,#1861,#1862));
#377=EDGE_LOOP('',(#1863,#1864,#1865,#1866));
#378=EDGE_LOOP('',(#1867,#1868,#1869,#1870));
#379=EDGE_LOOP('',(#1871,#1872,#1873,#1874));
#380=EDGE_LOOP('',(#1875,#1876,#1877,#1878));
#381=EDGE_LOOP('',(#1879,#1880,#1881,#1882));
#382=EDGE_LOOP('',(#1883,#1884,#1885,#1886,#1887,#1888));
#383=EDGE_LOOP('',(#1889,#1890,#1891,#1892));
#384=EDGE_LOOP('',(#1893,#1894,#1895,#1896));
#385=EDGE_LOOP('',(#1897,#1898,#1899,#1900));
#386=EDGE_LOOP('',(#1901,#1902,#1903,#1904));
#387=EDGE_LOOP('',(#1905));
#388=EDGE_LOOP('',(#1906));
#389=EDGE_LOOP('',(#1907,#1908,#1909,#1910));
#390=EDGE_LOOP('',(#1911,#1912,#1913,#1914));
#391=EDGE_LOOP('',(#1915,#1916,#1917,#1918));
#392=EDGE_LOOP('',(#1919,#1920,#1921,#1922));
#393=EDGE_LOOP('',(#1923,#1924,#1925));
#394=EDGE_LOOP('',(#1926,#1927,#1928,#1929));
#395=EDGE_LOOP('',(#1930,#1931,#1932,#1933));
#396=EDGE_LOOP('',(#1934,#1935,#1936));
#397=EDGE_LOOP('',(#1937,#1938,#1939,#1940,#1941));
#398=EDGE_LOOP('',(#1942,#1943,#1944,#1945));
#399=EDGE_LOOP('',(#1946,#1947,#1948,#1949));
#400=EDGE_LOOP('',(#1950,#1951,#1952,#1953));
#401=EDGE_LOOP('',(#1954,#1955,#1956,#1957));
#402=EDGE_LOOP('',(#1958,#1959,#1960,#1961));
#403=EDGE_LOOP('',(#1962,#1963,#1964,#1965,#1966));
#404=EDGE_LOOP('',(#1967,#1968,#1969,#1970,#1971));
#405=EDGE_LOOP('',(#1972,#1973,#1974,#1975));
#406=EDGE_LOOP('',(#1976,#1977,#1978,#1979,#1980,#1981));
#407=EDGE_LOOP('',(#1982,#1983,#1984,#1985,#1986,#1987,#1988,#1989,#1990,
#1991));
#408=EDGE_LOOP('',(#1992,#1993,#1994,#1995));
#409=EDGE_LOOP('',(#1996,#1997,#1998,#1999,#2000,#2001,#2002,#2003));
#410=EDGE_LOOP('',(#2004,#2005,#2006,#2007,#2008));
#411=EDGE_LOOP('',(#2009,#2010,#2011,#2012));
#412=EDGE_LOOP('',(#2013,#2014,#2015,#2016));
#413=EDGE_LOOP('',(#2017,#2018,#2019,#2020));
#414=EDGE_LOOP('',(#2021,#2022,#2023,#2024,#2025));
#415=LINE('',#2900,#691);
#416=LINE('',#2901,#692);
#417=LINE('',#2946,#693);
#418=LINE('',#2947,#694);
#419=LINE('',#2992,#695);
#420=LINE('',#2993,#696);
#421=LINE('',#3038,#697);
#422=LINE('',#3039,#698);
#423=LINE('',#3084,#699);
#424=LINE('',#3085,#700);
#425=LINE('',#3138,#701);
#426=LINE('',#3139,#702);
#427=LINE('',#3184,#703);
#428=LINE('',#3185,#704);
#429=LINE('',#3230,#705);
#430=LINE('',#3231,#706);
#431=LINE('',#3276,#707);
#432=LINE('',#3277,#708);
#433=LINE('',#3322,#709);
#434=LINE('',#3323,#710);
#435=LINE('',#3327,#711);
#436=LINE('',#3329,#712);
#437=LINE('',#3330,#713);
#438=LINE('',#3334,#714);
#439=LINE('',#3336,#715);
#440=LINE('',#3337,#716);
#441=LINE('',#3341,#717);
#442=LINE('',#3342,#718);
#443=LINE('',#3343,#719);
#444=LINE('',#3347,#720);
#445=LINE('',#3348,#721);
#446=LINE('',#3349,#722);
#447=LINE('',#3351,#723);
#448=LINE('',#3352,#724);
#449=LINE('',#3356,#725);
#450=LINE('',#3357,#726);
#451=LINE('',#3358,#727);
#452=LINE('',#3362,#728);
#453=LINE('',#3363,#729);
#454=LINE('',#3364,#730);
#455=LINE('',#3367,#731);
#456=LINE('',#3369,#732);
#457=LINE('',#3370,#733);
#458=LINE('',#3373,#734);
#459=LINE('',#3375,#735);
#460=LINE('',#3377,#736);
#461=LINE('',#3379,#737);
#462=LINE('',#3381,#738);
#463=LINE('',#3383,#739);
#464=LINE('',#3385,#740);
#465=LINE('',#3387,#741);
#466=LINE('',#3388,#742);
#467=LINE('',#3393,#743);
#468=LINE('',#3395,#744);
#469=LINE('',#3396,#745);
#470=LINE('',#3399,#746);
#471=LINE('',#3400,#747);
#472=LINE('',#3404,#748);
#473=LINE('',#3406,#749);
#474=LINE('',#3408,#750);
#475=LINE('',#3410,#751);
#476=LINE('',#3412,#752);
#477=LINE('',#3413,#753);
#478=LINE('',#3416,#754);
#479=LINE('',#3418,#755);
#480=LINE('',#3419,#756);
#481=LINE('',#3421,#757);
#482=LINE('',#3423,#758);
#483=LINE('',#3424,#759);
#484=LINE('',#3427,#760);
#485=LINE('',#3429,#761);
#486=LINE('',#3431,#762);
#487=LINE('',#3432,#763);
#488=LINE('',#3435,#764);
#489=LINE('',#3437,#765);
#490=LINE('',#3438,#766);
#491=LINE('',#3441,#767);
#492=LINE('',#3442,#768);
#493=LINE('',#3446,#769);
#494=LINE('',#3448,#770);
#495=LINE('',#3449,#771);
#496=LINE('',#3451,#772);
#497=LINE('',#3452,#773);
#498=LINE('',#3454,#774);
#499=LINE('',#3455,#775);
#500=LINE('',#3459,#776);
#501=LINE('',#3461,#777);
#502=LINE('',#3462,#778);
#503=LINE('',#3466,#779);
#504=LINE('',#3468,#780);
#505=LINE('',#3469,#781);
#506=LINE('',#3471,#782);
#507=LINE('',#3472,#783);
#508=LINE('',#3474,#784);
#509=LINE('',#3475,#785);
#510=LINE('',#3479,#786);
#511=LINE('',#3480,#787);
#512=LINE('',#3481,#788);
#513=LINE('',#3483,#789);
#514=LINE('',#3484,#790);
#515=LINE('',#3487,#791);
#516=LINE('',#3488,#792);
#517=LINE('',#3489,#793);
#518=LINE('',#3491,#794);
#519=LINE('',#3493,#795);
#520=LINE('',#3499,#796);
#521=LINE('',#3501,#797);
#522=LINE('',#3502,#798);
#523=LINE('',#3505,#799);
#524=LINE('',#3507,#800);
#525=LINE('',#3508,#801);
#526=LINE('',#3512,#802);
#527=LINE('',#3514,#803);
#528=LINE('',#3515,#804);
#529=LINE('',#3519,#805);
#530=LINE('',#3521,#806);
#531=LINE('',#3522,#807);
#532=LINE('',#3526,#808);
#533=LINE('',#3528,#809);
#534=LINE('',#3529,#810);
#535=LINE('',#3533,#811);
#536=LINE('',#3535,#812);
#537=LINE('',#3536,#813);
#538=LINE('',#3539,#814);
#539=LINE('',#3541,#815);
#540=LINE('',#3542,#816);
#541=LINE('',#3546,#817);
#542=LINE('',#3548,#818);
#543=LINE('',#3549,#819);
#544=LINE('',#3587,#820);
#545=LINE('',#3588,#821);
#546=LINE('',#3591,#822);
#547=LINE('',#3592,#823);
#548=LINE('',#3593,#824);
#549=LINE('',#3597,#825);
#550=LINE('',#3598,#826);
#551=LINE('',#3599,#827);
#552=LINE('',#3601,#828);
#553=LINE('',#3602,#829);
#554=LINE('',#3605,#830);
#555=LINE('',#3607,#831);
#556=LINE('',#3608,#832);
#557=LINE('',#3611,#833);
#558=LINE('',#3612,#834);
#559=LINE('',#3650,#835);
#560=LINE('',#3651,#836);
#561=LINE('',#3653,#837);
#562=LINE('',#3654,#838);
#563=LINE('',#3656,#839);
#564=LINE('',#3657,#840);
#565=LINE('',#3659,#841);
#566=LINE('',#3660,#842);
#567=LINE('',#3664,#843);
#568=LINE('',#3666,#844);
#569=LINE('',#3667,#845);
#570=LINE('',#3670,#846);
#571=LINE('',#3672,#847);
#572=LINE('',#3673,#848);
#573=LINE('',#3675,#849);
#574=LINE('',#3676,#850);
#575=LINE('',#3678,#851);
#576=LINE('',#3681,#852);
#577=LINE('',#3682,#853);
#578=LINE('',#3684,#854);
#579=LINE('',#3685,#855);
#580=LINE('',#3689,#856);
#581=LINE('',#3690,#857);
#582=LINE('',#3691,#858);
#583=LINE('',#3693,#859);
#584=LINE('',#3696,#860);
#585=LINE('',#3698,#861);
#586=LINE('',#3699,#862);
#587=LINE('',#3701,#863);
#588=LINE('',#3702,#864);
#589=LINE('',#3704,#865);
#590=LINE('',#3705,#866);
#591=LINE('',#3708,#867);
#592=LINE('',#3709,#868);
#593=LINE('',#3711,#869);
#594=LINE('',#3712,#870);
#595=LINE('',#3714,#871);
#596=LINE('',#3715,#872);
#597=LINE('',#3717,#873);
#598=LINE('',#3718,#874);
#599=LINE('',#3720,#875);
#600=LINE('',#3721,#876);
#601=LINE('',#3723,#877);
#602=LINE('',#3724,#878);
#603=LINE('',#3726,#879);
#604=LINE('',#3727,#880);
#605=LINE('',#3729,#881);
#606=LINE('',#3730,#882);
#607=LINE('',#3733,#883);
#608=LINE('',#3734,#884);
#609=LINE('',#3737,#885);
#610=LINE('',#3739,#886);
#611=LINE('',#3741,#887);
#612=LINE('',#3743,#888);
#613=LINE('',#3745,#889);
#614=LINE('',#3747,#890);
#615=LINE('',#3749,#891);
#616=LINE('',#3751,#892);
#617=LINE('',#3753,#893);
#618=LINE('',#3754,#894);
#619=LINE('',#3758,#895);
#620=LINE('',#3760,#896);
#621=LINE('',#3768,#897);
#622=LINE('',#3770,#898);
#623=LINE('',#3772,#899);
#624=LINE('',#3774,#900);
#625=LINE('',#3776,#901);
#626=LINE('',#3777,#902);
#627=LINE('',#3780,#903);
#628=LINE('',#3782,#904);
#629=LINE('',#3784,#905);
#630=LINE('',#3785,#906);
#631=LINE('',#3788,#907);
#632=LINE('',#3789,#908);
#633=LINE('',#3792,#909);
#634=LINE('',#3794,#910);
#635=LINE('',#3795,#911);
#636=LINE('',#3798,#912);
#637=LINE('',#3799,#913);
#638=LINE('',#3802,#914);
#639=LINE('',#3803,#915);
#640=LINE('',#3806,#916);
#641=LINE('',#3808,#917);
#642=LINE('',#3809,#918);
#643=LINE('',#3812,#919);
#644=LINE('',#3814,#920);
#645=LINE('',#3815,#921);
#646=LINE('',#3818,#922);
#647=LINE('',#3819,#923);
#648=LINE('',#3821,#924);
#649=LINE('',#3822,#925);
#650=LINE('',#3824,#926);
#651=LINE('',#3826,#927);
#652=LINE('',#3827,#928);
#653=LINE('',#3830,#929);
#654=LINE('',#3831,#930);
#655=LINE('',#3833,#931);
#656=LINE('',#3835,#932);
#657=LINE('',#3837,#933);
#658=LINE('',#3841,#934);
#659=LINE('',#3845,#935);
#660=LINE('',#3849,#936);
#661=LINE('',#3855,#937);
#662=LINE('',#3856,#938);
#663=LINE('',#3861,#939);
#664=LINE('',#3863,#940);
#665=LINE('',#3864,#941);
#666=LINE('',#3865,#942);
#667=LINE('',#3868,#943);
#668=LINE('',#3870,#944);
#669=LINE('',#3871,#945);
#670=LINE('',#3874,#946);
#671=LINE('',#3876,#947);
#672=LINE('',#3877,#948);
#673=LINE('',#3879,#949);
#674=LINE('',#3880,#950);
#675=LINE('',#3882,#951);
#676=LINE('',#3885,#952);
#677=LINE('',#3887,#953);
#678=LINE('',#3888,#954);
#679=LINE('',#3890,#955);
#680=LINE('',#3891,#956);
#681=LINE('',#3893,#957);
#682=LINE('',#3894,#958);
#683=LINE('',#3896,#959);
#684=LINE('',#3898,#960);
#685=LINE('',#3900,#961);
#686=LINE('',#3904,#962);
#687=LINE('',#3905,#963);
#688=LINE('',#3908,#964);
#689=LINE('',#3909,#965);
#690=LINE('',#3915,#966);
#691=VECTOR('',#2316,10.);
#692=VECTOR('',#2317,10.);
#693=VECTOR('',#2318,10.);
#694=VECTOR('',#2319,10.);
#695=VECTOR('',#2320,10.);
#696=VECTOR('',#2321,10.);
#697=VECTOR('',#2322,10.);
#698=VECTOR('',#2323,10.);
#699=VECTOR('',#2324,10.);
#700=VECTOR('',#2325,10.);
#701=VECTOR('',#2326,10.);
#702=VECTOR('',#2327,10.);
#703=VECTOR('',#2328,10.);
#704=VECTOR('',#2329,10.);
#705=VECTOR('',#2330,10.);
#706=VECTOR('',#2331,10.);
#707=VECTOR('',#2332,10.);
#708=VECTOR('',#2333,10.);
#709=VECTOR('',#2334,10.);
#710=VECTOR('',#2335,10.);
#711=VECTOR('',#2338,10.);
#712=VECTOR('',#2339,10.);
#713=VECTOR('',#2340,10.);
#714=VECTOR('',#2343,10.);
#715=VECTOR('',#2344,10.);
#716=VECTOR('',#2345,10.);
#717=VECTOR('',#2348,10.);
#718=VECTOR('',#2349,10.);
#719=VECTOR('',#2350,10.);
#720=VECTOR('',#2353,10.);
#721=VECTOR('',#2354,10.);
#722=VECTOR('',#2355,10.);
#723=VECTOR('',#2358,10.);
#724=VECTOR('',#2359,10.);
#725=VECTOR('',#2362,10.);
#726=VECTOR('',#2363,10.);
#727=VECTOR('',#2364,10.);
#728=VECTOR('',#2367,10.);
#729=VECTOR('',#2368,10.);
#730=VECTOR('',#2369,10.);
#731=VECTOR('',#2372,10.);
#732=VECTOR('',#2373,10.);
#733=VECTOR('',#2374,10.);
#734=VECTOR('',#2377,10.);
#735=VECTOR('',#2378,10.);
#736=VECTOR('',#2379,10.);
#737=VECTOR('',#2380,10.);
#738=VECTOR('',#2381,10.);
#739=VECTOR('',#2382,10.);
#740=VECTOR('',#2383,10.);
#741=VECTOR('',#2384,10.);
#742=VECTOR('',#2385,10.);
#743=VECTOR('',#2390,10.);
#744=VECTOR('',#2391,10.);
#745=VECTOR('',#2392,10.);
#746=VECTOR('',#2395,10.);
#747=VECTOR('',#2396,10.);
#748=VECTOR('',#2399,10.);
#749=VECTOR('',#2400,10.);
#750=VECTOR('',#2401,10.);
#751=VECTOR('',#2402,10.);
#752=VECTOR('',#2403,10.);
#753=VECTOR('',#2404,10.);
#754=VECTOR('',#2407,10.);
#755=VECTOR('',#2408,10.);
#756=VECTOR('',#2409,10.);
#757=VECTOR('',#2410,10.);
#758=VECTOR('',#2411,10.);
#759=VECTOR('',#2412,10.);
#760=VECTOR('',#2415,10.);
#761=VECTOR('',#2416,10.);
#762=VECTOR('',#2417,10.);
#763=VECTOR('',#2418,10.);
#764=VECTOR('',#2421,10.);
#765=VECTOR('',#2422,10.);
#766=VECTOR('',#2423,10.);
#767=VECTOR('',#2426,10.);
#768=VECTOR('',#2427,10.);
#769=VECTOR('',#2430,10.);
#770=VECTOR('',#2431,10.);
#771=VECTOR('',#2432,10.);
#772=VECTOR('',#2435,10.);
#773=VECTOR('',#2436,10.);
#774=VECTOR('',#2439,10.);
#775=VECTOR('',#2440,10.);
#776=VECTOR('',#2443,10.);
#777=VECTOR('',#2444,10.);
#778=VECTOR('',#2445,10.);
#779=VECTOR('',#2448,10.);
#780=VECTOR('',#2449,10.);
#781=VECTOR('',#2450,10.);
#782=VECTOR('',#2453,10.);
#783=VECTOR('',#2454,10.);
#784=VECTOR('',#2457,10.);
#785=VECTOR('',#2458,10.);
#786=VECTOR('',#2461,10.);
#787=VECTOR('',#2462,10.);
#788=VECTOR('',#2463,10.);
#789=VECTOR('',#2466,10.);
#790=VECTOR('',#2467,10.);
#791=VECTOR('',#2470,10.);
#792=VECTOR('',#2471,10.);
#793=VECTOR('',#2472,10.);
#794=VECTOR('',#2475,10.);
#795=VECTOR('',#2478,10.);
#796=VECTOR('',#2485,10.);
#797=VECTOR('',#2486,10.);
#798=VECTOR('',#2487,10.);
#799=VECTOR('',#2490,10.);
#800=VECTOR('',#2491,10.);
#801=VECTOR('',#2492,10.);
#802=VECTOR('',#2495,10.);
#803=VECTOR('',#2496,10.);
#804=VECTOR('',#2497,10.);
#805=VECTOR('',#2500,10.);
#806=VECTOR('',#2501,10.);
#807=VECTOR('',#2502,10.);
#808=VECTOR('',#2505,10.);
#809=VECTOR('',#2506,10.);
#810=VECTOR('',#2507,10.);
#811=VECTOR('',#2510,10.);
#812=VECTOR('',#2511,10.);
#813=VECTOR('',#2512,10.);
#814=VECTOR('',#2515,10.);
#815=VECTOR('',#2516,10.);
#816=VECTOR('',#2517,10.);
#817=VECTOR('',#2520,10.);
#818=VECTOR('',#2521,10.);
#819=VECTOR('',#2522,10.);
#820=VECTOR('',#2523,10.);
#821=VECTOR('',#2524,10.);
#822=VECTOR('',#2527,10.);
#823=VECTOR('',#2528,10.);
#824=VECTOR('',#2529,10.);
#825=VECTOR('',#2532,10.);
#826=VECTOR('',#2533,10.);
#827=VECTOR('',#2534,10.);
#828=VECTOR('',#2537,10.);
#829=VECTOR('',#2538,10.);
#830=VECTOR('',#2541,10.);
#831=VECTOR('',#2542,10.);
#832=VECTOR('',#2543,10.);
#833=VECTOR('',#2546,10.);
#834=VECTOR('',#2547,10.);
#835=VECTOR('',#2548,10.);
#836=VECTOR('',#2549,10.);
#837=VECTOR('',#2552,10.);
#838=VECTOR('',#2553,10.);
#839=VECTOR('',#2556,10.);
#840=VECTOR('',#2557,10.);
#841=VECTOR('',#2560,10.);
#842=VECTOR('',#2561,10.);
#843=VECTOR('',#2564,10.);
#844=VECTOR('',#2565,10.);
#845=VECTOR('',#2566,10.);
#846=VECTOR('',#2569,10.);
#847=VECTOR('',#2570,10.);
#848=VECTOR('',#2571,10.);
#849=VECTOR('',#2574,10.);
#850=VECTOR('',#2575,10.);
#851=VECTOR('',#2578,10.);
#852=VECTOR('',#2581,10.);
#853=VECTOR('',#2582,10.);
#854=VECTOR('',#2585,10.);
#855=VECTOR('',#2586,10.);
#856=VECTOR('',#2589,10.);
#857=VECTOR('',#2590,10.);
#858=VECTOR('',#2591,10.);
#859=VECTOR('',#2594,10.);
#860=VECTOR('',#2597,10.);
#861=VECTOR('',#2598,10.);
#862=VECTOR('',#2599,10.);
#863=VECTOR('',#2602,10.);
#864=VECTOR('',#2603,10.);
#865=VECTOR('',#2606,10.);
#866=VECTOR('',#2607,10.);
#867=VECTOR('',#2610,10.);
#868=VECTOR('',#2611,10.);
#869=VECTOR('',#2614,10.);
#870=VECTOR('',#2615,10.);
#871=VECTOR('',#2618,10.);
#872=VECTOR('',#2619,10.);
#873=VECTOR('',#2622,10.);
#874=VECTOR('',#2623,10.);
#875=VECTOR('',#2626,10.);
#876=VECTOR('',#2627,10.);
#877=VECTOR('',#2630,10.);
#878=VECTOR('',#2631,10.);
#879=VECTOR('',#2634,10.);
#880=VECTOR('',#2635,10.);
#881=VECTOR('',#2638,10.);
#882=VECTOR('',#2639,10.);
#883=VECTOR('',#2642,10.);
#884=VECTOR('',#2643,10.);
#885=VECTOR('',#2646,10.);
#886=VECTOR('',#2647,10.);
#887=VECTOR('',#2648,10.);
#888=VECTOR('',#2649,10.);
#889=VECTOR('',#2650,10.);
#890=VECTOR('',#2651,10.);
#891=VECTOR('',#2652,10.);
#892=VECTOR('',#2653,10.);
#893=VECTOR('',#2654,10.);
#894=VECTOR('',#2655,10.);
#895=VECTOR('',#2660,10.);
#896=VECTOR('',#2663,10.);
#897=VECTOR('',#2674,10.);
#898=VECTOR('',#2675,10.);
#899=VECTOR('',#2676,10.);
#900=VECTOR('',#2677,10.);
#901=VECTOR('',#2678,10.);
#902=VECTOR('',#2679,10.);
#903=VECTOR('',#2682,10.);
#904=VECTOR('',#2683,10.);
#905=VECTOR('',#2684,10.);
#906=VECTOR('',#2685,10.);
#907=VECTOR('',#2688,10.);
#908=VECTOR('',#2689,10.);
#909=VECTOR('',#2692,10.);
#910=VECTOR('',#2693,10.);
#911=VECTOR('',#2694,10.);
#912=VECTOR('',#2697,10.);
#913=VECTOR('',#2698,10.);
#914=VECTOR('',#2701,10.);
#915=VECTOR('',#2702,10.);
#916=VECTOR('',#2705,10.);
#917=VECTOR('',#2706,10.);
#918=VECTOR('',#2707,10.);
#919=VECTOR('',#2710,10.);
#920=VECTOR('',#2711,10.);
#921=VECTOR('',#2712,10.);
#922=VECTOR('',#2715,10.);
#923=VECTOR('',#2716,10.);
#924=VECTOR('',#2719,10.);
#925=VECTOR('',#2720,10.);
#926=VECTOR('',#2723,10.);
#927=VECTOR('',#2726,10.);
#928=VECTOR('',#2727,10.);
#929=VECTOR('',#2730,10.);
#930=VECTOR('',#2731,10.);
#931=VECTOR('',#2734,10.);
#932=VECTOR('',#2737,10.);
#933=VECTOR('',#2740,10.);
#934=VECTOR('',#2745,3.3);
#935=VECTOR('',#2750,2.9);
#936=VECTOR('',#2755,3.3);
#937=VECTOR('',#2764,10.);
#938=VECTOR('',#2765,10.);
#939=VECTOR('',#2770,10.);
#940=VECTOR('',#2771,10.);
#941=VECTOR('',#2772,10.);
#942=VECTOR('',#2773,10.);
#943=VECTOR('',#2776,10.);
#944=VECTOR('',#2777,10.);
#945=VECTOR('',#2778,10.);
#946=VECTOR('',#2781,10.);
#947=VECTOR('',#2782,10.);
#948=VECTOR('',#2783,10.);
#949=VECTOR('',#2786,10.);
#950=VECTOR('',#2787,10.);
#951=VECTOR('',#2790,10.);
#952=VECTOR('',#2793,10.);
#953=VECTOR('',#2794,10.);
#954=VECTOR('',#2795,10.);
#955=VECTOR('',#2798,10.);
#956=VECTOR('',#2799,10.);
#957=VECTOR('',#2802,10.);
#958=VECTOR('',#2803,10.);
#959=VECTOR('',#2806,10.);
#960=VECTOR('',#2809,10.);
#961=VECTOR('',#2812,10.);
#962=VECTOR('',#2819,10.);
#963=VECTOR('',#2820,10.);
#964=VECTOR('',#2825,10.);
#965=VECTOR('',#2826,10.);
#966=VECTOR('',#2837,4.5);
#967=B_SPLINE_CURVE_WITH_KNOTS('',3,(#2886,#2887,#2888,#2889,#2890,#2891),
 .UNSPECIFIED.,.F.,.F.,(4,1,1,4),(0.,0.333333333333333,0.666666666666667,
1.),.UNSPECIFIED.);
#968=B_SPLINE_CURVE_WITH_KNOTS('',3,(#2893,#2894,#2895,#2896,#2897,#2898),
 .UNSPECIFIED.,.F.,.F.,(4,1,1,4),(0.,0.333333333333333,0.666666666666667,
1.),.UNSPECIFIED.);
#969=B_SPLINE_CURVE_WITH_KNOTS('',3,(#2939,#2940,#2941,#2942,#2943,#2944),
 .UNSPECIFIED.,.F.,.F.,(4,1,1,4),(0.,0.333333333333333,0.666666666666667,
1.),.UNSPECIFIED.);
#970=B_SPLINE_CURVE_WITH_KNOTS('',3,(#2985,#2986,#2987,#2988,#2989,#2990),
 .UNSPECIFIED.,.F.,.F.,(4,1,1,4),(0.,0.333333333333333,0.666666666666667,
1.),.UNSPECIFIED.);
#971=B_SPLINE_CURVE_WITH_KNOTS('',3,(#3031,#3032,#3033,#3034,#3035,#3036),
 .UNSPECIFIED.,.F.,.F.,(4,1,1,4),(0.,0.333333333333333,0.666666666666667,
1.),.UNSPECIFIED.);
#972=B_SPLINE_CURVE_WITH_KNOTS('',3,(#3077,#3078,#3079,#3080,#3081,#3082),
 .UNSPECIFIED.,.F.,.F.,(4,1,1,4),(0.,0.333333333333333,0.666666666666667,
1.),.UNSPECIFIED.);
#973=B_SPLINE_CURVE_WITH_KNOTS('',3,(#3124,#3125,#3126,#3127,#3128,#3129),
 .UNSPECIFIED.,.F.,.F.,(4,1,1,4),(0.,0.333333333333333,0.666666666666667,
1.),.UNSPECIFIED.);
#974=B_SPLINE_CURVE_WITH_KNOTS('',3,(#3131,#3132,#3133,#3134,#3135,#3136),
 .UNSPECIFIED.,.F.,.F.,(4,1,1,4),(0.,0.333333333333333,0.666666666666667,
1.),.UNSPECIFIED.);
#975=B_SPLINE_CURVE_WITH_KNOTS('',3,(#3177,#3178,#3179,#3180,#3181,#3182),
 .UNSPECIFIED.,.F.,.F.,(4,1,1,4),(0.,0.333333333333333,0.666666666666667,
1.),.UNSPECIFIED.);
#976=B_SPLINE_CURVE_WITH_KNOTS('',3,(#3223,#3224,#3225,#3226,#3227,#3228),
 .UNSPECIFIED.,.F.,.F.,(4,1,1,4),(0.,0.333333333333333,0.666666666666667,
1.),.UNSPECIFIED.);
#977=B_SPLINE_CURVE_WITH_KNOTS('',3,(#3269,#3270,#3271,#3272,#3273,#3274),
 .UNSPECIFIED.,.F.,.F.,(4,1,1,4),(0.,0.333333333333333,0.666666666666667,
1.),.UNSPECIFIED.);
#978=B_SPLINE_CURVE_WITH_KNOTS('',3,(#3315,#3316,#3317,#3318,#3319,#3320),
 .UNSPECIFIED.,.F.,.F.,(4,1,1,4),(0.,0.333333333333333,0.666666666666667,
1.),.UNSPECIFIED.);
#979=VERTEX_POINT('',#2884);
#980=VERTEX_POINT('',#2885);
#981=VERTEX_POINT('',#2892);
#982=VERTEX_POINT('',#2899);
#983=VERTEX_POINT('',#2938);
#984=VERTEX_POINT('',#2945);
#985=VERTEX_POINT('',#2984);
#986=VERTEX_POINT('',#2991);
#987=VERTEX_POINT('',#3030);
#988=VERTEX_POINT('',#3037);
#989=VERTEX_POINT('',#3076);
#990=VERTEX_POINT('',#3083);
#991=VERTEX_POINT('',#3122);
#992=VERTEX_POINT('',#3123);
#993=VERTEX_POINT('',#3130);
#994=VERTEX_POINT('',#3137);
#995=VERTEX_POINT('',#3176);
#996=VERTEX_POINT('',#3183);
#997=VERTEX_POINT('',#3222);
#998=VERTEX_POINT('',#3229);
#999=VERTEX_POINT('',#3268);
#1000=VERTEX_POINT('',#3275);
#1001=VERTEX_POINT('',#3314);
#1002=VERTEX_POINT('',#3321);
#1003=VERTEX_POINT('',#3325);
#1004=VERTEX_POINT('',#3326);
#1005=VERTEX_POINT('',#3328);
#1006=VERTEX_POINT('',#3332);
#1007=VERTEX_POINT('',#3333);
#1008=VERTEX_POINT('',#3335);
#1009=VERTEX_POINT('',#3339);
#1010=VERTEX_POINT('',#3340);
#1011=VERTEX_POINT('',#3345);
#1012=VERTEX_POINT('',#3346);
#1013=VERTEX_POINT('',#3354);
#1014=VERTEX_POINT('',#3355);
#1015=VERTEX_POINT('',#3360);
#1016=VERTEX_POINT('',#3361);
#1017=VERTEX_POINT('',#3366);
#1018=VERTEX_POINT('',#3368);
#1019=VERTEX_POINT('',#3372);
#1020=VERTEX_POINT('',#3374);
#1021=VERTEX_POINT('',#3376);
#1022=VERTEX_POINT('',#3378);
#1023=VERTEX_POINT('',#3380);
#1024=VERTEX_POINT('',#3382);
#1025=VERTEX_POINT('',#3384);
#1026=VERTEX_POINT('',#3386);
#1027=VERTEX_POINT('',#3389);
#1028=VERTEX_POINT('',#3392);
#1029=VERTEX_POINT('',#3394);
#1030=VERTEX_POINT('',#3398);
#1031=VERTEX_POINT('',#3402);
#1032=VERTEX_POINT('',#3403);
#1033=VERTEX_POINT('',#3405);
#1034=VERTEX_POINT('',#3407);
#1035=VERTEX_POINT('',#3409);
#1036=VERTEX_POINT('',#3411);
#1037=VERTEX_POINT('',#3415);
#1038=VERTEX_POINT('',#3417);
#1039=VERTEX_POINT('',#3420);
#1040=VERTEX_POINT('',#3422);
#1041=VERTEX_POINT('',#3426);
#1042=VERTEX_POINT('',#3428);
#1043=VERTEX_POINT('',#3430);
#1044=VERTEX_POINT('',#3434);
#1045=VERTEX_POINT('',#3436);
#1046=VERTEX_POINT('',#3440);
#1047=VERTEX_POINT('',#3444);
#1048=VERTEX_POINT('',#3445);
#1049=VERTEX_POINT('',#3447);
#1050=VERTEX_POINT('',#3457);
#1051=VERTEX_POINT('',#3458);
#1052=VERTEX_POINT('',#3460);
#1053=VERTEX_POINT('',#3464);
#1054=VERTEX_POINT('',#3465);
#1055=VERTEX_POINT('',#3467);
#1056=VERTEX_POINT('',#3477);
#1057=VERTEX_POINT('',#3478);
#1058=VERTEX_POINT('',#3486);
#1059=VERTEX_POINT('',#3497);
#1060=VERTEX_POINT('',#3498);
#1061=VERTEX_POINT('',#3500);
#1062=VERTEX_POINT('',#3504);
#1063=VERTEX_POINT('',#3506);
#1064=VERTEX_POINT('',#3510);
#1065=VERTEX_POINT('',#3511);
#1066=VERTEX_POINT('',#3513);
#1067=VERTEX_POINT('',#3517);
#1068=VERTEX_POINT('',#3518);
#1069=VERTEX_POINT('',#3520);
#1070=VERTEX_POINT('',#3524);
#1071=VERTEX_POINT('',#3525);
#1072=VERTEX_POINT('',#3527);
#1073=VERTEX_POINT('',#3531);
#1074=VERTEX_POINT('',#3532);
#1075=VERTEX_POINT('',#3534);
#1076=VERTEX_POINT('',#3538);
#1077=VERTEX_POINT('',#3540);
#1078=VERTEX_POINT('',#3544);
#1079=VERTEX_POINT('',#3545);
#1080=VERTEX_POINT('',#3547);
#1081=VERTEX_POINT('',#3586);
#1082=VERTEX_POINT('',#3590);
#1083=VERTEX_POINT('',#3595);
#1084=VERTEX_POINT('',#3596);
#1085=VERTEX_POINT('',#3604);
#1086=VERTEX_POINT('',#3606);
#1087=VERTEX_POINT('',#3610);
#1088=VERTEX_POINT('',#3649);
#1089=VERTEX_POINT('',#3662);
#1090=VERTEX_POINT('',#3663);
#1091=VERTEX_POINT('',#3665);
#1092=VERTEX_POINT('',#3669);
#1093=VERTEX_POINT('',#3671);
#1094=VERTEX_POINT('',#3680);
#1095=VERTEX_POINT('',#3687);
#1096=VERTEX_POINT('',#3688);
#1097=VERTEX_POINT('',#3695);
#1098=VERTEX_POINT('',#3697);
#1099=VERTEX_POINT('',#3707);
#1100=VERTEX_POINT('',#3732);
#1101=VERTEX_POINT('',#3736);
#1102=VERTEX_POINT('',#3738);
#1103=VERTEX_POINT('',#3740);
#1104=VERTEX_POINT('',#3742);
#1105=VERTEX_POINT('',#3744);
#1106=VERTEX_POINT('',#3746);
#1107=VERTEX_POINT('',#3748);
#1108=VERTEX_POINT('',#3750);
#1109=VERTEX_POINT('',#3752);
#1110=VERTEX_POINT('',#3755);
#1111=VERTEX_POINT('',#3766);
#1112=VERTEX_POINT('',#3767);
#1113=VERTEX_POINT('',#3769);
#1114=VERTEX_POINT('',#3771);
#1115=VERTEX_POINT('',#3773);
#1116=VERTEX_POINT('',#3775);
#1117=VERTEX_POINT('',#3779);
#1118=VERTEX_POINT('',#3781);
#1119=VERTEX_POINT('',#3783);
#1120=VERTEX_POINT('',#3787);
#1121=VERTEX_POINT('',#3791);
#1122=VERTEX_POINT('',#3793);
#1123=VERTEX_POINT('',#3797);
#1124=VERTEX_POINT('',#3801);
#1125=VERTEX_POINT('',#3805);
#1126=VERTEX_POINT('',#3807);
#1127=VERTEX_POINT('',#3811);
#1128=VERTEX_POINT('',#3813);
#1129=VERTEX_POINT('',#3817);
#1130=VERTEX_POINT('',#3829);
#1131=VERTEX_POINT('',#3840);
#1132=VERTEX_POINT('',#3844);
#1133=VERTEX_POINT('',#3848);
#1134=VERTEX_POINT('',#3852);
#1135=VERTEX_POINT('',#3859);
#1136=VERTEX_POINT('',#3860);
#1137=VERTEX_POINT('',#3862);
#1138=VERTEX_POINT('',#3867);
#1139=VERTEX_POINT('',#3869);
#1140=VERTEX_POINT('',#3873);
#1141=VERTEX_POINT('',#3875);
#1142=VERTEX_POINT('',#3884);
#1143=VERTEX_POINT('',#3886);
#1144=EDGE_CURVE('',#979,#980,#967,.T.);
#1145=EDGE_CURVE('',#979,#981,#968,.T.);
#1146=EDGE_CURVE('',#982,#981,#415,.T.);
#1147=EDGE_CURVE('',#980,#982,#416,.T.);
#1148=EDGE_CURVE('',#979,#983,#969,.T.);
#1149=EDGE_CURVE('',#983,#984,#417,.T.);
#1150=EDGE_CURVE('',#981,#984,#418,.T.);
#1151=EDGE_CURVE('',#979,#985,#970,.T.);
#1152=EDGE_CURVE('',#986,#985,#419,.T.);
#1153=EDGE_CURVE('',#986,#983,#420,.T.);
#1154=EDGE_CURVE('',#979,#987,#971,.T.);
#1155=EDGE_CURVE('',#988,#987,#421,.T.);
#1156=EDGE_CURVE('',#985,#988,#422,.T.);
#1157=EDGE_CURVE('',#979,#989,#972,.T.);
#1158=EDGE_CURVE('',#989,#990,#423,.T.);
#1159=EDGE_CURVE('',#987,#990,#424,.T.);
#1160=EDGE_CURVE('',#991,#992,#973,.T.);
#1161=EDGE_CURVE('',#991,#993,#974,.T.);
#1162=EDGE_CURVE('',#994,#993,#425,.T.);
#1163=EDGE_CURVE('',#992,#994,#426,.T.);
#1164=EDGE_CURVE('',#991,#995,#975,.T.);
#1165=EDGE_CURVE('',#995,#996,#427,.T.);
#1166=EDGE_CURVE('',#993,#996,#428,.T.);
#1167=EDGE_CURVE('',#991,#997,#976,.T.);
#1168=EDGE_CURVE('',#998,#997,#429,.T.);
#1169=EDGE_CURVE('',#998,#995,#430,.T.);
#1170=EDGE_CURVE('',#991,#999,#977,.T.);
#1171=EDGE_CURVE('',#1000,#999,#431,.T.);
#1172=EDGE_CURVE('',#997,#1000,#432,.T.);
#1173=EDGE_CURVE('',#991,#1001,#978,.T.);
#1174=EDGE_CURVE('',#1001,#1002,#433,.T.);
#1175=EDGE_CURVE('',#999,#1002,#434,.T.);
#1176=EDGE_CURVE('',#1003,#1004,#435,.T.);
#1177=EDGE_CURVE('',#1005,#1003,#436,.T.);
#1178=EDGE_CURVE('',#1004,#1005,#437,.T.);
#1179=EDGE_CURVE('',#1006,#1007,#438,.T.);
#1180=EDGE_CURVE('',#1008,#1006,#439,.T.);
#1181=EDGE_CURVE('',#1007,#1008,#440,.T.);
#1182=EDGE_CURVE('',#1009,#1010,#441,.T.);
#1183=EDGE_CURVE('',#1010,#1008,#442,.T.);
#1184=EDGE_CURVE('',#1006,#1009,#443,.T.);
#1185=EDGE_CURVE('',#1011,#1012,#444,.T.);
#1186=EDGE_CURVE('',#1012,#1007,#445,.T.);
#1187=EDGE_CURVE('',#1008,#1011,#446,.T.);
#1188=EDGE_CURVE('',#1003,#1006,#447,.T.);
#1189=EDGE_CURVE('',#1007,#1005,#448,.T.);
#1190=EDGE_CURVE('',#1013,#1014,#449,.T.);
#1191=EDGE_CURVE('',#1014,#1004,#450,.T.);
#1192=EDGE_CURVE('',#1005,#1013,#451,.T.);
#1193=EDGE_CURVE('',#1015,#1016,#452,.T.);
#1194=EDGE_CURVE('',#1016,#1003,#453,.T.);
#1195=EDGE_CURVE('',#1004,#1015,#454,.T.);
#1196=EDGE_CURVE('',#1009,#1017,#455,.T.);
#1197=EDGE_CURVE('',#1018,#1017,#456,.T.);
#1198=EDGE_CURVE('',#1018,#1010,#457,.T.);
#1199=EDGE_CURVE('',#1016,#1019,#458,.T.);
#1200=EDGE_CURVE('',#1020,#1019,#459,.T.);
#1201=EDGE_CURVE('',#1021,#1020,#460,.T.);
#1202=EDGE_CURVE('',#1022,#1021,#461,.T.);
#1203=EDGE_CURVE('',#1023,#1022,#462,.T.);
#1204=EDGE_CURVE('',#1024,#1023,#463,.T.);
#1205=EDGE_CURVE('',#1025,#1024,#464,.T.);
#1206=EDGE_CURVE('',#1026,#1025,#465,.T.);
#1207=EDGE_CURVE('',#1026,#1009,#466,.T.);
#1208=EDGE_CURVE('',#1027,#1027,#31,.T.);
#1209=EDGE_CURVE('',#1015,#1028,#467,.T.);
#1210=EDGE_CURVE('',#1029,#1028,#468,.T.);
#1211=EDGE_CURVE('',#1029,#1016,#469,.T.);
#1212=EDGE_CURVE('',#1030,#1014,#470,.T.);
#1213=EDGE_CURVE('',#1028,#1030,#471,.T.);
#1214=EDGE_CURVE('',#1031,#1032,#472,.T.);
#1215=EDGE_CURVE('',#1032,#1033,#473,.T.);
#1216=EDGE_CURVE('',#1033,#1034,#474,.T.);
#1217=EDGE_CURVE('',#1034,#1035,#475,.T.);
#1218=EDGE_CURVE('',#1035,#1036,#476,.T.);
#1219=EDGE_CURVE('',#1036,#1031,#477,.T.);
#1220=EDGE_CURVE('',#1037,#1035,#478,.T.);
#1221=EDGE_CURVE('',#1038,#1037,#479,.T.);
#1222=EDGE_CURVE('',#1025,#1038,#480,.T.);
#1223=EDGE_CURVE('',#1039,#1024,#481,.T.);
#1224=EDGE_CURVE('',#1040,#1039,#482,.T.);
#1225=EDGE_CURVE('',#1036,#1040,#483,.T.);
#1226=EDGE_CURVE('',#1041,#1034,#484,.T.);
#1227=EDGE_CURVE('',#1041,#1042,#485,.T.);
#1228=EDGE_CURVE('',#1043,#1042,#486,.T.);
#1229=EDGE_CURVE('',#1043,#1037,#487,.T.);
#1230=EDGE_CURVE('',#1033,#1044,#488,.T.);
#1231=EDGE_CURVE('',#1044,#1045,#489,.T.);
#1232=EDGE_CURVE('',#1045,#1041,#490,.T.);
#1233=EDGE_CURVE('',#1046,#1044,#491,.T.);
#1234=EDGE_CURVE('',#1045,#1046,#492,.T.);
#1235=EDGE_CURVE('',#1047,#1048,#493,.T.);
#1236=EDGE_CURVE('',#1049,#1047,#494,.T.);
#1237=EDGE_CURVE('',#1048,#1049,#495,.T.);
#1238=EDGE_CURVE('',#1042,#1049,#496,.T.);
#1239=EDGE_CURVE('',#1047,#1043,#497,.T.);
#1240=EDGE_CURVE('',#1046,#1048,#498,.T.);
#1241=EDGE_CURVE('',#1049,#1045,#499,.T.);
#1242=EDGE_CURVE('',#1050,#1051,#500,.T.);
#1243=EDGE_CURVE('',#1052,#1050,#501,.T.);
#1244=EDGE_CURVE('',#1051,#1052,#502,.T.);
#1245=EDGE_CURVE('',#1053,#1054,#503,.T.);
#1246=EDGE_CURVE('',#1055,#1053,#504,.T.);
#1247=EDGE_CURVE('',#1054,#1055,#505,.T.);
#1248=EDGE_CURVE('',#1053,#1047,#506,.T.);
#1249=EDGE_CURVE('',#1048,#1055,#507,.T.);
#1250=EDGE_CURVE('',#1050,#1054,#508,.T.);
#1251=EDGE_CURVE('',#1055,#1052,#509,.T.);
#1252=EDGE_CURVE('',#1056,#1057,#510,.T.);
#1253=EDGE_CURVE('',#1057,#1053,#511,.T.);
#1254=EDGE_CURVE('',#1054,#1056,#512,.T.);
#1255=EDGE_CURVE('',#1044,#1051,#513,.T.);
#1256=EDGE_CURVE('',#1052,#1046,#514,.T.);
#1257=EDGE_CURVE('',#1031,#1058,#515,.T.);
#1258=EDGE_CURVE('',#1058,#1050,#516,.T.);
#1259=EDGE_CURVE('',#1051,#1032,#517,.T.);
#1260=EDGE_CURVE('',#1056,#1058,#518,.T.);
#1261=EDGE_CURVE('',#1040,#1057,#519,.F.);
#1262=EDGE_CURVE('',#1059,#1060,#520,.T.);
#1263=EDGE_CURVE('',#1061,#1059,#521,.T.);
#1264=EDGE_CURVE('',#1060,#1061,#522,.T.);
#1265=EDGE_CURVE('',#1062,#1059,#523,.T.);
#1266=EDGE_CURVE('',#1060,#1063,#524,.T.);
#1267=EDGE_CURVE('',#1063,#1062,#525,.T.);
#1268=EDGE_CURVE('',#1064,#1065,#526,.T.);
#1269=EDGE_CURVE('',#1066,#1064,#527,.T.);
#1270=EDGE_CURVE('',#1065,#1066,#528,.T.);
#1271=EDGE_CURVE('',#1067,#1068,#529,.T.);
#1272=EDGE_CURVE('',#1069,#1067,#530,.T.);
#1273=EDGE_CURVE('',#1068,#1069,#531,.T.);
#1274=EDGE_CURVE('',#1070,#1071,#532,.T.);
#1275=EDGE_CURVE('',#1072,#1070,#533,.T.);
#1276=EDGE_CURVE('',#1071,#1072,#534,.T.);
#1277=EDGE_CURVE('',#1073,#1074,#535,.T.);
#1278=EDGE_CURVE('',#1075,#1073,#536,.T.);
#1279=EDGE_CURVE('',#1074,#1075,#537,.T.);
#1280=EDGE_CURVE('',#1021,#1076,#538,.T.);
#1281=EDGE_CURVE('',#1077,#1021,#539,.T.);
#1282=EDGE_CURVE('',#1076,#1077,#540,.T.);
#1283=EDGE_CURVE('',#1078,#1079,#541,.T.);
#1284=EDGE_CURVE('',#1080,#1078,#542,.T.);
#1285=EDGE_CURVE('',#1079,#1080,#543,.T.);
#1286=EDGE_CURVE('',#1081,#992,#544,.T.);
#1287=EDGE_CURVE('',#1081,#1001,#545,.T.);
#1288=EDGE_CURVE('',#1039,#1082,#546,.T.);
#1289=EDGE_CURVE('',#1082,#994,#547,.T.);
#1290=EDGE_CURVE('',#996,#1039,#548,.T.);
#1291=EDGE_CURVE('',#1083,#1084,#549,.T.);
#1292=EDGE_CURVE('',#1084,#1081,#550,.T.);
#1293=EDGE_CURVE('',#994,#1083,#551,.T.);
#1294=EDGE_CURVE('',#1073,#1000,#552,.T.);
#1295=EDGE_CURVE('',#1002,#1075,#553,.T.);
#1296=EDGE_CURVE('',#1020,#1085,#554,.T.);
#1297=EDGE_CURVE('',#1086,#1020,#555,.T.);
#1298=EDGE_CURVE('',#1085,#1086,#556,.T.);
#1299=EDGE_CURVE('',#1019,#1087,#557,.T.);
#1300=EDGE_CURVE('',#1087,#1086,#558,.T.);
#1301=EDGE_CURVE('',#1088,#980,#559,.T.);
#1302=EDGE_CURVE('',#1088,#989,#560,.T.);
#1303=EDGE_CURVE('',#1000,#982,#561,.T.);
#1304=EDGE_CURVE('',#984,#998,#562,.T.);
#1305=EDGE_CURVE('',#982,#1080,#563,.T.);
#1306=EDGE_CURVE('',#1078,#1088,#564,.T.);
#1307=EDGE_CURVE('',#1086,#988,#565,.T.);
#1308=EDGE_CURVE('',#990,#1085,#566,.T.);
#1309=EDGE_CURVE('',#1089,#1090,#567,.T.);
#1310=EDGE_CURVE('',#1091,#1089,#568,.T.);
#1311=EDGE_CURVE('',#1090,#1091,#569,.T.);
#1312=EDGE_CURVE('',#1092,#1030,#570,.T.);
#1313=EDGE_CURVE('',#1093,#1092,#571,.T.);
#1314=EDGE_CURVE('',#1030,#1093,#572,.T.);
#1315=EDGE_CURVE('',#1089,#1093,#573,.T.);
#1316=EDGE_CURVE('',#1092,#1091,#574,.T.);
#1317=EDGE_CURVE('',#1093,#1029,#575,.T.);
#1318=EDGE_CURVE('',#1013,#1094,#576,.T.);
#1319=EDGE_CURVE('',#1094,#1092,#577,.T.);
#1320=EDGE_CURVE('',#988,#1090,#578,.T.);
#1321=EDGE_CURVE('',#1091,#986,#579,.T.);
#1322=EDGE_CURVE('',#1095,#1096,#580,.T.);
#1323=EDGE_CURVE('',#1096,#1089,#581,.T.);
#1324=EDGE_CURVE('',#1090,#1095,#582,.T.);
#1325=EDGE_CURVE('',#1085,#1077,#583,.T.);
#1326=EDGE_CURVE('',#1097,#1079,#584,.T.);
#1327=EDGE_CURVE('',#1080,#1098,#585,.T.);
#1328=EDGE_CURVE('',#1098,#1097,#586,.T.);
#1329=EDGE_CURVE('',#1070,#1078,#587,.T.);
#1330=EDGE_CURVE('',#1079,#1072,#588,.T.);
#1331=EDGE_CURVE('',#1071,#1076,#589,.T.);
#1332=EDGE_CURVE('',#1077,#1070,#590,.T.);
#1333=EDGE_CURVE('',#1076,#1099,#591,.T.);
#1334=EDGE_CURVE('',#1099,#1022,#592,.T.);
#1335=EDGE_CURVE('',#1064,#1074,#593,.T.);
#1336=EDGE_CURVE('',#1075,#1066,#594,.T.);
#1337=EDGE_CURVE('',#1069,#1073,#595,.T.);
#1338=EDGE_CURVE('',#1074,#1068,#596,.T.);
#1339=EDGE_CURVE('',#1098,#1069,#597,.T.);
#1340=EDGE_CURVE('',#1067,#1097,#598,.T.);
#1341=EDGE_CURVE('',#1063,#1071,#599,.T.);
#1342=EDGE_CURVE('',#1072,#1062,#600,.T.);
#1343=EDGE_CURVE('',#1099,#1065,#601,.T.);
#1344=EDGE_CURVE('',#1066,#1022,#602,.T.);
#1345=EDGE_CURVE('',#1059,#1067,#603,.T.);
#1346=EDGE_CURVE('',#1068,#1061,#604,.T.);
#1347=EDGE_CURVE('',#1065,#1060,#605,.T.);
#1348=EDGE_CURVE('',#1061,#1064,#606,.T.);
#1349=EDGE_CURVE('',#1100,#1024,#607,.T.);
#1350=EDGE_CURVE('',#1100,#1082,#608,.T.);
#1351=EDGE_CURVE('',#1094,#1101,#609,.T.);
#1352=EDGE_CURVE('',#1102,#1101,#610,.T.);
#1353=EDGE_CURVE('',#1103,#1102,#611,.T.);
#1354=EDGE_CURVE('',#1104,#1103,#612,.T.);
#1355=EDGE_CURVE('',#1105,#1104,#613,.T.);
#1356=EDGE_CURVE('',#1106,#1105,#614,.F.);
#1357=EDGE_CURVE('',#1106,#1107,#615,.T.);
#1358=EDGE_CURVE('',#1108,#1107,#616,.T.);
#1359=EDGE_CURVE('',#1109,#1108,#617,.T.);
#1360=EDGE_CURVE('',#1038,#1109,#618,.T.);
#1361=EDGE_CURVE('',#1110,#1110,#23,.T.);
#1362=EDGE_CURVE('',#1029,#1096,#619,.T.);
#1363=EDGE_CURVE('',#1097,#1062,#620,.T.);
#1364=EDGE_CURVE('',#1111,#1112,#621,.T.);
#1365=EDGE_CURVE('',#1112,#1113,#622,.T.);
#1366=EDGE_CURVE('',#1113,#1114,#623,.T.);
#1367=EDGE_CURVE('',#1114,#1115,#624,.T.);
#1368=EDGE_CURVE('',#1115,#1116,#625,.T.);
#1369=EDGE_CURVE('',#1116,#1111,#626,.T.);
#1370=EDGE_CURVE('',#1113,#1117,#627,.T.);
#1371=EDGE_CURVE('',#1117,#1118,#628,.T.);
#1372=EDGE_CURVE('',#1118,#1119,#629,.T.);
#1373=EDGE_CURVE('',#1119,#1114,#630,.T.);
#1374=EDGE_CURVE('',#1120,#1112,#631,.T.);
#1375=EDGE_CURVE('',#1117,#1120,#632,.T.);
#1376=EDGE_CURVE('',#1111,#1121,#633,.T.);
#1377=EDGE_CURVE('',#1121,#1122,#634,.T.);
#1378=EDGE_CURVE('',#1122,#1120,#635,.T.);
#1379=EDGE_CURVE('',#1123,#1122,#636,.T.);
#1380=EDGE_CURVE('',#1120,#1123,#637,.T.);
#1381=EDGE_CURVE('',#1124,#1117,#638,.T.);
#1382=EDGE_CURVE('',#1118,#1124,#639,.T.);
#1383=EDGE_CURVE('',#1104,#1125,#640,.T.);
#1384=EDGE_CURVE('',#1126,#1104,#641,.T.);
#1385=EDGE_CURVE('',#1125,#1126,#642,.T.);
#1386=EDGE_CURVE('',#1103,#1127,#643,.T.);
#1387=EDGE_CURVE('',#1128,#1103,#644,.T.);
#1388=EDGE_CURVE('',#1127,#1128,#645,.T.);
#1389=EDGE_CURVE('',#1102,#1129,#646,.T.);
#1390=EDGE_CURVE('',#1129,#1128,#647,.T.);
#1391=EDGE_CURVE('',#1124,#1127,#648,.T.);
#1392=EDGE_CURVE('',#1128,#1118,#649,.T.);
#1393=EDGE_CURVE('',#1127,#1126,#650,.T.);
#1394=EDGE_CURVE('',#1122,#1125,#651,.T.);
#1395=EDGE_CURVE('',#1126,#1123,#652,.T.);
#1396=EDGE_CURVE('',#1130,#1105,#653,.T.);
#1397=EDGE_CURVE('',#1125,#1130,#654,.T.);
#1398=EDGE_CURVE('',#1123,#1124,#655,.T.);
#1399=EDGE_CURVE('',#1130,#1121,#656,.T.);
#1400=EDGE_CURVE('',#1116,#1106,#657,.T.);
#1401=EDGE_CURVE('',#1110,#1131,#658,.T.);
#1402=EDGE_CURVE('',#1131,#1131,#24,.T.);
#1403=EDGE_CURVE('',#1131,#1132,#659,.T.);
#1404=EDGE_CURVE('',#1132,#1132,#25,.T.);
#1405=EDGE_CURVE('',#1132,#1133,#660,.T.);
#1406=EDGE_CURVE('',#1133,#1133,#26,.T.);
#1407=EDGE_CURVE('',#1134,#1134,#27,.T.);
#1408=EDGE_CURVE('',#1019,#1096,#661,.T.);
#1409=EDGE_CURVE('',#1095,#1087,#662,.T.);
#1410=EDGE_CURVE('',#1135,#1136,#663,.T.);
#1411=EDGE_CURVE('',#1136,#1137,#664,.T.);
#1412=EDGE_CURVE('',#1137,#1026,#665,.T.);
#1413=EDGE_CURVE('',#1135,#1026,#666,.T.);
#1414=EDGE_CURVE('',#1038,#1138,#667,.T.);
#1415=EDGE_CURVE('',#1138,#1139,#668,.T.);
#1416=EDGE_CURVE('',#1139,#1025,#669,.T.);
#1417=EDGE_CURVE('',#1140,#1109,#670,.T.);
#1418=EDGE_CURVE('',#1141,#1140,#671,.T.);
#1419=EDGE_CURVE('',#1109,#1141,#672,.T.);
#1420=EDGE_CURVE('',#1136,#1141,#673,.T.);
#1421=EDGE_CURVE('',#1140,#1137,#674,.T.);
#1422=EDGE_CURVE('',#1141,#1138,#675,.T.);
#1423=EDGE_CURVE('',#1108,#1142,#676,.T.);
#1424=EDGE_CURVE('',#1143,#1108,#677,.T.);
#1425=EDGE_CURVE('',#1142,#1143,#678,.T.);
#1426=EDGE_CURVE('',#1107,#1012,#679,.T.);
#1427=EDGE_CURVE('',#1011,#1143,#680,.T.);
#1428=EDGE_CURVE('',#1017,#1142,#681,.T.);
#1429=EDGE_CURVE('',#1143,#1018,#682,.T.);
#1430=EDGE_CURVE('',#1142,#1140,#683,.T.);
#1431=EDGE_CURVE('',#1139,#1135,#684,.T.);
#1432=EDGE_CURVE('',#1137,#1017,#685,.T.);
#1433=EDGE_CURVE('',#1023,#1084,#686,.T.);
#1434=EDGE_CURVE('',#1083,#1100,#687,.T.);
#1435=EDGE_CURVE('',#1119,#1129,#688,.T.);
#1436=EDGE_CURVE('',#1101,#1115,#689,.T.);
#1437=EDGE_CURVE('',#1134,#1027,#690,.T.);
#1438=ORIENTED_EDGE('',*,*,#1144,.F.);
#1439=ORIENTED_EDGE('',*,*,#1145,.T.);
#1440=ORIENTED_EDGE('',*,*,#1146,.F.);
#1441=ORIENTED_EDGE('',*,*,#1147,.F.);
#1442=ORIENTED_EDGE('',*,*,#1145,.F.);
#1443=ORIENTED_EDGE('',*,*,#1148,.T.);
#1444=ORIENTED_EDGE('',*,*,#1149,.T.);
#1445=ORIENTED_EDGE('',*,*,#1150,.F.);
#1446=ORIENTED_EDGE('',*,*,#1148,.F.);
#1447=ORIENTED_EDGE('',*,*,#1151,.T.);
#1448=ORIENTED_EDGE('',*,*,#1152,.F.);
#1449=ORIENTED_EDGE('',*,*,#1153,.T.);
#1450=ORIENTED_EDGE('',*,*,#1151,.F.);
#1451=ORIENTED_EDGE('',*,*,#1154,.T.);
#1452=ORIENTED_EDGE('',*,*,#1155,.F.);
#1453=ORIENTED_EDGE('',*,*,#1156,.F.);
#1454=ORIENTED_EDGE('',*,*,#1154,.F.);
#1455=ORIENTED_EDGE('',*,*,#1157,.T.);
#1456=ORIENTED_EDGE('',*,*,#1158,.T.);
#1457=ORIENTED_EDGE('',*,*,#1159,.F.);
#1458=ORIENTED_EDGE('',*,*,#1160,.F.);
#1459=ORIENTED_EDGE('',*,*,#1161,.T.);
#1460=ORIENTED_EDGE('',*,*,#1162,.F.);
#1461=ORIENTED_EDGE('',*,*,#1163,.F.);
#1462=ORIENTED_EDGE('',*,*,#1161,.F.);
#1463=ORIENTED_EDGE('',*,*,#1164,.T.);
#1464=ORIENTED_EDGE('',*,*,#1165,.T.);
#1465=ORIENTED_EDGE('',*,*,#1166,.F.);
#1466=ORIENTED_EDGE('',*,*,#1164,.F.);
#1467=ORIENTED_EDGE('',*,*,#1167,.T.);
#1468=ORIENTED_EDGE('',*,*,#1168,.F.);
#1469=ORIENTED_EDGE('',*,*,#1169,.T.);
#1470=ORIENTED_EDGE('',*,*,#1167,.F.);
#1471=ORIENTED_EDGE('',*,*,#1170,.T.);
#1472=ORIENTED_EDGE('',*,*,#1171,.F.);
#1473=ORIENTED_EDGE('',*,*,#1172,.F.);
#1474=ORIENTED_EDGE('',*,*,#1170,.F.);
#1475=ORIENTED_EDGE('',*,*,#1173,.T.);
#1476=ORIENTED_EDGE('',*,*,#1174,.T.);
#1477=ORIENTED_EDGE('',*,*,#1175,.F.);
#1478=ORIENTED_EDGE('',*,*,#1176,.F.);
#1479=ORIENTED_EDGE('',*,*,#1177,.F.);
#1480=ORIENTED_EDGE('',*,*,#1178,.F.);
#1481=ORIENTED_EDGE('',*,*,#1179,.F.);
#1482=ORIENTED_EDGE('',*,*,#1180,.F.);
#1483=ORIENTED_EDGE('',*,*,#1181,.F.);
#1484=ORIENTED_EDGE('',*,*,#1182,.T.);
#1485=ORIENTED_EDGE('',*,*,#1183,.T.);
#1486=ORIENTED_EDGE('',*,*,#1180,.T.);
#1487=ORIENTED_EDGE('',*,*,#1184,.T.);
#1488=ORIENTED_EDGE('',*,*,#1185,.T.);
#1489=ORIENTED_EDGE('',*,*,#1186,.T.);
#1490=ORIENTED_EDGE('',*,*,#1181,.T.);
#1491=ORIENTED_EDGE('',*,*,#1187,.T.);
#1492=ORIENTED_EDGE('',*,*,#1177,.T.);
#1493=ORIENTED_EDGE('',*,*,#1188,.T.);
#1494=ORIENTED_EDGE('',*,*,#1179,.T.);
#1495=ORIENTED_EDGE('',*,*,#1189,.T.);
#1496=ORIENTED_EDGE('',*,*,#1190,.T.);
#1497=ORIENTED_EDGE('',*,*,#1191,.T.);
#1498=ORIENTED_EDGE('',*,*,#1178,.T.);
#1499=ORIENTED_EDGE('',*,*,#1192,.T.);
#1500=ORIENTED_EDGE('',*,*,#1193,.T.);
#1501=ORIENTED_EDGE('',*,*,#1194,.T.);
#1502=ORIENTED_EDGE('',*,*,#1176,.T.);
#1503=ORIENTED_EDGE('',*,*,#1195,.T.);
#1504=ORIENTED_EDGE('',*,*,#1182,.F.);
#1505=ORIENTED_EDGE('',*,*,#1196,.T.);
#1506=ORIENTED_EDGE('',*,*,#1197,.F.);
#1507=ORIENTED_EDGE('',*,*,#1198,.T.);
#1508=ORIENTED_EDGE('',*,*,#1184,.F.);
#1509=ORIENTED_EDGE('',*,*,#1188,.F.);
#1510=ORIENTED_EDGE('',*,*,#1194,.F.);
#1511=ORIENTED_EDGE('',*,*,#1199,.T.);
#1512=ORIENTED_EDGE('',*,*,#1200,.F.);
#1513=ORIENTED_EDGE('',*,*,#1201,.F.);
#1514=ORIENTED_EDGE('',*,*,#1202,.F.);
#1515=ORIENTED_EDGE('',*,*,#1203,.F.);
#1516=ORIENTED_EDGE('',*,*,#1204,.F.);
#1517=ORIENTED_EDGE('',*,*,#1205,.F.);
#1518=ORIENTED_EDGE('',*,*,#1206,.F.);
#1519=ORIENTED_EDGE('',*,*,#1207,.T.);
#1520=ORIENTED_EDGE('',*,*,#1208,.T.);
#1521=ORIENTED_EDGE('',*,*,#1193,.F.);
#1522=ORIENTED_EDGE('',*,*,#1209,.T.);
#1523=ORIENTED_EDGE('',*,*,#1210,.F.);
#1524=ORIENTED_EDGE('',*,*,#1211,.T.);
#1525=ORIENTED_EDGE('',*,*,#1195,.F.);
#1526=ORIENTED_EDGE('',*,*,#1191,.F.);
#1527=ORIENTED_EDGE('',*,*,#1212,.F.);
#1528=ORIENTED_EDGE('',*,*,#1213,.F.);
#1529=ORIENTED_EDGE('',*,*,#1209,.F.);
#1530=ORIENTED_EDGE('',*,*,#1214,.T.);
#1531=ORIENTED_EDGE('',*,*,#1215,.T.);
#1532=ORIENTED_EDGE('',*,*,#1216,.T.);
#1533=ORIENTED_EDGE('',*,*,#1217,.T.);
#1534=ORIENTED_EDGE('',*,*,#1218,.T.);
#1535=ORIENTED_EDGE('',*,*,#1219,.T.);
#1536=ORIENTED_EDGE('',*,*,#1218,.F.);
#1537=ORIENTED_EDGE('',*,*,#1220,.F.);
#1538=ORIENTED_EDGE('',*,*,#1221,.F.);
#1539=ORIENTED_EDGE('',*,*,#1222,.F.);
#1540=ORIENTED_EDGE('',*,*,#1205,.T.);
#1541=ORIENTED_EDGE('',*,*,#1223,.F.);
#1542=ORIENTED_EDGE('',*,*,#1224,.F.);
#1543=ORIENTED_EDGE('',*,*,#1225,.F.);
#1544=ORIENTED_EDGE('',*,*,#1217,.F.);
#1545=ORIENTED_EDGE('',*,*,#1226,.F.);
#1546=ORIENTED_EDGE('',*,*,#1227,.T.);
#1547=ORIENTED_EDGE('',*,*,#1228,.F.);
#1548=ORIENTED_EDGE('',*,*,#1229,.T.);
#1549=ORIENTED_EDGE('',*,*,#1220,.T.);
#1550=ORIENTED_EDGE('',*,*,#1216,.F.);
#1551=ORIENTED_EDGE('',*,*,#1230,.T.);
#1552=ORIENTED_EDGE('',*,*,#1231,.T.);
#1553=ORIENTED_EDGE('',*,*,#1232,.T.);
#1554=ORIENTED_EDGE('',*,*,#1226,.T.);
#1555=ORIENTED_EDGE('',*,*,#1233,.F.);
#1556=ORIENTED_EDGE('',*,*,#1234,.F.);
#1557=ORIENTED_EDGE('',*,*,#1231,.F.);
#1558=ORIENTED_EDGE('',*,*,#1235,.F.);
#1559=ORIENTED_EDGE('',*,*,#1236,.F.);
#1560=ORIENTED_EDGE('',*,*,#1237,.F.);
#1561=ORIENTED_EDGE('',*,*,#1228,.T.);
#1562=ORIENTED_EDGE('',*,*,#1238,.T.);
#1563=ORIENTED_EDGE('',*,*,#1236,.T.);
#1564=ORIENTED_EDGE('',*,*,#1239,.T.);
#1565=ORIENTED_EDGE('',*,*,#1234,.T.);
#1566=ORIENTED_EDGE('',*,*,#1240,.T.);
#1567=ORIENTED_EDGE('',*,*,#1237,.T.);
#1568=ORIENTED_EDGE('',*,*,#1241,.T.);
#1569=ORIENTED_EDGE('',*,*,#1242,.F.);
#1570=ORIENTED_EDGE('',*,*,#1243,.F.);
#1571=ORIENTED_EDGE('',*,*,#1244,.F.);
#1572=ORIENTED_EDGE('',*,*,#1245,.F.);
#1573=ORIENTED_EDGE('',*,*,#1246,.F.);
#1574=ORIENTED_EDGE('',*,*,#1247,.F.);
#1575=ORIENTED_EDGE('',*,*,#1246,.T.);
#1576=ORIENTED_EDGE('',*,*,#1248,.T.);
#1577=ORIENTED_EDGE('',*,*,#1235,.T.);
#1578=ORIENTED_EDGE('',*,*,#1249,.T.);
#1579=ORIENTED_EDGE('',*,*,#1243,.T.);
#1580=ORIENTED_EDGE('',*,*,#1250,.T.);
#1581=ORIENTED_EDGE('',*,*,#1247,.T.);
#1582=ORIENTED_EDGE('',*,*,#1251,.T.);
#1583=ORIENTED_EDGE('',*,*,#1252,.T.);
#1584=ORIENTED_EDGE('',*,*,#1253,.T.);
#1585=ORIENTED_EDGE('',*,*,#1245,.T.);
#1586=ORIENTED_EDGE('',*,*,#1254,.T.);
#1587=ORIENTED_EDGE('',*,*,#1233,.T.);
#1588=ORIENTED_EDGE('',*,*,#1255,.T.);
#1589=ORIENTED_EDGE('',*,*,#1244,.T.);
#1590=ORIENTED_EDGE('',*,*,#1256,.T.);
#1591=ORIENTED_EDGE('',*,*,#1214,.F.);
#1592=ORIENTED_EDGE('',*,*,#1257,.T.);
#1593=ORIENTED_EDGE('',*,*,#1258,.T.);
#1594=ORIENTED_EDGE('',*,*,#1242,.T.);
#1595=ORIENTED_EDGE('',*,*,#1259,.T.);
#1596=ORIENTED_EDGE('',*,*,#1254,.F.);
#1597=ORIENTED_EDGE('',*,*,#1250,.F.);
#1598=ORIENTED_EDGE('',*,*,#1258,.F.);
#1599=ORIENTED_EDGE('',*,*,#1260,.F.);
#1600=ORIENTED_EDGE('',*,*,#1219,.F.);
#1601=ORIENTED_EDGE('',*,*,#1225,.T.);
#1602=ORIENTED_EDGE('',*,*,#1261,.T.);
#1603=ORIENTED_EDGE('',*,*,#1252,.F.);
#1604=ORIENTED_EDGE('',*,*,#1260,.T.);
#1605=ORIENTED_EDGE('',*,*,#1257,.F.);
#1606=ORIENTED_EDGE('',*,*,#1215,.F.);
#1607=ORIENTED_EDGE('',*,*,#1259,.F.);
#1608=ORIENTED_EDGE('',*,*,#1255,.F.);
#1609=ORIENTED_EDGE('',*,*,#1230,.F.);
#1610=ORIENTED_EDGE('',*,*,#1240,.F.);
#1611=ORIENTED_EDGE('',*,*,#1256,.F.);
#1612=ORIENTED_EDGE('',*,*,#1251,.F.);
#1613=ORIENTED_EDGE('',*,*,#1249,.F.);
#1614=ORIENTED_EDGE('',*,*,#1262,.F.);
#1615=ORIENTED_EDGE('',*,*,#1263,.F.);
#1616=ORIENTED_EDGE('',*,*,#1264,.F.);
#1617=ORIENTED_EDGE('',*,*,#1265,.T.);
#1618=ORIENTED_EDGE('',*,*,#1262,.T.);
#1619=ORIENTED_EDGE('',*,*,#1266,.T.);
#1620=ORIENTED_EDGE('',*,*,#1267,.T.);
#1621=ORIENTED_EDGE('',*,*,#1268,.F.);
#1622=ORIENTED_EDGE('',*,*,#1269,.F.);
#1623=ORIENTED_EDGE('',*,*,#1270,.F.);
#1624=ORIENTED_EDGE('',*,*,#1271,.F.);
#1625=ORIENTED_EDGE('',*,*,#1272,.F.);
#1626=ORIENTED_EDGE('',*,*,#1273,.F.);
#1627=ORIENTED_EDGE('',*,*,#1274,.F.);
#1628=ORIENTED_EDGE('',*,*,#1275,.F.);
#1629=ORIENTED_EDGE('',*,*,#1276,.F.);
#1630=ORIENTED_EDGE('',*,*,#1277,.F.);
#1631=ORIENTED_EDGE('',*,*,#1278,.F.);
#1632=ORIENTED_EDGE('',*,*,#1279,.F.);
#1633=ORIENTED_EDGE('',*,*,#1280,.F.);
#1634=ORIENTED_EDGE('',*,*,#1281,.F.);
#1635=ORIENTED_EDGE('',*,*,#1282,.F.);
#1636=ORIENTED_EDGE('',*,*,#1283,.F.);
#1637=ORIENTED_EDGE('',*,*,#1284,.F.);
#1638=ORIENTED_EDGE('',*,*,#1285,.F.);
#1639=ORIENTED_EDGE('',*,*,#1160,.T.);
#1640=ORIENTED_EDGE('',*,*,#1286,.F.);
#1641=ORIENTED_EDGE('',*,*,#1287,.T.);
#1642=ORIENTED_EDGE('',*,*,#1173,.F.);
#1643=ORIENTED_EDGE('',*,*,#1288,.T.);
#1644=ORIENTED_EDGE('',*,*,#1289,.T.);
#1645=ORIENTED_EDGE('',*,*,#1162,.T.);
#1646=ORIENTED_EDGE('',*,*,#1166,.T.);
#1647=ORIENTED_EDGE('',*,*,#1290,.T.);
#1648=ORIENTED_EDGE('',*,*,#1291,.T.);
#1649=ORIENTED_EDGE('',*,*,#1292,.T.);
#1650=ORIENTED_EDGE('',*,*,#1286,.T.);
#1651=ORIENTED_EDGE('',*,*,#1163,.T.);
#1652=ORIENTED_EDGE('',*,*,#1293,.T.);
#1653=ORIENTED_EDGE('',*,*,#1278,.T.);
#1654=ORIENTED_EDGE('',*,*,#1294,.T.);
#1655=ORIENTED_EDGE('',*,*,#1171,.T.);
#1656=ORIENTED_EDGE('',*,*,#1175,.T.);
#1657=ORIENTED_EDGE('',*,*,#1295,.T.);
#1658=ORIENTED_EDGE('',*,*,#1296,.F.);
#1659=ORIENTED_EDGE('',*,*,#1297,.F.);
#1660=ORIENTED_EDGE('',*,*,#1298,.F.);
#1661=ORIENTED_EDGE('',*,*,#1299,.T.);
#1662=ORIENTED_EDGE('',*,*,#1300,.T.);
#1663=ORIENTED_EDGE('',*,*,#1297,.T.);
#1664=ORIENTED_EDGE('',*,*,#1200,.T.);
#1665=ORIENTED_EDGE('',*,*,#1144,.T.);
#1666=ORIENTED_EDGE('',*,*,#1301,.F.);
#1667=ORIENTED_EDGE('',*,*,#1302,.T.);
#1668=ORIENTED_EDGE('',*,*,#1157,.F.);
#1669=ORIENTED_EDGE('',*,*,#1168,.T.);
#1670=ORIENTED_EDGE('',*,*,#1172,.T.);
#1671=ORIENTED_EDGE('',*,*,#1303,.T.);
#1672=ORIENTED_EDGE('',*,*,#1146,.T.);
#1673=ORIENTED_EDGE('',*,*,#1150,.T.);
#1674=ORIENTED_EDGE('',*,*,#1304,.T.);
#1675=ORIENTED_EDGE('',*,*,#1301,.T.);
#1676=ORIENTED_EDGE('',*,*,#1147,.T.);
#1677=ORIENTED_EDGE('',*,*,#1305,.T.);
#1678=ORIENTED_EDGE('',*,*,#1284,.T.);
#1679=ORIENTED_EDGE('',*,*,#1306,.T.);
#1680=ORIENTED_EDGE('',*,*,#1298,.T.);
#1681=ORIENTED_EDGE('',*,*,#1307,.T.);
#1682=ORIENTED_EDGE('',*,*,#1155,.T.);
#1683=ORIENTED_EDGE('',*,*,#1159,.T.);
#1684=ORIENTED_EDGE('',*,*,#1308,.T.);
#1685=ORIENTED_EDGE('',*,*,#1309,.F.);
#1686=ORIENTED_EDGE('',*,*,#1310,.F.);
#1687=ORIENTED_EDGE('',*,*,#1311,.F.);
#1688=ORIENTED_EDGE('',*,*,#1312,.F.);
#1689=ORIENTED_EDGE('',*,*,#1313,.F.);
#1690=ORIENTED_EDGE('',*,*,#1314,.F.);
#1691=ORIENTED_EDGE('',*,*,#1310,.T.);
#1692=ORIENTED_EDGE('',*,*,#1315,.T.);
#1693=ORIENTED_EDGE('',*,*,#1313,.T.);
#1694=ORIENTED_EDGE('',*,*,#1316,.T.);
#1695=ORIENTED_EDGE('',*,*,#1210,.T.);
#1696=ORIENTED_EDGE('',*,*,#1213,.T.);
#1697=ORIENTED_EDGE('',*,*,#1314,.T.);
#1698=ORIENTED_EDGE('',*,*,#1317,.T.);
#1699=ORIENTED_EDGE('',*,*,#1318,.T.);
#1700=ORIENTED_EDGE('',*,*,#1319,.T.);
#1701=ORIENTED_EDGE('',*,*,#1312,.T.);
#1702=ORIENTED_EDGE('',*,*,#1212,.T.);
#1703=ORIENTED_EDGE('',*,*,#1190,.F.);
#1704=ORIENTED_EDGE('',*,*,#1152,.T.);
#1705=ORIENTED_EDGE('',*,*,#1156,.T.);
#1706=ORIENTED_EDGE('',*,*,#1320,.T.);
#1707=ORIENTED_EDGE('',*,*,#1311,.T.);
#1708=ORIENTED_EDGE('',*,*,#1321,.T.);
#1709=ORIENTED_EDGE('',*,*,#1322,.T.);
#1710=ORIENTED_EDGE('',*,*,#1323,.T.);
#1711=ORIENTED_EDGE('',*,*,#1309,.T.);
#1712=ORIENTED_EDGE('',*,*,#1324,.T.);
#1713=ORIENTED_EDGE('',*,*,#1281,.T.);
#1714=ORIENTED_EDGE('',*,*,#1201,.T.);
#1715=ORIENTED_EDGE('',*,*,#1296,.T.);
#1716=ORIENTED_EDGE('',*,*,#1325,.T.);
#1717=ORIENTED_EDGE('',*,*,#1326,.T.);
#1718=ORIENTED_EDGE('',*,*,#1285,.T.);
#1719=ORIENTED_EDGE('',*,*,#1327,.T.);
#1720=ORIENTED_EDGE('',*,*,#1328,.T.);
#1721=ORIENTED_EDGE('',*,*,#1275,.T.);
#1722=ORIENTED_EDGE('',*,*,#1329,.T.);
#1723=ORIENTED_EDGE('',*,*,#1283,.T.);
#1724=ORIENTED_EDGE('',*,*,#1330,.T.);
#1725=ORIENTED_EDGE('',*,*,#1274,.T.);
#1726=ORIENTED_EDGE('',*,*,#1331,.T.);
#1727=ORIENTED_EDGE('',*,*,#1282,.T.);
#1728=ORIENTED_EDGE('',*,*,#1332,.T.);
#1729=ORIENTED_EDGE('',*,*,#1202,.T.);
#1730=ORIENTED_EDGE('',*,*,#1280,.T.);
#1731=ORIENTED_EDGE('',*,*,#1333,.T.);
#1732=ORIENTED_EDGE('',*,*,#1334,.T.);
#1733=ORIENTED_EDGE('',*,*,#1269,.T.);
#1734=ORIENTED_EDGE('',*,*,#1335,.T.);
#1735=ORIENTED_EDGE('',*,*,#1279,.T.);
#1736=ORIENTED_EDGE('',*,*,#1336,.T.);
#1737=ORIENTED_EDGE('',*,*,#1273,.T.);
#1738=ORIENTED_EDGE('',*,*,#1337,.T.);
#1739=ORIENTED_EDGE('',*,*,#1277,.T.);
#1740=ORIENTED_EDGE('',*,*,#1338,.T.);
#1741=ORIENTED_EDGE('',*,*,#1339,.T.);
#1742=ORIENTED_EDGE('',*,*,#1272,.T.);
#1743=ORIENTED_EDGE('',*,*,#1340,.T.);
#1744=ORIENTED_EDGE('',*,*,#1328,.F.);
#1745=ORIENTED_EDGE('',*,*,#1341,.T.);
#1746=ORIENTED_EDGE('',*,*,#1276,.T.);
#1747=ORIENTED_EDGE('',*,*,#1342,.T.);
#1748=ORIENTED_EDGE('',*,*,#1267,.F.);
#1749=ORIENTED_EDGE('',*,*,#1343,.T.);
#1750=ORIENTED_EDGE('',*,*,#1270,.T.);
#1751=ORIENTED_EDGE('',*,*,#1344,.T.);
#1752=ORIENTED_EDGE('',*,*,#1334,.F.);
#1753=ORIENTED_EDGE('',*,*,#1263,.T.);
#1754=ORIENTED_EDGE('',*,*,#1345,.T.);
#1755=ORIENTED_EDGE('',*,*,#1271,.T.);
#1756=ORIENTED_EDGE('',*,*,#1346,.T.);
#1757=ORIENTED_EDGE('',*,*,#1268,.T.);
#1758=ORIENTED_EDGE('',*,*,#1347,.T.);
#1759=ORIENTED_EDGE('',*,*,#1264,.T.);
#1760=ORIENTED_EDGE('',*,*,#1348,.T.);
#1761=ORIENTED_EDGE('',*,*,#1288,.F.);
#1762=ORIENTED_EDGE('',*,*,#1223,.T.);
#1763=ORIENTED_EDGE('',*,*,#1349,.F.);
#1764=ORIENTED_EDGE('',*,*,#1350,.T.);
#1765=ORIENTED_EDGE('',*,*,#1261,.F.);
#1766=ORIENTED_EDGE('',*,*,#1224,.T.);
#1767=ORIENTED_EDGE('',*,*,#1290,.F.);
#1768=ORIENTED_EDGE('',*,*,#1165,.F.);
#1769=ORIENTED_EDGE('',*,*,#1169,.F.);
#1770=ORIENTED_EDGE('',*,*,#1304,.F.);
#1771=ORIENTED_EDGE('',*,*,#1149,.F.);
#1772=ORIENTED_EDGE('',*,*,#1153,.F.);
#1773=ORIENTED_EDGE('',*,*,#1321,.F.);
#1774=ORIENTED_EDGE('',*,*,#1316,.F.);
#1775=ORIENTED_EDGE('',*,*,#1319,.F.);
#1776=ORIENTED_EDGE('',*,*,#1351,.T.);
#1777=ORIENTED_EDGE('',*,*,#1352,.F.);
#1778=ORIENTED_EDGE('',*,*,#1353,.F.);
#1779=ORIENTED_EDGE('',*,*,#1354,.F.);
#1780=ORIENTED_EDGE('',*,*,#1355,.F.);
#1781=ORIENTED_EDGE('',*,*,#1356,.F.);
#1782=ORIENTED_EDGE('',*,*,#1357,.T.);
#1783=ORIENTED_EDGE('',*,*,#1358,.F.);
#1784=ORIENTED_EDGE('',*,*,#1359,.F.);
#1785=ORIENTED_EDGE('',*,*,#1360,.F.);
#1786=ORIENTED_EDGE('',*,*,#1221,.T.);
#1787=ORIENTED_EDGE('',*,*,#1229,.F.);
#1788=ORIENTED_EDGE('',*,*,#1239,.F.);
#1789=ORIENTED_EDGE('',*,*,#1248,.F.);
#1790=ORIENTED_EDGE('',*,*,#1253,.F.);
#1791=ORIENTED_EDGE('',*,*,#1361,.F.);
#1792=ORIENTED_EDGE('',*,*,#1317,.F.);
#1793=ORIENTED_EDGE('',*,*,#1315,.F.);
#1794=ORIENTED_EDGE('',*,*,#1323,.F.);
#1795=ORIENTED_EDGE('',*,*,#1362,.F.);
#1796=ORIENTED_EDGE('',*,*,#1342,.F.);
#1797=ORIENTED_EDGE('',*,*,#1330,.F.);
#1798=ORIENTED_EDGE('',*,*,#1326,.F.);
#1799=ORIENTED_EDGE('',*,*,#1363,.T.);
#1800=ORIENTED_EDGE('',*,*,#1294,.F.);
#1801=ORIENTED_EDGE('',*,*,#1337,.F.);
#1802=ORIENTED_EDGE('',*,*,#1339,.F.);
#1803=ORIENTED_EDGE('',*,*,#1327,.F.);
#1804=ORIENTED_EDGE('',*,*,#1305,.F.);
#1805=ORIENTED_EDGE('',*,*,#1303,.F.);
#1806=ORIENTED_EDGE('',*,*,#1302,.F.);
#1807=ORIENTED_EDGE('',*,*,#1306,.F.);
#1808=ORIENTED_EDGE('',*,*,#1329,.F.);
#1809=ORIENTED_EDGE('',*,*,#1332,.F.);
#1810=ORIENTED_EDGE('',*,*,#1325,.F.);
#1811=ORIENTED_EDGE('',*,*,#1308,.F.);
#1812=ORIENTED_EDGE('',*,*,#1158,.F.);
#1813=ORIENTED_EDGE('',*,*,#1331,.F.);
#1814=ORIENTED_EDGE('',*,*,#1341,.F.);
#1815=ORIENTED_EDGE('',*,*,#1266,.F.);
#1816=ORIENTED_EDGE('',*,*,#1347,.F.);
#1817=ORIENTED_EDGE('',*,*,#1343,.F.);
#1818=ORIENTED_EDGE('',*,*,#1333,.F.);
#1819=ORIENTED_EDGE('',*,*,#1335,.F.);
#1820=ORIENTED_EDGE('',*,*,#1348,.F.);
#1821=ORIENTED_EDGE('',*,*,#1346,.F.);
#1822=ORIENTED_EDGE('',*,*,#1338,.F.);
#1823=ORIENTED_EDGE('',*,*,#1364,.T.);
#1824=ORIENTED_EDGE('',*,*,#1365,.T.);
#1825=ORIENTED_EDGE('',*,*,#1366,.T.);
#1826=ORIENTED_EDGE('',*,*,#1367,.T.);
#1827=ORIENTED_EDGE('',*,*,#1368,.T.);
#1828=ORIENTED_EDGE('',*,*,#1369,.T.);
#1829=ORIENTED_EDGE('',*,*,#1366,.F.);
#1830=ORIENTED_EDGE('',*,*,#1370,.T.);
#1831=ORIENTED_EDGE('',*,*,#1371,.T.);
#1832=ORIENTED_EDGE('',*,*,#1372,.T.);
#1833=ORIENTED_EDGE('',*,*,#1373,.T.);
#1834=ORIENTED_EDGE('',*,*,#1365,.F.);
#1835=ORIENTED_EDGE('',*,*,#1374,.F.);
#1836=ORIENTED_EDGE('',*,*,#1375,.F.);
#1837=ORIENTED_EDGE('',*,*,#1370,.F.);
#1838=ORIENTED_EDGE('',*,*,#1364,.F.);
#1839=ORIENTED_EDGE('',*,*,#1376,.T.);
#1840=ORIENTED_EDGE('',*,*,#1377,.T.);
#1841=ORIENTED_EDGE('',*,*,#1378,.T.);
#1842=ORIENTED_EDGE('',*,*,#1374,.T.);
#1843=ORIENTED_EDGE('',*,*,#1378,.F.);
#1844=ORIENTED_EDGE('',*,*,#1379,.F.);
#1845=ORIENTED_EDGE('',*,*,#1380,.F.);
#1846=ORIENTED_EDGE('',*,*,#1381,.F.);
#1847=ORIENTED_EDGE('',*,*,#1382,.F.);
#1848=ORIENTED_EDGE('',*,*,#1371,.F.);
#1849=ORIENTED_EDGE('',*,*,#1383,.F.);
#1850=ORIENTED_EDGE('',*,*,#1384,.F.);
#1851=ORIENTED_EDGE('',*,*,#1385,.F.);
#1852=ORIENTED_EDGE('',*,*,#1386,.F.);
#1853=ORIENTED_EDGE('',*,*,#1387,.F.);
#1854=ORIENTED_EDGE('',*,*,#1388,.F.);
#1855=ORIENTED_EDGE('',*,*,#1389,.T.);
#1856=ORIENTED_EDGE('',*,*,#1390,.T.);
#1857=ORIENTED_EDGE('',*,*,#1387,.T.);
#1858=ORIENTED_EDGE('',*,*,#1353,.T.);
#1859=ORIENTED_EDGE('',*,*,#1382,.T.);
#1860=ORIENTED_EDGE('',*,*,#1391,.T.);
#1861=ORIENTED_EDGE('',*,*,#1388,.T.);
#1862=ORIENTED_EDGE('',*,*,#1392,.T.);
#1863=ORIENTED_EDGE('',*,*,#1384,.T.);
#1864=ORIENTED_EDGE('',*,*,#1354,.T.);
#1865=ORIENTED_EDGE('',*,*,#1386,.T.);
#1866=ORIENTED_EDGE('',*,*,#1393,.T.);
#1867=ORIENTED_EDGE('',*,*,#1379,.T.);
#1868=ORIENTED_EDGE('',*,*,#1394,.T.);
#1869=ORIENTED_EDGE('',*,*,#1385,.T.);
#1870=ORIENTED_EDGE('',*,*,#1395,.T.);
#1871=ORIENTED_EDGE('',*,*,#1396,.T.);
#1872=ORIENTED_EDGE('',*,*,#1355,.T.);
#1873=ORIENTED_EDGE('',*,*,#1383,.T.);
#1874=ORIENTED_EDGE('',*,*,#1397,.T.);
#1875=ORIENTED_EDGE('',*,*,#1381,.T.);
#1876=ORIENTED_EDGE('',*,*,#1375,.T.);
#1877=ORIENTED_EDGE('',*,*,#1380,.T.);
#1878=ORIENTED_EDGE('',*,*,#1398,.T.);
#1879=ORIENTED_EDGE('',*,*,#1397,.F.);
#1880=ORIENTED_EDGE('',*,*,#1394,.F.);
#1881=ORIENTED_EDGE('',*,*,#1377,.F.);
#1882=ORIENTED_EDGE('',*,*,#1399,.F.);
#1883=ORIENTED_EDGE('',*,*,#1369,.F.);
#1884=ORIENTED_EDGE('',*,*,#1400,.T.);
#1885=ORIENTED_EDGE('',*,*,#1356,.T.);
#1886=ORIENTED_EDGE('',*,*,#1396,.F.);
#1887=ORIENTED_EDGE('',*,*,#1399,.T.);
#1888=ORIENTED_EDGE('',*,*,#1376,.F.);
#1889=ORIENTED_EDGE('',*,*,#1391,.F.);
#1890=ORIENTED_EDGE('',*,*,#1398,.F.);
#1891=ORIENTED_EDGE('',*,*,#1395,.F.);
#1892=ORIENTED_EDGE('',*,*,#1393,.F.);
#1893=ORIENTED_EDGE('',*,*,#1361,.T.);
#1894=ORIENTED_EDGE('',*,*,#1401,.T.);
#1895=ORIENTED_EDGE('',*,*,#1402,.T.);
#1896=ORIENTED_EDGE('',*,*,#1401,.F.);
#1897=ORIENTED_EDGE('',*,*,#1402,.F.);
#1898=ORIENTED_EDGE('',*,*,#1403,.T.);
#1899=ORIENTED_EDGE('',*,*,#1404,.F.);
#1900=ORIENTED_EDGE('',*,*,#1403,.F.);
#1901=ORIENTED_EDGE('',*,*,#1404,.T.);
#1902=ORIENTED_EDGE('',*,*,#1405,.T.);
#1903=ORIENTED_EDGE('',*,*,#1406,.T.);
#1904=ORIENTED_EDGE('',*,*,#1405,.F.);
#1905=ORIENTED_EDGE('',*,*,#1407,.F.);
#1906=ORIENTED_EDGE('',*,*,#1406,.F.);
#1907=ORIENTED_EDGE('',*,*,#1299,.F.);
#1908=ORIENTED_EDGE('',*,*,#1408,.T.);
#1909=ORIENTED_EDGE('',*,*,#1322,.F.);
#1910=ORIENTED_EDGE('',*,*,#1409,.T.);
#1911=ORIENTED_EDGE('',*,*,#1408,.F.);
#1912=ORIENTED_EDGE('',*,*,#1199,.F.);
#1913=ORIENTED_EDGE('',*,*,#1211,.F.);
#1914=ORIENTED_EDGE('',*,*,#1362,.T.);
#1915=ORIENTED_EDGE('',*,*,#1410,.T.);
#1916=ORIENTED_EDGE('',*,*,#1411,.T.);
#1917=ORIENTED_EDGE('',*,*,#1412,.T.);
#1918=ORIENTED_EDGE('',*,*,#1413,.F.);
#1919=ORIENTED_EDGE('',*,*,#1222,.T.);
#1920=ORIENTED_EDGE('',*,*,#1414,.T.);
#1921=ORIENTED_EDGE('',*,*,#1415,.T.);
#1922=ORIENTED_EDGE('',*,*,#1416,.T.);
#1923=ORIENTED_EDGE('',*,*,#1417,.F.);
#1924=ORIENTED_EDGE('',*,*,#1418,.F.);
#1925=ORIENTED_EDGE('',*,*,#1419,.F.);
#1926=ORIENTED_EDGE('',*,*,#1420,.T.);
#1927=ORIENTED_EDGE('',*,*,#1418,.T.);
#1928=ORIENTED_EDGE('',*,*,#1421,.T.);
#1929=ORIENTED_EDGE('',*,*,#1411,.F.);
#1930=ORIENTED_EDGE('',*,*,#1360,.T.);
#1931=ORIENTED_EDGE('',*,*,#1419,.T.);
#1932=ORIENTED_EDGE('',*,*,#1422,.T.);
#1933=ORIENTED_EDGE('',*,*,#1414,.F.);
#1934=ORIENTED_EDGE('',*,*,#1423,.F.);
#1935=ORIENTED_EDGE('',*,*,#1424,.F.);
#1936=ORIENTED_EDGE('',*,*,#1425,.F.);
#1937=ORIENTED_EDGE('',*,*,#1426,.T.);
#1938=ORIENTED_EDGE('',*,*,#1185,.F.);
#1939=ORIENTED_EDGE('',*,*,#1427,.T.);
#1940=ORIENTED_EDGE('',*,*,#1424,.T.);
#1941=ORIENTED_EDGE('',*,*,#1358,.T.);
#1942=ORIENTED_EDGE('',*,*,#1428,.T.);
#1943=ORIENTED_EDGE('',*,*,#1425,.T.);
#1944=ORIENTED_EDGE('',*,*,#1429,.T.);
#1945=ORIENTED_EDGE('',*,*,#1197,.T.);
#1946=ORIENTED_EDGE('',*,*,#1423,.T.);
#1947=ORIENTED_EDGE('',*,*,#1430,.T.);
#1948=ORIENTED_EDGE('',*,*,#1417,.T.);
#1949=ORIENTED_EDGE('',*,*,#1359,.T.);
#1950=ORIENTED_EDGE('',*,*,#1206,.T.);
#1951=ORIENTED_EDGE('',*,*,#1416,.F.);
#1952=ORIENTED_EDGE('',*,*,#1431,.T.);
#1953=ORIENTED_EDGE('',*,*,#1413,.T.);
#1954=ORIENTED_EDGE('',*,*,#1421,.F.);
#1955=ORIENTED_EDGE('',*,*,#1430,.F.);
#1956=ORIENTED_EDGE('',*,*,#1428,.F.);
#1957=ORIENTED_EDGE('',*,*,#1432,.F.);
#1958=ORIENTED_EDGE('',*,*,#1412,.F.);
#1959=ORIENTED_EDGE('',*,*,#1432,.T.);
#1960=ORIENTED_EDGE('',*,*,#1196,.F.);
#1961=ORIENTED_EDGE('',*,*,#1207,.F.);
#1962=ORIENTED_EDGE('',*,*,#1415,.F.);
#1963=ORIENTED_EDGE('',*,*,#1422,.F.);
#1964=ORIENTED_EDGE('',*,*,#1420,.F.);
#1965=ORIENTED_EDGE('',*,*,#1410,.F.);
#1966=ORIENTED_EDGE('',*,*,#1431,.F.);
#1967=ORIENTED_EDGE('',*,*,#1204,.T.);
#1968=ORIENTED_EDGE('',*,*,#1433,.T.);
#1969=ORIENTED_EDGE('',*,*,#1291,.F.);
#1970=ORIENTED_EDGE('',*,*,#1434,.T.);
#1971=ORIENTED_EDGE('',*,*,#1349,.T.);
#1972=ORIENTED_EDGE('',*,*,#1289,.F.);
#1973=ORIENTED_EDGE('',*,*,#1350,.F.);
#1974=ORIENTED_EDGE('',*,*,#1434,.F.);
#1975=ORIENTED_EDGE('',*,*,#1293,.F.);
#1976=ORIENTED_EDGE('',*,*,#1367,.F.);
#1977=ORIENTED_EDGE('',*,*,#1373,.F.);
#1978=ORIENTED_EDGE('',*,*,#1435,.T.);
#1979=ORIENTED_EDGE('',*,*,#1389,.F.);
#1980=ORIENTED_EDGE('',*,*,#1352,.T.);
#1981=ORIENTED_EDGE('',*,*,#1436,.T.);
#1982=ORIENTED_EDGE('',*,*,#1426,.F.);
#1983=ORIENTED_EDGE('',*,*,#1357,.F.);
#1984=ORIENTED_EDGE('',*,*,#1400,.F.);
#1985=ORIENTED_EDGE('',*,*,#1368,.F.);
#1986=ORIENTED_EDGE('',*,*,#1436,.F.);
#1987=ORIENTED_EDGE('',*,*,#1351,.F.);
#1988=ORIENTED_EDGE('',*,*,#1318,.F.);
#1989=ORIENTED_EDGE('',*,*,#1192,.F.);
#1990=ORIENTED_EDGE('',*,*,#1189,.F.);
#1991=ORIENTED_EDGE('',*,*,#1186,.F.);
#1992=ORIENTED_EDGE('',*,*,#1265,.F.);
#1993=ORIENTED_EDGE('',*,*,#1363,.F.);
#1994=ORIENTED_EDGE('',*,*,#1340,.F.);
#1995=ORIENTED_EDGE('',*,*,#1345,.F.);
#1996=ORIENTED_EDGE('',*,*,#1433,.F.);
#1997=ORIENTED_EDGE('',*,*,#1203,.T.);
#1998=ORIENTED_EDGE('',*,*,#1344,.F.);
#1999=ORIENTED_EDGE('',*,*,#1336,.F.);
#2000=ORIENTED_EDGE('',*,*,#1295,.F.);
#2001=ORIENTED_EDGE('',*,*,#1174,.F.);
#2002=ORIENTED_EDGE('',*,*,#1287,.F.);
#2003=ORIENTED_EDGE('',*,*,#1292,.F.);
#2004=ORIENTED_EDGE('',*,*,#1300,.F.);
#2005=ORIENTED_EDGE('',*,*,#1409,.F.);
#2006=ORIENTED_EDGE('',*,*,#1324,.F.);
#2007=ORIENTED_EDGE('',*,*,#1320,.F.);
#2008=ORIENTED_EDGE('',*,*,#1307,.F.);
#2009=ORIENTED_EDGE('',*,*,#1407,.T.);
#2010=ORIENTED_EDGE('',*,*,#1437,.T.);
#2011=ORIENTED_EDGE('',*,*,#1208,.F.);
#2012=ORIENTED_EDGE('',*,*,#1437,.F.);
#2013=ORIENTED_EDGE('',*,*,#1238,.F.);
#2014=ORIENTED_EDGE('',*,*,#1227,.F.);
#2015=ORIENTED_EDGE('',*,*,#1232,.F.);
#2016=ORIENTED_EDGE('',*,*,#1241,.F.);
#2017=ORIENTED_EDGE('',*,*,#1390,.F.);
#2018=ORIENTED_EDGE('',*,*,#1435,.F.);
#2019=ORIENTED_EDGE('',*,*,#1372,.F.);
#2020=ORIENTED_EDGE('',*,*,#1392,.F.);
#2021=ORIENTED_EDGE('',*,*,#1183,.F.);
#2022=ORIENTED_EDGE('',*,*,#1198,.F.);
#2023=ORIENTED_EDGE('',*,*,#1429,.F.);
#2024=ORIENTED_EDGE('',*,*,#1427,.F.);
#2025=ORIENTED_EDGE('',*,*,#1187,.F.);
#2026=B_SPLINE_SURFACE_WITH_KNOTS('',3,3,((#2848,#2849,#2850,#2851,#2852,
#2853),(#2854,#2855,#2856,#2857,#2858,#2859),(#2860,#2861,#2862,#2863,#2864,
#2865),(#2866,#2867,#2868,#2869,#2870,#2871),(#2872,#2873,#2874,#2875,#2876,
#2877),(#2878,#2879,#2880,#2881,#2882,#2883)),.UNSPECIFIED.,.F.,.F.,.F.,
(4,1,1,4),(4,1,1,4),(0.,0.333333333333333,0.666666666666667,1.),(0.,0.333333333333333,
0.666666666666667,1.),.UNSPECIFIED.);
#2027=B_SPLINE_SURFACE_WITH_KNOTS('',3,3,((#2902,#2903,#2904,#2905,#2906,
#2907),(#2908,#2909,#2910,#2911,#2912,#2913),(#2914,#2915,#2916,#2917,#2918,
#2919),(#2920,#2921,#2922,#2923,#2924,#2925),(#2926,#2927,#2928,#2929,#2930,
#2931),(#2932,#2933,#2934,#2935,#2936,#2937)),.UNSPECIFIED.,.F.,.F.,.F.,
(4,1,1,4),(4,1,1,4),(0.,0.333333333333333,0.666666666666667,1.),(0.,0.333333333333333,
0.666666666666667,1.),.UNSPECIFIED.);
#2028=B_SPLINE_SURFACE_WITH_KNOTS('',3,3,((#2948,#2949,#2950,#2951,#2952,
#2953),(#2954,#2955,#2956,#2957,#2958,#2959),(#2960,#2961,#2962,#2963,#2964,
#2965),(#2966,#2967,#2968,#2969,#2970,#2971),(#2972,#2973,#2974,#2975,#2976,
#2977),(#2978,#2979,#2980,#2981,#2982,#2983)),.UNSPECIFIED.,.F.,.F.,.F.,
(4,1,1,4),(4,1,1,4),(0.,0.333333333333333,0.666666666666667,1.),(0.,0.333333333333333,
0.666666666666667,1.),.UNSPECIFIED.);
#2029=B_SPLINE_SURFACE_WITH_KNOTS('',3,3,((#2994,#2995,#2996,#2997,#2998,
#2999),(#3000,#3001,#3002,#3003,#3004,#3005),(#3006,#3007,#3008,#3009,#3010,
#3011),(#3012,#3013,#3014,#3015,#3016,#3017),(#3018,#3019,#3020,#3021,#3022,
#3023),(#3024,#3025,#3026,#3027,#3028,#3029)),.UNSPECIFIED.,.F.,.F.,.F.,
(4,1,1,4),(4,1,1,4),(0.,0.333333333333333,0.666666666666667,1.),(0.,0.333333333333333,
0.666666666666667,1.),.UNSPECIFIED.);
#2030=B_SPLINE_SURFACE_WITH_KNOTS('',3,3,((#3040,#3041,#3042,#3043,#3044,
#3045),(#3046,#3047,#3048,#3049,#3050,#3051),(#3052,#3053,#3054,#3055,#3056,
#3057),(#3058,#3059,#3060,#3061,#3062,#3063),(#3064,#3065,#3066,#3067,#3068,
#3069),(#3070,#3071,#3072,#3073,#3074,#3075)),.UNSPECIFIED.,.F.,.F.,.F.,
(4,1,1,4),(4,1,1,4),(0.,0.333333333333333,0.666666666666667,1.),(0.,0.333333333333333,
0.666666666666667,1.),.UNSPECIFIED.);
#2031=B_SPLINE_SURFACE_WITH_KNOTS('',3,3,((#3086,#3087,#3088,#3089,#3090,
#3091),(#3092,#3093,#3094,#3095,#3096,#3097),(#3098,#3099,#3100,#3101,#3102,
#3103),(#3104,#3105,#3106,#3107,#3108,#3109),(#3110,#3111,#3112,#3113,#3114,
#3115),(#3116,#3117,#3118,#3119,#3120,#3121)),.UNSPECIFIED.,.F.,.F.,.F.,
(4,1,1,4),(4,1,1,4),(0.,0.333333333333333,0.666666666666667,1.),(0.,0.333333333333333,
0.666666666666667,1.),.UNSPECIFIED.);
#2032=B_SPLINE_SURFACE_WITH_KNOTS('',3,3,((#3140,#3141,#3142,#3143,#3144,
#3145),(#3146,#3147,#3148,#3149,#3150,#3151),(#3152,#3153,#3154,#3155,#3156,
#3157),(#3158,#3159,#3160,#3161,#3162,#3163),(#3164,#3165,#3166,#3167,#3168,
#3169),(#3170,#3171,#3172,#3173,#3174,#3175)),.UNSPECIFIED.,.F.,.F.,.F.,
(4,1,1,4),(4,1,1,4),(0.,0.333333333333333,0.666666666666667,1.),(0.,0.333333333333333,
0.666666666666667,1.),.UNSPECIFIED.);
#2033=B_SPLINE_SURFACE_WITH_KNOTS('',3,3,((#3186,#3187,#3188,#3189,#3190,
#3191),(#3192,#3193,#3194,#3195,#3196,#3197),(#3198,#3199,#3200,#3201,#3202,
#3203),(#3204,#3205,#3206,#3207,#3208,#3209),(#3210,#3211,#3212,#3213,#3214,
#3215),(#3216,#3217,#3218,#3219,#3220,#3221)),.UNSPECIFIED.,.F.,.F.,.F.,
(4,1,1,4),(4,1,1,4),(0.,0.333333333333333,0.666666666666667,1.),(0.,0.333333333333333,
0.666666666666667,1.),.UNSPECIFIED.);
#2034=B_SPLINE_SURFACE_WITH_KNOTS('',3,3,((#3232,#3233,#3234,#3235,#3236,
#3237),(#3238,#3239,#3240,#3241,#3242,#3243),(#3244,#3245,#3246,#3247,#3248,
#3249),(#3250,#3251,#3252,#3253,#3254,#3255),(#3256,#3257,#3258,#3259,#3260,
#3261),(#3262,#3263,#3264,#3265,#3266,#3267)),.UNSPECIFIED.,.F.,.F.,.F.,
(4,1,1,4),(4,1,1,4),(0.,0.333333333333333,0.666666666666667,1.),(0.,0.333333333333333,
0.666666666666667,1.),.UNSPECIFIED.);
#2035=B_SPLINE_SURFACE_WITH_KNOTS('',3,3,((#3278,#3279,#3280,#3281,#3282,
#3283),(#3284,#3285,#3286,#3287,#3288,#3289),(#3290,#3291,#3292,#3293,#3294,
#3295),(#3296,#3297,#3298,#3299,#3300,#3301),(#3302,#3303,#3304,#3305,#3306,
#3307),(#3308,#3309,#3310,#3311,#3312,#3313)),.UNSPECIFIED.,.F.,.F.,.F.,
(4,1,1,4),(4,1,1,4),(0.,0.333333333333333,0.666666666666667,1.),(0.,0.333333333333333,
0.666666666666667,1.),.UNSPECIFIED.);
#2036=B_SPLINE_SURFACE_WITH_KNOTS('',3,3,((#3550,#3551,#3552,#3553,#3554,
#3555),(#3556,#3557,#3558,#3559,#3560,#3561),(#3562,#3563,#3564,#3565,#3566,
#3567),(#3568,#3569,#3570,#3571,#3572,#3573),(#3574,#3575,#3576,#3577,#3578,
#3579),(#3580,#3581,#3582,#3583,#3584,#3585)),.UNSPECIFIED.,.F.,.F.,.F.,
(4,1,1,4),(4,1,1,4),(0.,0.333333333333333,0.666666666666667,1.),(0.,0.333333333333333,
0.666666666666667,1.),.UNSPECIFIED.);
#2037=B_SPLINE_SURFACE_WITH_KNOTS('',3,3,((#3613,#3614,#3615,#3616,#3617,
#3618),(#3619,#3620,#3621,#3622,#3623,#3624),(#3625,#3626,#3627,#3628,#3629,
#3630),(#3631,#3632,#3633,#3634,#3635,#3636),(#3637,#3638,#3639,#3640,#3641,
#3642),(#3643,#3644,#3645,#3646,#3647,#3648)),.UNSPECIFIED.,.F.,.F.,.F.,
(4,1,1,4),(4,1,1,4),(0.,0.333333333333333,0.666666666666667,1.),(0.,0.333333333333333,
0.666666666666667,1.),.UNSPECIFIED.);
#2038=ADVANCED_FACE('',(#148),#2026,.T.);
#2039=ADVANCED_FACE('',(#149),#2027,.T.);
#2040=ADVANCED_FACE('',(#150),#2028,.T.);
#2041=ADVANCED_FACE('',(#151),#2029,.T.);
#2042=ADVANCED_FACE('',(#152),#2030,.T.);
#2043=ADVANCED_FACE('',(#153),#2031,.T.);
#2044=ADVANCED_FACE('',(#154),#2032,.T.);
#2045=ADVANCED_FACE('',(#155),#2033,.T.);
#2046=ADVANCED_FACE('',(#156),#2034,.T.);
#2047=ADVANCED_FACE('',(#157),#2035,.T.);
#2048=ADVANCED_FACE('',(#158),#32,.T.);
#2049=ADVANCED_FACE('',(#159),#33,.T.);
#2050=ADVANCED_FACE('',(#160),#34,.T.);
#2051=ADVANCED_FACE('',(#161),#35,.T.);
#2052=ADVANCED_FACE('',(#162),#36,.T.);
#2053=ADVANCED_FACE('',(#163),#37,.T.);
#2054=ADVANCED_FACE('',(#164),#38,.T.);
#2055=ADVANCED_FACE('',(#165),#39,.T.);
#2056=ADVANCED_FACE('',(#166,#28),#40,.T.);
#2057=ADVANCED_FACE('',(#167),#41,.T.);
#2058=ADVANCED_FACE('',(#168),#42,.F.);
#2059=ADVANCED_FACE('',(#169),#43,.T.);
#2060=ADVANCED_FACE('',(#170),#44,.T.);
#2061=ADVANCED_FACE('',(#171),#45,.T.);
#2062=ADVANCED_FACE('',(#172),#46,.T.);
#2063=ADVANCED_FACE('',(#173),#47,.T.);
#2064=ADVANCED_FACE('',(#174),#48,.T.);
#2065=ADVANCED_FACE('',(#175),#49,.T.);
#2066=ADVANCED_FACE('',(#176),#50,.T.);
#2067=ADVANCED_FACE('',(#177),#51,.T.);
#2068=ADVANCED_FACE('',(#178),#52,.T.);
#2069=ADVANCED_FACE('',(#179),#53,.T.);
#2070=ADVANCED_FACE('',(#180),#54,.T.);
#2071=ADVANCED_FACE('',(#181),#55,.T.);
#2072=ADVANCED_FACE('',(#182),#56,.T.);
#2073=ADVANCED_FACE('',(#183),#57,.T.);
#2074=ADVANCED_FACE('',(#184),#58,.T.);
#2075=ADVANCED_FACE('',(#185),#59,.T.);
#2076=ADVANCED_FACE('',(#186),#60,.T.);
#2077=ADVANCED_FACE('',(#187),#61,.T.);
#2078=ADVANCED_FACE('',(#188),#62,.T.);
#2079=ADVANCED_FACE('',(#189),#63,.T.);
#2080=ADVANCED_FACE('',(#190),#64,.T.);
#2081=ADVANCED_FACE('',(#191),#65,.T.);
#2082=ADVANCED_FACE('',(#192),#66,.T.);
#2083=ADVANCED_FACE('',(#193),#67,.T.);
#2084=ADVANCED_FACE('',(#194),#68,.T.);
#2085=ADVANCED_FACE('',(#195),#69,.T.);
#2086=ADVANCED_FACE('',(#196),#2036,.T.);
#2087=ADVANCED_FACE('',(#197),#70,.T.);
#2088=ADVANCED_FACE('',(#198),#71,.T.);
#2089=ADVANCED_FACE('',(#199),#72,.T.);
#2090=ADVANCED_FACE('',(#200),#73,.T.);
#2091=ADVANCED_FACE('',(#201),#74,.T.);
#2092=ADVANCED_FACE('',(#202),#2037,.T.);
#2093=ADVANCED_FACE('',(#203),#75,.T.);
#2094=ADVANCED_FACE('',(#204),#76,.T.);
#2095=ADVANCED_FACE('',(#205),#77,.T.);
#2096=ADVANCED_FACE('',(#206),#78,.T.);
#2097=ADVANCED_FACE('',(#207),#79,.T.);
#2098=ADVANCED_FACE('',(#208),#80,.T.);
#2099=ADVANCED_FACE('',(#209),#81,.T.);
#2100=ADVANCED_FACE('',(#210),#82,.T.);
#2101=ADVANCED_FACE('',(#211),#83,.T.);
#2102=ADVANCED_FACE('',(#212),#84,.T.);
#2103=ADVANCED_FACE('',(#213),#85,.T.);
#2104=ADVANCED_FACE('',(#214),#86,.T.);
#2105=ADVANCED_FACE('',(#215),#87,.T.);
#2106=ADVANCED_FACE('',(#216),#88,.T.);
#2107=ADVANCED_FACE('',(#217),#89,.T.);
#2108=ADVANCED_FACE('',(#218),#90,.T.);
#2109=ADVANCED_FACE('',(#219),#91,.T.);
#2110=ADVANCED_FACE('',(#220),#92,.T.);
#2111=ADVANCED_FACE('',(#221),#93,.T.);
#2112=ADVANCED_FACE('',(#222),#94,.T.);
#2113=ADVANCED_FACE('',(#223),#95,.T.);
#2114=ADVANCED_FACE('',(#224),#96,.T.);
#2115=ADVANCED_FACE('',(#225),#97,.T.);
#2116=ADVANCED_FACE('',(#226,#29),#98,.T.);
#2117=ADVANCED_FACE('',(#227),#99,.T.);
#2118=ADVANCED_FACE('',(#228),#100,.T.);
#2119=ADVANCED_FACE('',(#229),#101,.F.);
#2120=ADVANCED_FACE('',(#230),#102,.T.);
#2121=ADVANCED_FACE('',(#231),#103,.T.);
#2122=ADVANCED_FACE('',(#232),#104,.T.);
#2123=ADVANCED_FACE('',(#233),#105,.T.);
#2124=ADVANCED_FACE('',(#234),#106,.T.);
#2125=ADVANCED_FACE('',(#235),#107,.T.);
#2126=ADVANCED_FACE('',(#236),#108,.T.);
#2127=ADVANCED_FACE('',(#237),#109,.T.);
#2128=ADVANCED_FACE('',(#238),#110,.T.);
#2129=ADVANCED_FACE('',(#239),#111,.T.);
#2130=ADVANCED_FACE('',(#240),#112,.T.);
#2131=ADVANCED_FACE('',(#241),#113,.T.);
#2132=ADVANCED_FACE('',(#242),#114,.T.);
#2133=ADVANCED_FACE('',(#243),#115,.T.);
#2134=ADVANCED_FACE('',(#244),#116,.T.);
#2135=ADVANCED_FACE('',(#245),#117,.T.);
#2136=ADVANCED_FACE('',(#246),#118,.T.);
#2137=ADVANCED_FACE('',(#247),#119,.T.);
#2138=ADVANCED_FACE('',(#248),#120,.T.);
#2139=ADVANCED_FACE('',(#249),#121,.T.);
#2140=ADVANCED_FACE('',(#250),#21,.F.);
#2141=ADVANCED_FACE('',(#251),#19,.F.);
#2142=ADVANCED_FACE('',(#252),#22,.F.);
#2143=ADVANCED_FACE('',(#253,#30),#122,.F.);
#2144=ADVANCED_FACE('',(#254),#123,.T.);
#2145=ADVANCED_FACE('',(#255),#124,.T.);
#2146=ADVANCED_FACE('',(#256),#125,.T.);
#2147=ADVANCED_FACE('',(#257),#126,.T.);
#2148=ADVANCED_FACE('',(#258),#127,.T.);
#2149=ADVANCED_FACE('',(#259),#128,.T.);
#2150=ADVANCED_FACE('',(#260),#129,.T.);
#2151=ADVANCED_FACE('',(#261),#130,.T.);
#2152=ADVANCED_FACE('',(#262),#131,.T.);
#2153=ADVANCED_FACE('',(#263),#132,.T.);
#2154=ADVANCED_FACE('',(#264),#133,.T.);
#2155=ADVANCED_FACE('',(#265),#134,.T.);
#2156=ADVANCED_FACE('',(#266),#135,.T.);
#2157=ADVANCED_FACE('',(#267),#136,.T.);
#2158=ADVANCED_FACE('',(#268),#137,.F.);
#2159=ADVANCED_FACE('',(#269),#138,.T.);
#2160=ADVANCED_FACE('',(#270),#139,.T.);
#2161=ADVANCED_FACE('',(#271),#140,.T.);
#2162=ADVANCED_FACE('',(#272),#141,.F.);
#2163=ADVANCED_FACE('',(#273),#142,.T.);
#2164=ADVANCED_FACE('',(#274),#143,.T.);
#2165=ADVANCED_FACE('',(#275),#144,.T.);
#2166=ADVANCED_FACE('',(#276),#20,.F.);
#2167=ADVANCED_FACE('',(#277),#145,.T.);
#2168=ADVANCED_FACE('',(#278),#146,.T.);
#2169=ADVANCED_FACE('',(#279),#147,.F.);
#2170=CLOSED_SHELL('',(#2038,#2039,#2040,#2041,#2042,#2043,#2044,#2045,
#2046,#2047,#2048,#2049,#2050,#2051,#2052,#2053,#2054,#2055,#2056,#2057,
#2058,#2059,#2060,#2061,#2062,#2063,#2064,#2065,#2066,#2067,#2068,#2069,
#2070,#2071,#2072,#2073,#2074,#2075,#2076,#2077,#2078,#2079,#2080,#2081,
#2082,#2083,#2084,#2085,#2086,#2087,#2088,#2089,#2090,#2091,#2092,#2093,
#2094,#2095,#2096,#2097,#2098,#2099,#2100,#2101,#2102,#2103,#2104,#2105,
#2106,#2107,#2108,#2109,#2110,#2111,#2112,#2113,#2114,#2115,#2116,#2117,
#2118,#2119,#2120,#2121,#2122,#2123,#2124,#2125,#2126,#2127,#2128,#2129,
#2130,#2131,#2132,#2133,#2134,#2135,#2136,#2137,#2138,#2139,#2140,#2141,
#2142,#2143,#2144,#2145,#2146,#2147,#2148,#2149,#2150,#2151,#2152,#2153,
#2154,#2155,#2156,#2157,#2158,#2159,#2160,#2161,#2162,#2163,#2164,#2165,
#2166,#2167,#2168,#2169));
#2171=DERIVED_UNIT_ELEMENT(#2173,1.);
#2172=DERIVED_UNIT_ELEMENT(#3927,-3.);
#2173=(
MASS_UNIT()
NAMED_UNIT(*)
SI_UNIT(.KILO.,.GRAM.)
);
#2174=DERIVED_UNIT((#2171,#2172));
#2175=MEASURE_REPRESENTATION_ITEM('density measure',
POSITIVE_RATIO_MEASURE(7850.),#2174);
#2176=PROPERTY_DEFINITION_REPRESENTATION(#2181,#2178);
#2177=PROPERTY_DEFINITION_REPRESENTATION(#2182,#2179);
#2178=REPRESENTATION('material name',(#2180),#3924);
#2179=REPRESENTATION('density',(#2175),#3924);
#2180=DESCRIPTIVE_REPRESENTATION_ITEM('Steel','Steel');
#2181=PROPERTY_DEFINITION('material property','material name',#3939);
#2182=PROPERTY_DEFINITION('material property','density of part',#3939);
#2183=AXIS2_PLACEMENT_3D('',#2846,#2312,#2313);
#2184=AXIS2_PLACEMENT_3D('',#2847,#2314,#2315);
#2185=AXIS2_PLACEMENT_3D('',#3324,#2336,#2337);
#2186=AXIS2_PLACEMENT_3D('',#3331,#2341,#2342);
#2187=AXIS2_PLACEMENT_3D('',#3338,#2346,#2347);
#2188=AXIS2_PLACEMENT_3D('',#3344,#2351,#2352);
#2189=AXIS2_PLACEMENT_3D('',#3350,#2356,#2357);
#2190=AXIS2_PLACEMENT_3D('',#3353,#2360,#2361);
#2191=AXIS2_PLACEMENT_3D('',#3359,#2365,#2366);
#2192=AXIS2_PLACEMENT_3D('',#3365,#2370,#2371);
#2193=AXIS2_PLACEMENT_3D('',#3371,#2375,#2376);
#2194=AXIS2_PLACEMENT_3D('',#3390,#2386,#2387);
#2195=AXIS2_PLACEMENT_3D('',#3391,#2388,#2389);
#2196=AXIS2_PLACEMENT_3D('',#3397,#2393,#2394);
#2197=AXIS2_PLACEMENT_3D('',#3401,#2397,#2398);
#2198=AXIS2_PLACEMENT_3D('',#3414,#2405,#2406);
#2199=AXIS2_PLACEMENT_3D('',#3425,#2413,#2414);
#2200=AXIS2_PLACEMENT_3D('',#3433,#2419,#2420);
#2201=AXIS2_PLACEMENT_3D('',#3439,#2424,#2425);
#2202=AXIS2_PLACEMENT_3D('',#3443,#2428,#2429);
#2203=AXIS2_PLACEMENT_3D('',#3450,#2433,#2434);
#2204=AXIS2_PLACEMENT_3D('',#3453,#2437,#2438);
#2205=AXIS2_PLACEMENT_3D('',#3456,#2441,#2442);
#2206=AXIS2_PLACEMENT_3D('',#3463,#2446,#2447);
#2207=AXIS2_PLACEMENT_3D('',#3470,#2451,#2452);
#2208=AXIS2_PLACEMENT_3D('',#3473,#2455,#2456);
#2209=AXIS2_PLACEMENT_3D('',#3476,#2459,#2460);
#2210=AXIS2_PLACEMENT_3D('',#3482,#2464,#2465);
#2211=AXIS2_PLACEMENT_3D('',#3485,#2468,#2469);
#2212=AXIS2_PLACEMENT_3D('',#3490,#2473,#2474);
#2213=AXIS2_PLACEMENT_3D('',#3492,#2476,#2477);
#2214=AXIS2_PLACEMENT_3D('',#3494,#2479,#2480);
#2215=AXIS2_PLACEMENT_3D('',#3495,#2481,#2482);
#2216=AXIS2_PLACEMENT_3D('',#3496,#2483,#2484);
#2217=AXIS2_PLACEMENT_3D('',#3503,#2488,#2489);
#2218=AXIS2_PLACEMENT_3D('',#3509,#2493,#2494);
#2219=AXIS2_PLACEMENT_3D('',#3516,#2498,#2499);
#2220=AXIS2_PLACEMENT_3D('',#3523,#2503,#2504);
#2221=AXIS2_PLACEMENT_3D('',#3530,#2508,#2509);
#2222=AXIS2_PLACEMENT_3D('',#3537,#2513,#2514);
#2223=AXIS2_PLACEMENT_3D('',#3543,#2518,#2519);
#2224=AXIS2_PLACEMENT_3D('',#3589,#2525,#2526);
#2225=AXIS2_PLACEMENT_3D('',#3594,#2530,#2531);
#2226=AXIS2_PLACEMENT_3D('',#3600,#2535,#2536);
#2227=AXIS2_PLACEMENT_3D('',#3603,#2539,#2540);
#2228=AXIS2_PLACEMENT_3D('',#3609,#2544,#2545);
#2229=AXIS2_PLACEMENT_3D('',#3652,#2550,#2551);
#2230=AXIS2_PLACEMENT_3D('',#3655,#2554,#2555);
#2231=AXIS2_PLACEMENT_3D('',#3658,#2558,#2559);
#2232=AXIS2_PLACEMENT_3D('',#3661,#2562,#2563);
#2233=AXIS2_PLACEMENT_3D('',#3668,#2567,#2568);
#2234=AXIS2_PLACEMENT_3D('',#3674,#2572,#2573);
#2235=AXIS2_PLACEMENT_3D('',#3677,#2576,#2577);
#2236=AXIS2_PLACEMENT_3D('',#3679,#2579,#2580);
#2237=AXIS2_PLACEMENT_3D('',#3683,#2583,#2584);
#2238=AXIS2_PLACEMENT_3D('',#3686,#2587,#2588);
#2239=AXIS2_PLACEMENT_3D('',#3692,#2592,#2593);
#2240=AXIS2_PLACEMENT_3D('',#3694,#2595,#2596);
#2241=AXIS2_PLACEMENT_3D('',#3700,#2600,#2601);
#2242=AXIS2_PLACEMENT_3D('',#3703,#2604,#2605);
#2243=AXIS2_PLACEMENT_3D('',#3706,#2608,#2609);
#2244=AXIS2_PLACEMENT_3D('',#3710,#2612,#2613);
#2245=AXIS2_PLACEMENT_3D('',#3713,#2616,#2617);
#2246=AXIS2_PLACEMENT_3D('',#3716,#2620,#2621);
#2247=AXIS2_PLACEMENT_3D('',#3719,#2624,#2625);
#2248=AXIS2_PLACEMENT_3D('',#3722,#2628,#2629);
#2249=AXIS2_PLACEMENT_3D('',#3725,#2632,#2633);
#2250=AXIS2_PLACEMENT_3D('',#3728,#2636,#2637);
#2251=AXIS2_PLACEMENT_3D('',#3731,#2640,#2641);
#2252=AXIS2_PLACEMENT_3D('',#3735,#2644,#2645);
#2253=AXIS2_PLACEMENT_3D('',#3756,#2656,#2657);
#2254=AXIS2_PLACEMENT_3D('',#3757,#2658,#2659);
#2255=AXIS2_PLACEMENT_3D('',#3759,#2661,#2662);
#2256=AXIS2_PLACEMENT_3D('',#3761,#2664,#2665);
#2257=AXIS2_PLACEMENT_3D('',#3762,#2666,#2667);
#2258=AXIS2_PLACEMENT_3D('',#3763,#2668,#2669);
#2259=AXIS2_PLACEMENT_3D('',#3764,#2670,#2671);
#2260=AXIS2_PLACEMENT_3D('',#3765,#2672,#2673);
#2261=AXIS2_PLACEMENT_3D('',#3778,#2680,#2681);
#2262=AXIS2_PLACEMENT_3D('',#3786,#2686,#2687);
#2263=AXIS2_PLACEMENT_3D('',#3790,#2690,#2691);
#2264=AXIS2_PLACEMENT_3D('',#3796,#2695,#2696);
#2265=AXIS2_PLACEMENT_3D('',#3800,#2699,#2700);
#2266=AXIS2_PLACEMENT_3D('',#3804,#2703,#2704);
#2267=AXIS2_PLACEMENT_3D('',#3810,#2708,#2709);
#2268=AXIS2_PLACEMENT_3D('',#3816,#2713,#2714);
#2269=AXIS2_PLACEMENT_3D('',#3820,#2717,#2718);
#2270=AXIS2_PLACEMENT_3D('',#3823,#2721,#2722);
#2271=AXIS2_PLACEMENT_3D('',#3825,#2724,#2725);
#2272=AXIS2_PLACEMENT_3D('',#3828,#2728,#2729);
#2273=AXIS2_PLACEMENT_3D('',#3832,#2732,#2733);
#2274=AXIS2_PLACEMENT_3D('',#3834,#2735,#2736);
#2275=AXIS2_PLACEMENT_3D('',#3836,#2738,#2739);
#2276=AXIS2_PLACEMENT_3D('',#3838,#2741,#2742);
#2277=AXIS2_PLACEMENT_3D('',#3839,#2743,#2744);
#2278=AXIS2_PLACEMENT_3D('',#3842,#2746,#2747);
#2279=AXIS2_PLACEMENT_3D('',#3843,#2748,#2749);
#2280=AXIS2_PLACEMENT_3D('',#3846,#2751,#2752);
#2281=AXIS2_PLACEMENT_3D('',#3847,#2753,#2754);
#2282=AXIS2_PLACEMENT_3D('',#3850,#2756,#2757);
#2283=AXIS2_PLACEMENT_3D('',#3851,#2758,#2759);
#2284=AXIS2_PLACEMENT_3D('',#3853,#2760,#2761);
#2285=AXIS2_PLACEMENT_3D('',#3854,#2762,#2763);
#2286=AXIS2_PLACEMENT_3D('',#3857,#2766,#2767);
#2287=AXIS2_PLACEMENT_3D('',#3858,#2768,#2769);
#2288=AXIS2_PLACEMENT_3D('',#3866,#2774,#2775);
#2289=AXIS2_PLACEMENT_3D('',#3872,#2779,#2780);
#2290=AXIS2_PLACEMENT_3D('',#3878,#2784,#2785);
#2291=AXIS2_PLACEMENT_3D('',#3881,#2788,#2789);
#2292=AXIS2_PLACEMENT_3D('',#3883,#2791,#2792);
#2293=AXIS2_PLACEMENT_3D('',#3889,#2796,#2797);
#2294=AXIS2_PLACEMENT_3D('',#3892,#2800,#2801);
#2295=AXIS2_PLACEMENT_3D('',#3895,#2804,#2805);
#2296=AXIS2_PLACEMENT_3D('',#3897,#2807,#2808);
#2297=AXIS2_PLACEMENT_3D('',#3899,#2810,#2811);
#2298=AXIS2_PLACEMENT_3D('',#3901,#2813,#2814);
#2299=AXIS2_PLACEMENT_3D('',#3902,#2815,#2816);
#2300=AXIS2_PLACEMENT_3D('',#3903,#2817,#2818);
#2301=AXIS2_PLACEMENT_3D('',#3906,#2821,#2822);
#2302=AXIS2_PLACEMENT_3D('',#3907,#2823,#2824);
#2303=AXIS2_PLACEMENT_3D('',#3910,#2827,#2828);
#2304=AXIS2_PLACEMENT_3D('',#3911,#2829,#2830);
#2305=AXIS2_PLACEMENT_3D('',#3912,#2831,#2832);
#2306=AXIS2_PLACEMENT_3D('',#3913,#2833,#2834);
#2307=AXIS2_PLACEMENT_3D('',#3914,#2835,#2836);
#2308=AXIS2_PLACEMENT_3D('',#3916,#2838,#2839);
#2309=AXIS2_PLACEMENT_3D('',#3917,#2840,#2841);
#2310=AXIS2_PLACEMENT_3D('',#3918,#2842,#2843);
#2311=AXIS2_PLACEMENT_3D('',#3919,#2844,#2845);
#2312=DIRECTION('axis',(0.,0.,1.));
#2313=DIRECTION('refdir',(1.,0.,0.));
#2314=DIRECTION('axis',(0.,0.,1.));
#2315=DIRECTION('refdir',(1.,0.,0.));
#2316=DIRECTION('',(0.707106781186547,0.,-0.707106781186548));
#2317=DIRECTION('',(0.,-0.707106781186548,-0.707106781186548));
#2318=DIRECTION('',(0.,-1.,0.));
#2319=DIRECTION('',(0.707106781186547,0.,-0.707106781186548));
#2320=DIRECTION('',(0.707106781186547,0.,0.707106781186547));
#2321=DIRECTION('',(0.,-1.,0.));
#2322=DIRECTION('',(0.,-0.707106781186548,0.707106781186548));
#2323=DIRECTION('',(0.707106781186548,0.,0.707106781186548));
#2324=DIRECTION('',(1.,-9.44870650268429E-17,0.));
#2325=DIRECTION('',(0.,-0.707106781186548,0.707106781186548));
#2326=DIRECTION('',(-0.707106781186548,0.,-0.707106781186548));
#2327=DIRECTION('',(0.,-0.707106781186548,-0.707106781186546));
#2328=DIRECTION('',(0.,-1.,0.));
#2329=DIRECTION('',(-0.707106781186547,0.,-0.707106781186547));
#2330=DIRECTION('',(-0.707106781186547,0.,0.707106781186548));
#2331=DIRECTION('',(0.,-1.,0.));
#2332=DIRECTION('',(0.,-0.707106781186548,0.707106781186548));
#2333=DIRECTION('',(-0.707106781186547,0.,0.707106781186548));
#2334=DIRECTION('',(-1.,0.,0.));
#2335=DIRECTION('',(0.,-0.707106781186548,0.707106781186548));
#2336=DIRECTION('center_axis',(0.923088645239747,-0.299618478037184,-0.241114331071654));
#2337=DIRECTION('ref_axis',(-0.252724732562213,0.,-0.967538221235398));
#2338=DIRECTION('',(0.146446609406725,0.853553390593274,-0.5));
#2339=DIRECTION('',(0.136773639673161,-0.330200775874074,0.933948831094464));
#2340=DIRECTION('',(-0.38268343236509,-0.653281482438188,-0.653281482438188));
#2341=DIRECTION('center_axis',(0.923088645239751,-0.299618478037172,0.241114331071653));
#2342=DIRECTION('ref_axis',(0.252724732562211,0.,-0.967538221235398));
#2343=DIRECTION('',(-0.136773639673161,0.330200775874074,0.933948831094464));
#2344=DIRECTION('',(-0.146446609406714,-0.853553390593276,-0.5));
#2345=DIRECTION('',(0.382683432365081,0.653281482438191,-0.653281482438191));
#2346=DIRECTION('center_axis',(0.499999999999995,-0.499999999999995,0.707106781186554));
#2347=DIRECTION('ref_axis',(0.816496580927731,0.,-0.577350269189619));
#2348=DIRECTION('',(-0.754150909266768,0.150009942723775,0.639338269725907));
#2349=DIRECTION('',(-0.707106781186547,-0.707106781186548,0.));
#2350=DIRECTION('',(0.707106781186547,0.707106781186548,0.));
#2351=DIRECTION('center_axis',(0.,0.707106781186548,0.707106781186548));
#2352=DIRECTION('ref_axis',(1.,0.,0.));
#2353=DIRECTION('',(0.577350269189626,-0.577350269189626,0.577350269189626));
#2354=DIRECTION('',(1.,0.,0.));
#2355=DIRECTION('',(-1.,0.,0.));
#2356=DIRECTION('center_axis',(0.923879532511286,0.382683432365092,0.));
#2357=DIRECTION('ref_axis',(0.,0.,-1.));
#2358=DIRECTION('',(0.,0.,-1.));
#2359=DIRECTION('',(0.,0.,1.));
#2360=DIRECTION('center_axis',(0.,0.707106781186548,-0.707106781186548));
#2361=DIRECTION('ref_axis',(-1.,0.,0.));
#2362=DIRECTION('',(-0.577350269189626,0.577350269189626,0.577350269189626));
#2363=DIRECTION('',(1.,0.,0.));
#2364=DIRECTION('',(-1.,0.,0.));
#2365=DIRECTION('center_axis',(0.499999999999999,-0.499999999999999,-0.707106781186549));
#2366=DIRECTION('ref_axis',(-0.816496580927727,0.,-0.577350269189625));
#2367=DIRECTION('',(0.754150909266765,-0.150009942723771,0.639338269725912));
#2368=DIRECTION('',(-0.707106781186547,-0.707106781186548,0.));
#2369=DIRECTION('',(0.707106781186547,0.707106781186548,0.));
#2370=DIRECTION('center_axis',(0.653281482438182,0.270598050073095,0.707106781186554));
#2371=DIRECTION('ref_axis',(0.734509555267762,0.,-0.67859834454584));
#2372=DIRECTION('',(-0.382683432365089,0.923879532511287,0.));
#2373=DIRECTION('',(0.42719217423515,0.639338269725912,-0.639338269725912));
#2374=DIRECTION('',(0.382683432365089,-0.923879532511287,0.));
#2375=DIRECTION('center_axis',(0.707106781186548,-0.707106781186547,0.));
#2376=DIRECTION('ref_axis',(0.707106781186547,0.707106781186548,0.));
#2377=DIRECTION('',(0.,0.,1.));
#2378=DIRECTION('',(0.707106781186547,0.707106781186548,0.));
#2379=DIRECTION('',(0.,0.,-1.));
#2380=DIRECTION('',(0.707106781186547,0.707106781186548,0.));
#2381=DIRECTION('',(0.,0.,1.));
#2382=DIRECTION('',(0.707106781186547,0.707106781186548,0.));
#2383=DIRECTION('',(0.,0.,1.));
#2384=DIRECTION('',(-0.707106781186547,-0.707106781186548,0.));
#2385=DIRECTION('',(0.,0.,1.));
#2386=DIRECTION('center_axis',(-0.707106781186548,0.707106781186547,0.));
#2387=DIRECTION('ref_axis',(-0.707106781186547,-0.707106781186548,0.));
#2388=DIRECTION('center_axis',(0.653281482438186,0.270598050073097,-0.707106781186551));
#2389=DIRECTION('ref_axis',(-0.734509555267758,0.,-0.678598344545844));
#2390=DIRECTION('',(-0.382683432365089,0.923879532511287,0.));
#2391=DIRECTION('',(-0.427192174235152,-0.639338269725907,-0.639338269725914));
#2392=DIRECTION('',(0.382683432365089,-0.923879532511287,0.));
#2393=DIRECTION('center_axis',(0.,0.,1.));
#2394=DIRECTION('ref_axis',(0.,-1.,0.));
#2395=DIRECTION('',(0.,-1.,0.));
#2396=DIRECTION('',(-1.,-1.26882631385732E-16,0.));
#2397=DIRECTION('center_axis',(-0.707106781186547,-0.707106781186548,0.));
#2398=DIRECTION('ref_axis',(0.,0.,1.));
#2399=DIRECTION('',(-0.577350269189626,0.577350269189626,-0.577350269189626));
#2400=DIRECTION('',(0.,0.,-1.));
#2401=DIRECTION('',(0.577350269189626,-0.577350269189626,-0.577350269189626));
#2402=DIRECTION('',(0.577350269189626,-0.577350269189626,0.577350269189626));
#2403=DIRECTION('',(0.,0.,1.));
#2404=DIRECTION('',(-0.577350269189626,0.577350269189626,0.577350269189626));
#2405=DIRECTION('center_axis',(6.12323399573677E-17,-1.,0.));
#2406=DIRECTION('ref_axis',(1.,6.12323399573677E-17,0.));
#2407=DIRECTION('',(-1.,-6.12323399573677E-17,0.));
#2408=DIRECTION('',(0.,0.,1.));
#2409=DIRECTION('',(-1.,-6.12323399573677E-17,0.));
#2410=DIRECTION('',(1.,6.12323399573677E-17,0.));
#2411=DIRECTION('',(0.,0.,1.));
#2412=DIRECTION('',(1.,6.12323399573677E-17,0.));
#2413=DIRECTION('center_axis',(4.32978028117747E-17,-0.707106781186548,
-0.707106781186547));
#2414=DIRECTION('ref_axis',(-1.,0.,-6.12323399573677E-17));
#2415=DIRECTION('',(-0.577350269189626,-0.577350269189626,0.577350269189626));
#2416=DIRECTION('',(1.,6.12323399573677E-17,0.));
#2417=DIRECTION('',(-0.577350269189626,-0.577350269189626,0.577350269189626));
#2418=DIRECTION('',(0.,-0.707106781186547,0.707106781186548));
#2419=DIRECTION('center_axis',(-0.707106781186548,0.,-0.707106781186548));
#2420=DIRECTION('ref_axis',(-0.707106781186548,0.,0.707106781186548));
#2421=DIRECTION('',(0.,1.,0.));
#2422=DIRECTION('',(0.707106781186548,0.,-0.707106781186548));
#2423=DIRECTION('',(0.,-1.,0.));
#2424=DIRECTION('center_axis',(-0.577350269189626,0.577350269189626,-0.577350269189626));
#2425=DIRECTION('ref_axis',(-0.707106781186548,0.,0.707106781186548));
#2426=DIRECTION('',(-0.707106781186548,-0.707106781186547,0.));
#2427=DIRECTION('',(0.,0.707106781186547,0.707106781186548));
#2428=DIRECTION('center_axis',(-0.904534033733291,0.301511344577764,-0.301511344577763));
#2429=DIRECTION('ref_axis',(-0.316227766016838,0.,0.948683298050514));
#2430=DIRECTION('',(-0.408248290463863,-0.408248290463864,0.816496580927726));
#2431=DIRECTION('',(0.408248290463863,0.816496580927726,-0.408248290463863));
#2432=DIRECTION('',(0.,-0.707106781186547,-0.707106781186548));
#2433=DIRECTION('center_axis',(-0.707106781186548,0.,-0.707106781186547));
#2434=DIRECTION('ref_axis',(-0.707106781186547,0.,0.707106781186548));
#2435=DIRECTION('',(0.,1.,0.));
#2436=DIRECTION('',(0.,-1.,0.));
#2437=DIRECTION('center_axis',(0.,0.707106781186548,-0.707106781186547));
#2438=DIRECTION('ref_axis',(-1.,0.,0.));
#2439=DIRECTION('',(1.,0.,0.));
#2440=DIRECTION('',(-1.,0.,0.));
#2441=DIRECTION('center_axis',(-0.577350269189626,0.577350269189626,0.577350269189626));
#2442=DIRECTION('ref_axis',(0.707106781186547,0.,0.707106781186547));
#2443=DIRECTION('',(-0.707106781186548,0.,-0.707106781186548));
#2444=DIRECTION('',(0.,-0.707106781186547,0.707106781186548));
#2445=DIRECTION('',(0.707106781186548,0.707106781186547,0.));
#2446=DIRECTION('center_axis',(-0.904534033733291,0.301511344577763,0.301511344577763));
#2447=DIRECTION('ref_axis',(0.316227766016837,0.,0.948683298050514));
#2448=DIRECTION('',(-0.408248290463863,-0.816496580927726,-0.408248290463863));
#2449=DIRECTION('',(0.408248290463863,0.408248290463864,0.816496580927726));
#2450=DIRECTION('',(0.,0.707106781186547,-0.707106781186548));
#2451=DIRECTION('center_axis',(-0.707106781186549,0.707106781186546,0.));
#2452=DIRECTION('ref_axis',(0.,0.,1.));
#2453=DIRECTION('',(0.,0.,-1.));
#2454=DIRECTION('',(0.,0.,1.));
#2455=DIRECTION('center_axis',(0.,0.707106781186548,0.707106781186547));
#2456=DIRECTION('ref_axis',(1.,0.,0.));
#2457=DIRECTION('',(1.,0.,0.));
#2458=DIRECTION('',(-1.,0.,0.));
#2459=DIRECTION('center_axis',(-0.707106781186548,0.,0.707106781186547));
#2460=DIRECTION('ref_axis',(0.707106781186547,0.,0.707106781186548));
#2461=DIRECTION('',(0.577350269189626,0.577350269189626,0.577350269189626));
#2462=DIRECTION('',(0.,1.,0.));
#2463=DIRECTION('',(0.,-1.,0.));
#2464=DIRECTION('center_axis',(-0.707106781186547,0.707106781186548,0.));
#2465=DIRECTION('ref_axis',(0.,0.,1.));
#2466=DIRECTION('',(0.,0.,1.));
#2467=DIRECTION('',(0.,0.,-1.));
#2468=DIRECTION('center_axis',(-0.707106781186548,0.,0.707106781186548));
#2469=DIRECTION('ref_axis',(0.707106781186548,0.,0.707106781186548));
#2470=DIRECTION('',(0.577350269189626,0.577350269189626,0.577350269189626));
#2471=DIRECTION('',(0.,1.,0.));
#2472=DIRECTION('',(0.,-1.,0.));
#2473=DIRECTION('center_axis',(0.,0.,1.));
#2474=DIRECTION('ref_axis',(0.,1.,0.));
#2475=DIRECTION('',(-1.,-6.12323399573677E-17,0.));
#2476=DIRECTION('center_axis',(4.32978028117747E-17,-0.707106781186548,
0.707106781186547));
#2477=DIRECTION('ref_axis',(1.,0.,-6.12323399573677E-17));
#2478=DIRECTION('',(0.,-0.707106781186547,-0.707106781186548));
#2479=DIRECTION('center_axis',(-1.,0.,0.));
#2480=DIRECTION('ref_axis',(0.,0.,1.));
#2481=DIRECTION('center_axis',(0.,1.,0.));
#2482=DIRECTION('ref_axis',(0.,0.,-1.));
#2483=DIRECTION('center_axis',(-0.577350269189624,0.577350269189627,0.577350269189627));
#2484=DIRECTION('ref_axis',(0.707106781186549,0.,0.707106781186546));
#2485=DIRECTION('',(0.,-0.707106781186548,0.707106781186548));
#2486=DIRECTION('',(0.70710678118655,0.707106781186545,0.));
#2487=DIRECTION('',(-0.707106781186548,3.92523114670943E-15,-0.707106781186548));
#2488=DIRECTION('center_axis',(-3.14018491736755E-16,0.707106781186548,
0.707106781186548));
#2489=DIRECTION('ref_axis',(1.,0.,4.44089209850063E-16));
#2490=DIRECTION('',(-1.,-4.44089209850063E-16,0.));
#2491=DIRECTION('',(1.,4.44089209850063E-16,0.));
#2492=DIRECTION('',(0.577350269189626,0.577350269189626,-0.577350269189626));
#2493=DIRECTION('center_axis',(-0.577350269189626,-0.577350269189626,0.577350269189626));
#2494=DIRECTION('ref_axis',(0.707106781186547,0.,0.707106781186547));
#2495=DIRECTION('',(0.707106781186548,0.,0.707106781186548));
#2496=DIRECTION('',(-0.707106781186548,0.707106781186548,0.));
#2497=DIRECTION('',(0.,-0.707106781186548,-0.707106781186548));
#2498=DIRECTION('center_axis',(-0.577350269189624,0.577350269189627,-0.577350269189627));
#2499=DIRECTION('ref_axis',(-0.707106781186549,0.,0.707106781186546));
#2500=DIRECTION('',(-0.70710678118655,-0.707106781186545,0.));
#2501=DIRECTION('',(0.,0.707106781186548,0.707106781186548));
#2502=DIRECTION('',(0.707106781186548,-3.92523114670943E-15,-0.707106781186548));
#2503=DIRECTION('center_axis',(0.301511344577763,0.301511344577765,0.904534033733291));
#2504=DIRECTION('ref_axis',(0.948683298050514,0.,-0.316227766016837));
#2505=DIRECTION('',(-0.816496580927726,-0.408248290463863,0.408248290463863));
#2506=DIRECTION('',(0.70710678118655,-0.707106781186545,0.));
#2507=DIRECTION('',(0.408248290463864,0.816496580927725,-0.408248290463864));
#2508=DIRECTION('center_axis',(-0.577350269189626,-0.577350269189626,-0.577350269189626));
#2509=DIRECTION('ref_axis',(-0.707106781186547,0.,0.707106781186547));
#2510=DIRECTION('',(-0.707106781186548,0.,0.707106781186548));
#2511=DIRECTION('',(0.,0.707106781186548,-0.707106781186548));
#2512=DIRECTION('',(0.707106781186548,-0.707106781186548,0.));
#2513=DIRECTION('center_axis',(0.47063541813878,0.19494346419301,0.860522718446041));
#2514=DIRECTION('ref_axis',(0.87735523412599,0.,-0.479841425005939));
#2515=DIRECTION('',(-0.853553411051621,-0.146446728646765,0.499999930150798));
#2516=DIRECTION('',(0.382683249840338,-0.923879608115493,0.));
#2517=DIRECTION('',(0.707106920884894,0.499999901218333,-0.499999901218333));
#2518=DIRECTION('center_axis',(0.301511344577763,0.301511344577765,-0.904534033733291));
#2519=DIRECTION('ref_axis',(-0.948683298050514,0.,-0.316227766016837));
#2520=DIRECTION('',(-0.70710678118655,0.707106781186545,0.));
#2521=DIRECTION('',(0.816496580927726,0.408248290463863,0.408248290463863));
#2522=DIRECTION('',(-0.408248290463864,-0.816496580927725,-0.408248290463864));
#2523=DIRECTION('',(0.,-0.707106781186548,-0.707106781186546));
#2524=DIRECTION('',(-1.,0.,0.));
#2525=DIRECTION('center_axis',(-0.707106781186548,0.,0.707106781186548));
#2526=DIRECTION('ref_axis',(0.707106781186548,0.,0.707106781186548));
#2527=DIRECTION('',(0.577350269189626,0.577350269189625,0.577350269189626));
#2528=DIRECTION('',(0.,1.,0.));
#2529=DIRECTION('',(0.,-1.,0.));
#2530=DIRECTION('center_axis',(0.,-0.707106781186547,0.707106781186549));
#2531=DIRECTION('ref_axis',(1.,0.,0.));
#2532=DIRECTION('',(-0.281084637714814,0.678598344545849,0.678598344545847));
#2533=DIRECTION('',(-1.,0.,0.));
#2534=DIRECTION('',(1.,0.,0.));
#2535=DIRECTION('center_axis',(0.,-0.707106781186548,-0.707106781186548));
#2536=DIRECTION('ref_axis',(-1.,0.,0.));
#2537=DIRECTION('',(1.,0.,0.));
#2538=DIRECTION('',(-1.,0.,0.));
#2539=DIRECTION('center_axis',(0.92308877380998,-0.299618264879838,0.241114103727641));
#2540=DIRECTION('ref_axis',(0.252724476538565,0.,-0.967538288109731));
#2541=DIRECTION('',(-0.136773517535193,0.33020066552093,0.933948887996867));
#2542=DIRECTION('',(-0.146446490166649,-0.853553370134904,-0.500000069849212));
#2543=DIRECTION('',(0.382683120775801,0.653281573700534,-0.653281573700534));
#2544=DIRECTION('center_axis',(0.499999999999999,-0.499999999999999,0.707106781186549));
#2545=DIRECTION('ref_axis',(0.816496580927727,0.,-0.577350269189625));
#2546=DIRECTION('',(-0.754150909266762,0.150009942723776,0.639338269725914));
#2547=DIRECTION('',(-0.707106781186547,-0.707106781186548,0.));
#2548=DIRECTION('',(0.,-0.707106781186548,-0.707106781186548));
#2549=DIRECTION('',(1.,-9.44870650268429E-17,0.));
#2550=DIRECTION('center_axis',(-0.707106781186548,0.,-0.707106781186547));
#2551=DIRECTION('ref_axis',(-0.707106781186547,0.,0.707106781186548));
#2552=DIRECTION('',(0.,1.,0.));
#2553=DIRECTION('',(0.,-1.,0.));
#2554=DIRECTION('center_axis',(6.68124444148949E-17,0.707106781186548,-0.707106781186548));
#2555=DIRECTION('ref_axis',(-1.,0.,-9.44870650268429E-17));
#2556=DIRECTION('',(-1.,9.44870650268429E-17,0.));
#2557=DIRECTION('',(1.,-9.44870650268429E-17,0.));
#2558=DIRECTION('center_axis',(6.68124444148949E-17,0.707106781186548,0.707106781186548));
#2559=DIRECTION('ref_axis',(1.,0.,-9.44870650268429E-17));
#2560=DIRECTION('',(-1.,9.44870650268429E-17,0.));
#2561=DIRECTION('',(1.,-9.44870650268429E-17,0.));
#2562=DIRECTION('center_axis',(-0.577350269189622,0.577350269189628,0.577350269189628));
#2563=DIRECTION('ref_axis',(0.707106781186551,0.,0.707106781186544));
#2564=DIRECTION('',(0.,-0.707106781186548,0.707106781186548));
#2565=DIRECTION('',(0.707106781186551,0.707106781186544,0.));
#2566=DIRECTION('',(-0.707106781186548,7.85046229341887E-15,-0.707106781186548));
#2567=DIRECTION('center_axis',(-0.577350269189624,0.57735026918963,-0.577350269189624));
#2568=DIRECTION('ref_axis',(-0.707106781186547,0.,0.707106781186548));
#2569=DIRECTION('',(0.707106781186547,0.,-0.707106781186548));
#2570=DIRECTION('',(-0.707106781186551,-0.707106781186544,0.));
#2571=DIRECTION('',(0.,0.707106781186544,0.707106781186551));
#2572=DIRECTION('center_axis',(-0.707106781186544,0.707106781186551,0.));
#2573=DIRECTION('ref_axis',(0.,0.,1.));
#2574=DIRECTION('',(0.,0.,-1.));
#2575=DIRECTION('',(0.,0.,1.));
#2576=DIRECTION('center_axis',(-8.97195690676448E-17,0.707106781186551,
-0.707106781186544));
#2577=DIRECTION('ref_axis',(-1.,0.,1.26882631385734E-16));
#2578=DIRECTION('',(1.,1.26882631385732E-16,0.));
#2579=DIRECTION('center_axis',(-0.707106781186548,0.,-0.707106781186547));
#2580=DIRECTION('ref_axis',(-0.707106781186547,0.,0.707106781186548));
#2581=DIRECTION('',(-0.707106781186547,0.,0.707106781186548));
#2582=DIRECTION('',(0.,1.,0.));
#2583=DIRECTION('center_axis',(-0.707106781186548,0.,0.707106781186548));
#2584=DIRECTION('ref_axis',(0.707106781186548,0.,0.707106781186548));
#2585=DIRECTION('',(0.,1.,0.));
#2586=DIRECTION('',(0.,-1.,0.));
#2587=DIRECTION('center_axis',(-8.97195690676443E-17,0.707106781186548,
0.707106781186548));
#2588=DIRECTION('ref_axis',(1.,0.,1.26882631385732E-16));
#2589=DIRECTION('',(0.427192174235142,0.639338269725914,-0.639338269725914));
#2590=DIRECTION('',(-1.,-1.26882631385732E-16,0.));
#2591=DIRECTION('',(1.,1.26882631385732E-16,0.));
#2592=DIRECTION('center_axis',(0.923879608115493,0.382683249840338,0.));
#2593=DIRECTION('ref_axis',(0.,0.,-1.));
#2594=DIRECTION('',(0.,0.,1.));
#2595=DIRECTION('center_axis',(0.707106781186548,6.28036983473509E-16,-0.707106781186548));
#2596=DIRECTION('ref_axis',(-0.707106781186548,0.,-0.707106781186548));
#2597=DIRECTION('',(8.88178419700124E-16,-1.,0.));
#2598=DIRECTION('',(-8.88178419700124E-16,1.,0.));
#2599=DIRECTION('',(0.577350269189626,0.577350269189626,0.577350269189626));
#2600=DIRECTION('center_axis',(0.707106781186546,0.70710678118655,0.));
#2601=DIRECTION('ref_axis',(0.,0.,-1.));
#2602=DIRECTION('',(0.,0.,-1.));
#2603=DIRECTION('',(0.,0.,1.));
#2604=DIRECTION('center_axis',(6.68124444148949E-17,0.707106781186548,0.707106781186548));
#2605=DIRECTION('ref_axis',(1.,0.,-9.44870650268429E-17));
#2606=DIRECTION('',(1.,-9.44870650268429E-17,0.));
#2607=DIRECTION('',(-1.,9.44870650268429E-17,0.));
#2608=DIRECTION('center_axis',(0.500000000000001,-0.500000000000001,0.707106781186546));
#2609=DIRECTION('ref_axis',(0.816496580927725,0.,-0.577350269189628));
#2610=DIRECTION('',(-0.707106781186547,-0.707106781186548,0.));
#2611=DIRECTION('',(0.28108463771482,-0.678598344545847,-0.678598344545847));
#2612=DIRECTION('center_axis',(-0.707106781186548,-0.707106781186548,0.));
#2613=DIRECTION('ref_axis',(0.,0.,1.));
#2614=DIRECTION('',(0.,0.,-1.));
#2615=DIRECTION('',(0.,0.,1.));
#2616=DIRECTION('center_axis',(-0.707106781186548,0.,-0.707106781186548));
#2617=DIRECTION('ref_axis',(-0.707106781186548,0.,0.707106781186548));
#2618=DIRECTION('',(0.,-1.,0.));
#2619=DIRECTION('',(0.,1.,0.));
#2620=DIRECTION('center_axis',(-3.14018491736755E-16,0.707106781186548,
-0.707106781186548));
#2621=DIRECTION('ref_axis',(-1.,0.,4.44089209850063E-16));
#2622=DIRECTION('',(-1.,-4.44089209850063E-16,0.));
#2623=DIRECTION('',(1.,4.44089209850063E-16,0.));
#2624=DIRECTION('center_axis',(0.707106781186548,6.28036983473509E-16,0.707106781186548));
#2625=DIRECTION('ref_axis',(0.707106781186548,0.,-0.707106781186548));
#2626=DIRECTION('',(8.88178419700124E-16,-1.,0.));
#2627=DIRECTION('',(-8.88178419700124E-16,1.,0.));
#2628=DIRECTION('center_axis',(0.,-0.707106781186548,0.707106781186548));
#2629=DIRECTION('ref_axis',(1.,0.,0.));
#2630=DIRECTION('',(-1.,0.,0.));
#2631=DIRECTION('',(1.,0.,0.));
#2632=DIRECTION('center_axis',(-0.707106781186546,0.70710678118655,0.));
#2633=DIRECTION('ref_axis',(0.,0.,1.));
#2634=DIRECTION('',(0.,0.,-1.));
#2635=DIRECTION('',(0.,0.,1.));
#2636=DIRECTION('center_axis',(-0.707106781186548,0.,0.707106781186548));
#2637=DIRECTION('ref_axis',(0.707106781186548,0.,0.707106781186548));
#2638=DIRECTION('',(0.,1.,0.));
#2639=DIRECTION('',(0.,-1.,0.));
#2640=DIRECTION('center_axis',(4.32978028117747E-17,-0.707106781186548,
0.707106781186547));
#2641=DIRECTION('ref_axis',(1.,0.,-6.12323399573678E-17));
#2642=DIRECTION('',(0.281084637714818,-0.678598344545847,-0.678598344545848));
#2643=DIRECTION('',(-1.,-6.12323399573677E-17,0.));
#2644=DIRECTION('center_axis',(-1.,0.,0.));
#2645=DIRECTION('ref_axis',(0.,-1.,0.));
#2646=DIRECTION('',(0.,0.,-1.));
#2647=DIRECTION('',(0.,0.707106781186548,-0.707106781186548));
#2648=DIRECTION('',(0.,1.,0.));
#2649=DIRECTION('',(0.,0.,1.));
#2650=DIRECTION('',(0.,-1.,0.));
#2651=DIRECTION('',(0.,0.707106781186548,0.707106781186548));
#2652=DIRECTION('',(0.,0.,-1.));
#2653=DIRECTION('',(0.,-1.,0.));
#2654=DIRECTION('',(0.,0.,1.));
#2655=DIRECTION('',(0.,1.,0.));
#2656=DIRECTION('center_axis',(-1.,0.,0.));
#2657=DIRECTION('ref_axis',(0.,-1.,0.));
#2658=DIRECTION('center_axis',(-1.26882631385732E-16,1.,0.));
#2659=DIRECTION('ref_axis',(-1.,-1.26882631385732E-16,0.));
#2660=DIRECTION('',(0.,0.,1.));
#2661=DIRECTION('center_axis',(1.,8.88178419700124E-16,0.));
#2662=DIRECTION('ref_axis',(-8.88178419700124E-16,1.,0.));
#2663=DIRECTION('',(0.,0.,1.));
#2664=DIRECTION('center_axis',(0.,0.,1.));
#2665=DIRECTION('ref_axis',(-1.,0.,0.));
#2666=DIRECTION('center_axis',(9.44870650268429E-17,1.,0.));
#2667=DIRECTION('ref_axis',(-1.,9.44870650268429E-17,0.));
#2668=DIRECTION('center_axis',(0.,0.,1.));
#2669=DIRECTION('ref_axis',(1.,0.,0.));
#2670=DIRECTION('center_axis',(-1.,0.,0.));
#2671=DIRECTION('ref_axis',(0.,-1.,0.));
#2672=DIRECTION('center_axis',(-0.707106781186548,0.707106781186548,0.));
#2673=DIRECTION('ref_axis',(0.,0.,1.));
#2674=DIRECTION('',(-0.577350269189626,-0.577350269189626,0.577350269189626));
#2675=DIRECTION('',(0.,0.,1.));
#2676=DIRECTION('',(0.577350269189626,0.577350269189626,0.577350269189626));
#2677=DIRECTION('',(0.577350269189626,0.577350269189626,-0.577350269189626));
#2678=DIRECTION('',(0.,0.,-1.));
#2679=DIRECTION('',(-0.577350269189626,-0.577350269189626,-0.577350269189626));
#2680=DIRECTION('center_axis',(-0.707106781186548,0.,0.707106781186548));
#2681=DIRECTION('ref_axis',(0.707106781186548,0.,0.707106781186548));
#2682=DIRECTION('',(0.,-1.,0.));
#2683=DIRECTION('',(0.707106781186548,0.,0.707106781186548));
#2684=DIRECTION('',(0.,1.,0.));
#2685=DIRECTION('',(-0.577350269189626,0.577350269189626,-0.577350269189626));
#2686=DIRECTION('center_axis',(-1.,0.,0.));
#2687=DIRECTION('ref_axis',(0.,0.,1.));
#2688=DIRECTION('',(0.,1.,0.));
#2689=DIRECTION('',(0.,0.,-1.));
#2690=DIRECTION('center_axis',(-0.707106781186548,0.,-0.707106781186548));
#2691=DIRECTION('ref_axis',(-0.707106781186548,0.,0.707106781186548));
#2692=DIRECTION('',(0.577350269189626,-0.577350269189626,-0.577350269189626));
#2693=DIRECTION('',(0.,-1.,0.));
#2694=DIRECTION('',(-0.707106781186548,0.,0.707106781186548));
#2695=DIRECTION('center_axis',(-0.577350269189626,-0.577350269189626,-0.577350269189626));
#2696=DIRECTION('ref_axis',(-0.707106781186547,0.,0.707106781186547));
#2697=DIRECTION('',(0.,0.707106781186548,-0.707106781186548));
#2698=DIRECTION('',(0.707106781186548,-0.707106781186548,0.));
#2699=DIRECTION('center_axis',(-0.577350269189626,-0.577350269189626,0.577350269189626));
#2700=DIRECTION('ref_axis',(0.707106781186547,0.,0.707106781186547));
#2701=DIRECTION('',(-0.707106781186548,0.707106781186548,0.));
#2702=DIRECTION('',(0.,-0.707106781186548,-0.707106781186548));
#2703=DIRECTION('center_axis',(-0.904534033733291,-0.301511344577763,-0.301511344577763));
#2704=DIRECTION('ref_axis',(-0.316227766016837,0.,0.948683298050514));
#2705=DIRECTION('',(-0.408248290463863,0.816496580927726,0.408248290463863));
#2706=DIRECTION('',(0.408248290463863,-0.408248290463864,-0.816496580927726));
#2707=DIRECTION('',(0.,-0.707106781186548,0.707106781186548));
#2708=DIRECTION('center_axis',(-0.904534033733291,-0.301511344577763,0.301511344577763));
#2709=DIRECTION('ref_axis',(0.316227766016838,0.,0.948683298050514));
#2710=DIRECTION('',(-0.408248290463863,0.408248290463864,-0.816496580927726));
#2711=DIRECTION('',(0.408248290463863,-0.816496580927726,0.408248290463863));
#2712=DIRECTION('',(0.,0.707106781186548,0.707106781186548));
#2713=DIRECTION('center_axis',(-0.707106781186548,0.,0.707106781186547));
#2714=DIRECTION('ref_axis',(0.707106781186547,0.,0.707106781186548));
#2715=DIRECTION('',(-0.577350269189626,0.577350269189626,-0.577350269189626));
#2716=DIRECTION('',(0.,-1.,0.));
#2717=DIRECTION('center_axis',(0.,-0.707106781186548,0.707106781186548));
#2718=DIRECTION('ref_axis',(1.,0.,0.));
#2719=DIRECTION('',(1.,0.,0.));
#2720=DIRECTION('',(-1.,0.,0.));
#2721=DIRECTION('center_axis',(-0.707106781186549,-0.707106781186546,0.));
#2722=DIRECTION('ref_axis',(0.,0.,1.));
#2723=DIRECTION('',(0.,0.,-1.));
#2724=DIRECTION('center_axis',(0.,-0.707106781186548,-0.707106781186548));
#2725=DIRECTION('ref_axis',(-1.,0.,0.));
#2726=DIRECTION('',(1.,0.,0.));
#2727=DIRECTION('',(-1.,0.,0.));
#2728=DIRECTION('center_axis',(-0.707106781186548,0.,-0.707106781186547));
#2729=DIRECTION('ref_axis',(-0.707106781186547,0.,0.707106781186548));
#2730=DIRECTION('',(0.577350269189626,-0.577350269189626,-0.577350269189626));
#2731=DIRECTION('',(0.,1.,0.));
#2732=DIRECTION('center_axis',(-0.707106781186548,-0.707106781186548,0.));
#2733=DIRECTION('ref_axis',(0.,0.,1.));
#2734=DIRECTION('',(0.,0.,1.));
#2735=DIRECTION('center_axis',(0.,0.,-1.));
#2736=DIRECTION('ref_axis',(0.,-1.,0.));
#2737=DIRECTION('',(-1.,0.,0.));
#2738=DIRECTION('center_axis',(0.,0.707106781186548,-0.707106781186548));
#2739=DIRECTION('ref_axis',(-1.,0.,0.));
#2740=DIRECTION('',(1.,0.,0.));
#2741=DIRECTION('center_axis',(0.,-1.,0.));
#2742=DIRECTION('ref_axis',(0.,0.,1.));
#2743=DIRECTION('center_axis',(-1.,0.,0.));
#2744=DIRECTION('ref_axis',(0.,-1.,0.));
#2745=DIRECTION('',(0.707106781186547,-0.707106781186548,8.65956056235494E-17));
#2746=DIRECTION('center_axis',(1.,0.,0.));
#2747=DIRECTION('ref_axis',(0.,-1.,0.));
#2748=DIRECTION('center_axis',(1.,0.,0.));
#2749=DIRECTION('ref_axis',(0.,-1.,0.));
#2750=DIRECTION('',(1.,0.,0.));
#2751=DIRECTION('center_axis',(-1.,0.,0.));
#2752=DIRECTION('ref_axis',(0.,-1.,0.));
#2753=DIRECTION('center_axis',(1.,0.,0.));
#2754=DIRECTION('ref_axis',(0.,-1.,0.));
#2755=DIRECTION('',(0.707106781186548,0.707106781186548,-8.65956056235494E-17));
#2756=DIRECTION('center_axis',(1.,0.,0.));
#2757=DIRECTION('ref_axis',(0.,-1.,0.));
#2758=DIRECTION('center_axis',(-1.,0.,0.));
#2759=DIRECTION('ref_axis',(0.,-1.,0.));
#2760=DIRECTION('center_axis',(-1.,0.,0.));
#2761=DIRECTION('ref_axis',(0.,-1.,0.));
#2762=DIRECTION('center_axis',(0.653281482438189,0.270598050073098,0.707106781186547));
#2763=DIRECTION('ref_axis',(0.734509555267755,0.,-0.678598344545848));
#2764=DIRECTION('',(-0.382683432365089,0.923879532511287,0.));
#2765=DIRECTION('',(0.382683432365089,-0.923879532511287,0.));
#2766=DIRECTION('center_axis',(0.923879532511287,0.382683432365089,0.));
#2767=DIRECTION('ref_axis',(-0.382683432365089,0.923879532511287,0.));
#2768=DIRECTION('center_axis',(0.653281482438189,0.270598050073098,-0.707106781186547));
#2769=DIRECTION('ref_axis',(-0.734509555267755,0.,-0.678598344545847));
#2770=DIRECTION('',(-0.382683432365089,0.923879532511287,0.));
#2771=DIRECTION('',(0.427192174235145,0.639338269725914,0.639338269725913));
#2772=DIRECTION('',(0.382683432365089,-0.923879532511287,0.));
#2773=DIRECTION('',(0.754150909266764,-0.150009942723768,0.639338269725914));
#2774=DIRECTION('center_axis',(4.32978028117747E-17,-0.707106781186548,
-0.707106781186547));
#2775=DIRECTION('ref_axis',(-1.,0.,-6.12323399573677E-17));
#2776=DIRECTION('',(0.577350269189626,0.577350269189626,-0.577350269189626));
#2777=DIRECTION('',(1.,6.12323399573677E-17,0.));
#2778=DIRECTION('',(0.281084637714813,-0.67859834454585,0.678598344545848));
#2779=DIRECTION('center_axis',(-0.577350269189621,0.577350269189628,-0.577350269189628));
#2780=DIRECTION('ref_axis',(-0.707106781186552,0.,0.707106781186543));
#2781=DIRECTION('',(-0.707106781186551,-0.707106781186544,0.));
#2782=DIRECTION('',(0.,0.707106781186548,0.707106781186547));
#2783=DIRECTION('',(0.707106781186548,-7.85046229341887E-15,-0.707106781186547));
#2784=DIRECTION('center_axis',(-8.97195690676443E-17,0.707106781186547,
-0.707106781186548));
#2785=DIRECTION('ref_axis',(-1.,0.,1.26882631385732E-16));
#2786=DIRECTION('',(-1.,-1.26882631385732E-16,0.));
#2787=DIRECTION('',(1.,1.26882631385732E-16,0.));
#2788=DIRECTION('center_axis',(-0.707106781186547,0.,-0.707106781186548));
#2789=DIRECTION('ref_axis',(-0.707106781186548,0.,0.707106781186547));
#2790=DIRECTION('',(0.,-1.,0.));
#2791=DIRECTION('center_axis',(-0.57735026918962,0.577350269189632,0.577350269189626));
#2792=DIRECTION('ref_axis',(0.707106781186551,0.,0.707106781186544));
#2793=DIRECTION('',(0.707106781186551,0.707106781186544,0.));
#2794=DIRECTION('',(-0.707106781186547,7.85046229341887E-15,-0.707106781186548));
#2795=DIRECTION('',(0.,-0.707106781186544,0.707106781186551));
#2796=DIRECTION('center_axis',(-0.707106781186548,0.,0.707106781186547));
#2797=DIRECTION('ref_axis',(0.707106781186547,0.,0.707106781186548));
#2798=DIRECTION('',(0.707106781186547,0.,0.707106781186548));
#2799=DIRECTION('',(0.,1.,0.));
#2800=DIRECTION('center_axis',(-8.97195690676448E-17,0.707106781186551,
0.707106781186544));
#2801=DIRECTION('ref_axis',(1.,0.,1.26882631385734E-16));
#2802=DIRECTION('',(-1.,-1.26882631385732E-16,0.));
#2803=DIRECTION('',(1.,1.26882631385732E-16,0.));
#2804=DIRECTION('center_axis',(-0.707106781186544,0.707106781186551,0.));
#2805=DIRECTION('ref_axis',(0.,0.,1.));
#2806=DIRECTION('',(0.,0.,-1.));
#2807=DIRECTION('center_axis',(0.500000000000001,-0.500000000000001,-0.707106781186546));
#2808=DIRECTION('ref_axis',(-0.816496580927725,0.,-0.577350269189627));
#2809=DIRECTION('',(0.707106781186547,0.707106781186548,0.));
#2810=DIRECTION('center_axis',(-1.26882631385732E-16,1.,0.));
#2811=DIRECTION('ref_axis',(-1.,-1.26882631385732E-16,0.));
#2812=DIRECTION('',(0.,0.,1.));
#2813=DIRECTION('center_axis',(0.923879532511287,0.382683432365089,0.));
#2814=DIRECTION('ref_axis',(-0.382683432365089,0.923879532511287,0.));
#2815=DIRECTION('center_axis',(0.,0.,1.));
#2816=DIRECTION('ref_axis',(1.,0.,0.));
#2817=DIRECTION('center_axis',(0.500000000000001,-0.500000000000001,0.707106781186546));
#2818=DIRECTION('ref_axis',(0.816496580927725,0.,-0.577350269189628));
#2819=DIRECTION('',(-0.816496580927725,0.,0.577350269189628));
#2820=DIRECTION('',(-0.707106781186547,-0.707106781186548,0.));
#2821=DIRECTION('center_axis',(0.,0.,1.));
#2822=DIRECTION('ref_axis',(1.,0.,0.));
#2823=DIRECTION('center_axis',(0.,0.707106781186548,0.707106781186548));
#2824=DIRECTION('ref_axis',(1.,0.,0.));
#2825=DIRECTION('',(1.,0.,0.));
#2826=DIRECTION('',(-1.,0.,0.));
#2827=DIRECTION('center_axis',(0.,-1.,0.));
#2828=DIRECTION('ref_axis',(0.,0.,-1.));
#2829=DIRECTION('center_axis',(-4.44089209850063E-16,1.,0.));
#2830=DIRECTION('ref_axis',(-1.,-4.44089209850063E-16,0.));
#2831=DIRECTION('center_axis',(0.,-1.,0.));
#2832=DIRECTION('ref_axis',(1.,0.,0.));
#2833=DIRECTION('center_axis',(0.,0.,1.));
#2834=DIRECTION('ref_axis',(1.,0.,0.));
#2835=DIRECTION('center_axis',(1.,0.,0.));
#2836=DIRECTION('ref_axis',(0.,-1.,0.));
#2837=DIRECTION('',(1.,0.,0.));
#2838=DIRECTION('center_axis',(0.,0.,-1.));
#2839=DIRECTION('ref_axis',(0.,-1.,0.));
#2840=DIRECTION('center_axis',(0.,0.,1.));
#2841=DIRECTION('ref_axis',(0.,1.,0.));
#2842=DIRECTION('center_axis',(0.,0.,-1.));
#2843=DIRECTION('ref_axis',(0.,1.,0.));
#2844=DIRECTION('',(0.,0.,1.));
#2845=DIRECTION('',(1.,0.,0.));
#2846=CARTESIAN_POINT('',(0.,0.,0.));
#2847=CARTESIAN_POINT('',(0.,0.,0.));
#2848=CARTESIAN_POINT('Ctrl Pts',(1.38777878078145E-16,25.,20.));
#2849=CARTESIAN_POINT('Ctrl Pts',(-0.0578870723723004,24.9421129276277,
20.0414672311952));
#2850=CARTESIAN_POINT('Ctrl Pts',(-0.17626890960729,24.839945982352,20.1214098372977));
#2851=CARTESIAN_POINT('Ctrl Pts',(-0.485863339895263,24.6392091071846,20.288799715305));
#2852=CARTESIAN_POINT('Ctrl Pts',(-0.70663955033343,24.6012962962963,20.3703703703704));
#2853=CARTESIAN_POINT('Ctrl Pts',(-0.8,24.6,20.4));
#2854=CARTESIAN_POINT('Ctrl Pts',(-0.0578870723723004,24.9421129276277,
19.9585327688048));
#2855=CARTESIAN_POINT('Ctrl Pts',(-0.111486213457764,24.8885137865422,20.));
#2856=CARTESIAN_POINT('Ctrl Pts',(-0.225846779690044,24.7887356341584,20.080244183965));
#2857=CARTESIAN_POINT('Ctrl Pts',(-0.525158200177121,24.5918616546863,20.2436014370195));
#2858=CARTESIAN_POINT('Ctrl Pts',(-0.718504924886547,24.5593882953808,20.3235644183389));
#2859=CARTESIAN_POINT('Ctrl Pts',(-0.8,24.5555555555556,20.3555555555556));
#2860=CARTESIAN_POINT('Ctrl Pts',(-0.160054017648038,24.8237310903927,19.8785901627023));
#2861=CARTESIAN_POINT('Ctrl Pts',(-0.211264365841611,24.77415322031,19.919755816035));
#2862=CARTESIAN_POINT('Ctrl Pts',(-0.328922623194157,24.6710773768058,20.));
#2863=CARTESIAN_POINT('Ctrl Pts',(-0.603939116198209,24.4885152195997,20.1533080434664));
#2864=CARTESIAN_POINT('Ctrl Pts',(-0.736257086115788,24.4737570645108,20.2288442104866));
#2865=CARTESIAN_POINT('Ctrl Pts',(-0.800000000000001,24.4666666666667,20.2666666666667));
#2866=CARTESIAN_POINT('Ctrl Pts',(-0.360790892815424,24.5141366601047,19.711200284695));
#2867=CARTESIAN_POINT('Ctrl Pts',(-0.408138345313706,24.4748417998229,19.7563985629805));
#2868=CARTESIAN_POINT('Ctrl Pts',(-0.511484780400274,24.3960608838018,19.8466919565336));
#2869=CARTESIAN_POINT('Ctrl Pts',(-0.660446031869021,24.339553968131,20.));
#2870=CARTESIAN_POINT('Ctrl Pts',(-0.748735723775352,24.3398399836997,20.0881560507034));
#2871=CARTESIAN_POINT('Ctrl Pts',(-0.8,24.3333333333333,20.1333333333333));
#2872=CARTESIAN_POINT('Ctrl Pts',(-0.398703703703704,24.2933604496666,19.6296296296296));
#2873=CARTESIAN_POINT('Ctrl Pts',(-0.440611704619201,24.2814950751135,19.6764355816611));
#2874=CARTESIAN_POINT('Ctrl Pts',(-0.526242935489161,24.2637429138842,19.7711557895134));
#2875=CARTESIAN_POINT('Ctrl Pts',(-0.660160016300325,24.2512642762246,19.9118439492966));
#2876=CARTESIAN_POINT('Ctrl Pts',(-0.75287037037037,24.2471296296296,20.));
#2877=CARTESIAN_POINT('Ctrl Pts',(-0.8,24.2444444444444,20.0444444444444));
#2878=CARTESIAN_POINT('Ctrl Pts',(-0.4,24.2,19.6));
#2879=CARTESIAN_POINT('Ctrl Pts',(-0.444444444444444,24.2,19.6444444444444));
#2880=CARTESIAN_POINT('Ctrl Pts',(-0.533333333333333,24.2,19.7333333333333));
#2881=CARTESIAN_POINT('Ctrl Pts',(-0.666666666666667,24.2,19.8666666666667));
#2882=CARTESIAN_POINT('Ctrl Pts',(-0.755555555555556,24.2,19.9555555555556));
#2883=CARTESIAN_POINT('Ctrl Pts',(-0.8,24.2,20.));
#2884=CARTESIAN_POINT('',(1.38777878078145E-16,25.,20.));
#2885=CARTESIAN_POINT('',(-0.8,24.6,20.4));
#2886=CARTESIAN_POINT('Ctrl Pts',(1.38777878078145E-16,25.,20.));
#2887=CARTESIAN_POINT('Ctrl Pts',(-0.0578870723723004,24.9421129276277,
20.0414672311952));
#2888=CARTESIAN_POINT('Ctrl Pts',(-0.17626890960729,24.839945982352,20.1214098372977));
#2889=CARTESIAN_POINT('Ctrl Pts',(-0.485863339895263,24.6392091071846,20.288799715305));
#2890=CARTESIAN_POINT('Ctrl Pts',(-0.70663955033343,24.6012962962963,20.3703703703704));
#2891=CARTESIAN_POINT('Ctrl Pts',(-0.8,24.6,20.4));
#2892=CARTESIAN_POINT('',(-0.4,24.2,19.6));
#2893=CARTESIAN_POINT('Ctrl Pts',(1.38777878078145E-16,25.,20.));
#2894=CARTESIAN_POINT('Ctrl Pts',(-0.0578870723723004,24.9421129276277,
19.9585327688048));
#2895=CARTESIAN_POINT('Ctrl Pts',(-0.160054017648038,24.8237310903927,19.8785901627023));
#2896=CARTESIAN_POINT('Ctrl Pts',(-0.360790892815424,24.5141366601047,19.711200284695));
#2897=CARTESIAN_POINT('Ctrl Pts',(-0.398703703703704,24.2933604496666,19.6296296296296));
#2898=CARTESIAN_POINT('Ctrl Pts',(-0.4,24.2,19.6));
#2899=CARTESIAN_POINT('',(-0.800000000000001,24.2,20.));
#2900=CARTESIAN_POINT('',(-0.8,24.2,20.));
#2901=CARTESIAN_POINT('',(-0.800000000000001,25.,20.8));
#2902=CARTESIAN_POINT('Ctrl Pts',(1.38777878078145E-16,25.,20.));
#2903=CARTESIAN_POINT('Ctrl Pts',(-0.0578870723723004,24.9421129276277,
19.9585327688048));
#2904=CARTESIAN_POINT('Ctrl Pts',(-0.160054017648038,24.8237310903927,19.8785901627023));
#2905=CARTESIAN_POINT('Ctrl Pts',(-0.360790892815424,24.5141366601047,19.711200284695));
#2906=CARTESIAN_POINT('Ctrl Pts',(-0.398703703703704,24.2933604496666,19.6296296296296));
#2907=CARTESIAN_POINT('Ctrl Pts',(-0.4,24.2,19.6));
#2908=CARTESIAN_POINT('Ctrl Pts',(1.22870309214067E-16,25.,19.9170655376096));
#2909=CARTESIAN_POINT('Ctrl Pts',(-0.0526063260743644,24.9411201126166,
19.8802057765472));
#2910=CARTESIAN_POINT('Ctrl Pts',(-0.147973203336884,24.8202554990929,19.8057028232335));
#2911=CARTESIAN_POINT('Ctrl Pts',(-0.330053326538703,24.5081088612909,19.6468692165982));
#2912=CARTESIAN_POINT('Ctrl Pts',(-0.356939735710017,24.2948524409234,19.5795314965282));
#2913=CARTESIAN_POINT('Ctrl Pts',(-0.355555555555555,24.2,19.5555555555556));
#2914=CARTESIAN_POINT('Ctrl Pts',(-1.69646760448322E-16,25.,19.7571803254046));
#2915=CARTESIAN_POINT('Ctrl Pts',(-0.044335660214067,24.9381828018273,19.7254586392685));
#2916=CARTESIAN_POINT('Ctrl Pts',(-0.127522395533926,24.8078808398331,19.6543540348284));
#2917=CARTESIAN_POINT('Ctrl Pts',(-0.267842882114068,24.4889029716058,19.5150235870226));
#2918=CARTESIAN_POINT('Ctrl Pts',(-0.271851163241466,24.299708508839,19.4811365557678));
#2919=CARTESIAN_POINT('Ctrl Pts',(-0.266666666666667,24.2,19.4666666666667));
#2920=CARTESIAN_POINT('Ctrl Pts',(1.75270528491159E-16,25.,19.42240056939));
#2921=CARTESIAN_POINT('Ctrl Pts',(-0.0305666844291909,24.9258468460805,
19.4032677795787));
#2922=CARTESIAN_POINT('Ctrl Pts',(-0.0869784160519564,24.7668578115906,
19.3617155435562));
#2923=CARTESIAN_POINT('Ctrl Pts',(-0.148270438680729,24.4851512675645,19.3376745429204));
#2924=CARTESIAN_POINT('Ctrl Pts',(-0.139093435850605,24.3034927844471,19.3388833345447));
#2925=CARTESIAN_POINT('Ctrl Pts',(-0.133333333333333,24.2,19.3333333333333));
#2926=CARTESIAN_POINT('Ctrl Pts',(4.24043516349886E-17,25.,19.2592592592593));
#2927=CARTESIAN_POINT('Ctrl Pts',(-0.0129534678488816,24.9168395572674,
19.2559670781893));
#2928=CARTESIAN_POINT('Ctrl Pts',(-0.0348752008237344,24.7467581344663,
19.2522923452812));
#2929=CARTESIAN_POINT('Ctrl Pts',(-0.0511499151634607,24.478518579549,19.2507272838413));
#2930=CARTESIAN_POINT('Ctrl Pts',(-0.0469135802469135,24.2943563712407,
19.2469135802469));
#2931=CARTESIAN_POINT('Ctrl Pts',(-0.0444444444444443,24.2,19.2444444444444));
#2932=CARTESIAN_POINT('Ctrl Pts',(0.,25.,19.2));
#2933=CARTESIAN_POINT('Ctrl Pts',(0.,24.9111111111111,19.2));
#2934=CARTESIAN_POINT('Ctrl Pts',(1.58052583366776E-17,24.7333333333333,
19.2));
#2935=CARTESIAN_POINT('Ctrl Pts',(-5.53184041783715E-17,24.4666666666667,
19.2));
#2936=CARTESIAN_POINT('Ctrl Pts',(1.18539437525082E-16,24.2888888888889,
19.2));
#2937=CARTESIAN_POINT('Ctrl Pts',(1.38777878078145E-16,24.2,19.2));
#2938=CARTESIAN_POINT('',(0.,25.,19.2));
#2939=CARTESIAN_POINT('Ctrl Pts',(1.38777878078145E-16,25.,20.));
#2940=CARTESIAN_POINT('Ctrl Pts',(1.52554223932979E-16,25.,19.9170655376096));
#2941=CARTESIAN_POINT('Ctrl Pts',(1.01252392146897E-16,25.,19.7571803254046));
#2942=CARTESIAN_POINT('Ctrl Pts',(2.75473412194912E-16,25.,19.42240056939));
#2943=CARTESIAN_POINT('Ctrl Pts',(1.31067995962692E-16,25.,19.2592592592593));
#2944=CARTESIAN_POINT('Ctrl Pts',(0.,25.,19.2));
#2945=CARTESIAN_POINT('',(0.,24.2,19.2));
#2946=CARTESIAN_POINT('',(0.,25.,19.2));
#2947=CARTESIAN_POINT('',(-0.8,24.2,20.));
#2948=CARTESIAN_POINT('Ctrl Pts',(1.38777878078145E-16,25.,20.));
#2949=CARTESIAN_POINT('Ctrl Pts',(1.52554223932979E-16,25.,19.9170655376096));
#2950=CARTESIAN_POINT('Ctrl Pts',(1.01252392146897E-16,25.,19.7571803254046));
#2951=CARTESIAN_POINT('Ctrl Pts',(2.75473412194912E-16,25.,19.42240056939));
#2952=CARTESIAN_POINT('Ctrl Pts',(1.31067995962692E-16,25.,19.2592592592593));
#2953=CARTESIAN_POINT('Ctrl Pts',(0.,25.,19.2));
#2954=CARTESIAN_POINT('Ctrl Pts',(0.0578870723723007,25.0578870723723,19.9585327688048));
#2955=CARTESIAN_POINT('Ctrl Pts',(0.0526063260743647,25.0588798873834,19.8802057765472));
#2956=CARTESIAN_POINT('Ctrl Pts',(0.0443356602140669,25.0618171981727,19.7254586392685));
#2957=CARTESIAN_POINT('Ctrl Pts',(0.0305666844291914,25.0741531539195,19.4032677795787));
#2958=CARTESIAN_POINT('Ctrl Pts',(0.0129534678488818,25.0831604427326,19.2559670781893));
#2959=CARTESIAN_POINT('Ctrl Pts',(0.,25.0888888888889,19.2));
#2960=CARTESIAN_POINT('Ctrl Pts',(0.160054017648038,25.1762689096073,19.8785901627023));
#2961=CARTESIAN_POINT('Ctrl Pts',(0.147973203336884,25.1797445009071,19.8057028232335));
#2962=CARTESIAN_POINT('Ctrl Pts',(0.127522395533926,25.1921191601669,19.6543540348284));
#2963=CARTESIAN_POINT('Ctrl Pts',(0.0869784160519569,25.2331421884094,19.3617155435562));
#2964=CARTESIAN_POINT('Ctrl Pts',(0.0348752008237346,25.2532418655337,19.2522923452812));
#2965=CARTESIAN_POINT('Ctrl Pts',(1.04083408558608E-16,25.2666666666667,
19.2));
#2966=CARTESIAN_POINT('Ctrl Pts',(0.360790892815424,25.4858633398953,19.711200284695));
#2967=CARTESIAN_POINT('Ctrl Pts',(0.330053326538703,25.4918911387091,19.6468692165982));
#2968=CARTESIAN_POINT('Ctrl Pts',(0.267842882114069,25.5110970283942,19.5150235870226));
#2969=CARTESIAN_POINT('Ctrl Pts',(0.148270438680729,25.5148487324356,19.3376745429204));
#2970=CARTESIAN_POINT('Ctrl Pts',(0.0511499151634603,25.521481420451,19.2507272838413));
#2971=CARTESIAN_POINT('Ctrl Pts',(-3.46944695195361E-16,25.5333333333333,
19.2));
#2972=CARTESIAN_POINT('Ctrl Pts',(0.398703703703704,25.7066395503334,19.6296296296296));
#2973=CARTESIAN_POINT('Ctrl Pts',(0.356939735710018,25.7051475590766,19.5795314965282));
#2974=CARTESIAN_POINT('Ctrl Pts',(0.271851163241466,25.700291491161,19.4811365557678));
#2975=CARTESIAN_POINT('Ctrl Pts',(0.139093435850605,25.6965072155529,19.3388833345447));
#2976=CARTESIAN_POINT('Ctrl Pts',(0.0469135802469137,25.7056436287593,19.2469135802469));
#2977=CARTESIAN_POINT('Ctrl Pts',(0.,25.7111111111111,19.2));
#2978=CARTESIAN_POINT('Ctrl Pts',(0.4,25.8,19.6));
#2979=CARTESIAN_POINT('Ctrl Pts',(0.355555555555556,25.8,19.5555555555556));
#2980=CARTESIAN_POINT('Ctrl Pts',(0.266666666666667,25.8,19.4666666666667));
#2981=CARTESIAN_POINT('Ctrl Pts',(0.133333333333333,25.8,19.3333333333333));
#2982=CARTESIAN_POINT('Ctrl Pts',(0.0444444444444445,25.8,19.2444444444444));
#2983=CARTESIAN_POINT('Ctrl Pts',(0.,25.8,19.2));
#2984=CARTESIAN_POINT('',(0.4,25.8,19.6));
#2985=CARTESIAN_POINT('Ctrl Pts',(1.38777878078145E-16,25.,20.));
#2986=CARTESIAN_POINT('Ctrl Pts',(0.0578870723723007,25.0578870723723,19.9585327688048));
#2987=CARTESIAN_POINT('Ctrl Pts',(0.160054017648038,25.1762689096073,19.8785901627023));
#2988=CARTESIAN_POINT('Ctrl Pts',(0.360790892815424,25.4858633398953,19.711200284695));
#2989=CARTESIAN_POINT('Ctrl Pts',(0.398703703703704,25.7066395503334,19.6296296296296));
#2990=CARTESIAN_POINT('Ctrl Pts',(0.4,25.8,19.6));
#2991=CARTESIAN_POINT('',(0.,25.8,19.2));
#2992=CARTESIAN_POINT('',(0.,25.8,19.2));
#2993=CARTESIAN_POINT('',(0.,25.,19.2));
#2994=CARTESIAN_POINT('Ctrl Pts',(1.38777878078145E-16,25.,20.));
#2995=CARTESIAN_POINT('Ctrl Pts',(0.0578870723723007,25.0578870723723,19.9585327688048));
#2996=CARTESIAN_POINT('Ctrl Pts',(0.160054017648038,25.1762689096073,19.8785901627023));
#2997=CARTESIAN_POINT('Ctrl Pts',(0.360790892815424,25.4858633398953,19.711200284695));
#2998=CARTESIAN_POINT('Ctrl Pts',(0.398703703703704,25.7066395503334,19.6296296296296));
#2999=CARTESIAN_POINT('Ctrl Pts',(0.4,25.8,19.6));
#3000=CARTESIAN_POINT('Ctrl Pts',(0.0578870723723007,25.0578870723723,20.0414672311952));
#3001=CARTESIAN_POINT('Ctrl Pts',(0.111486213457764,25.1114862134578,20.));
#3002=CARTESIAN_POINT('Ctrl Pts',(0.211264365841611,25.22584677969,19.919755816035));
#3003=CARTESIAN_POINT('Ctrl Pts',(0.408138345313707,25.5251582001771,19.7563985629805));
#3004=CARTESIAN_POINT('Ctrl Pts',(0.440611704619201,25.7185049248866,19.6764355816611));
#3005=CARTESIAN_POINT('Ctrl Pts',(0.444444444444445,25.8,19.6444444444444));
#3006=CARTESIAN_POINT('Ctrl Pts',(0.17626890960729,25.160054017648,20.1214098372977));
#3007=CARTESIAN_POINT('Ctrl Pts',(0.225846779690044,25.2112643658416,20.080244183965));
#3008=CARTESIAN_POINT('Ctrl Pts',(0.328922623194158,25.3289226231942,20.));
#3009=CARTESIAN_POINT('Ctrl Pts',(0.511484780400274,25.6039391161982,19.8466919565336));
#3010=CARTESIAN_POINT('Ctrl Pts',(0.526242935489162,25.7362570861158,19.7711557895134));
#3011=CARTESIAN_POINT('Ctrl Pts',(0.533333333333334,25.8,19.7333333333333));
#3012=CARTESIAN_POINT('Ctrl Pts',(0.485863339895264,25.3607908928154,20.288799715305));
#3013=CARTESIAN_POINT('Ctrl Pts',(0.525158200177122,25.4081383453137,20.2436014370195));
#3014=CARTESIAN_POINT('Ctrl Pts',(0.60393911619821,25.5114847804003,20.1533080434664));
#3015=CARTESIAN_POINT('Ctrl Pts',(0.660446031869021,25.660446031869,20.));
#3016=CARTESIAN_POINT('Ctrl Pts',(0.660160016300325,25.7487357237754,19.9118439492966));
#3017=CARTESIAN_POINT('Ctrl Pts',(0.666666666666667,25.8,19.8666666666667));
#3018=CARTESIAN_POINT('Ctrl Pts',(0.70663955033343,25.3987037037037,20.3703703703704));
#3019=CARTESIAN_POINT('Ctrl Pts',(0.718504924886548,25.4406117046192,20.3235644183389));
#3020=CARTESIAN_POINT('Ctrl Pts',(0.736257086115787,25.5262429354892,20.2288442104866));
#3021=CARTESIAN_POINT('Ctrl Pts',(0.748735723775353,25.6601600163003,20.0881560507034));
#3022=CARTESIAN_POINT('Ctrl Pts',(0.752870370370371,25.7528703703704,20.));
#3023=CARTESIAN_POINT('Ctrl Pts',(0.755555555555556,25.8,19.9555555555556));
#3024=CARTESIAN_POINT('Ctrl Pts',(0.800000000000001,25.4,20.4));
#3025=CARTESIAN_POINT('Ctrl Pts',(0.800000000000001,25.4444444444444,20.3555555555556));
#3026=CARTESIAN_POINT('Ctrl Pts',(0.8,25.5333333333333,20.2666666666667));
#3027=CARTESIAN_POINT('Ctrl Pts',(0.800000000000001,25.6666666666667,20.1333333333333));
#3028=CARTESIAN_POINT('Ctrl Pts',(0.800000000000001,25.7555555555556,20.0444444444444));
#3029=CARTESIAN_POINT('Ctrl Pts',(0.800000000000001,25.8,20.));
#3030=CARTESIAN_POINT('',(0.800000000000001,25.4,20.4));
#3031=CARTESIAN_POINT('Ctrl Pts',(1.38777878078145E-16,25.,20.));
#3032=CARTESIAN_POINT('Ctrl Pts',(0.0578870723723007,25.0578870723723,20.0414672311952));
#3033=CARTESIAN_POINT('Ctrl Pts',(0.17626890960729,25.160054017648,20.1214098372977));
#3034=CARTESIAN_POINT('Ctrl Pts',(0.485863339895264,25.3607908928154,20.288799715305));
#3035=CARTESIAN_POINT('Ctrl Pts',(0.70663955033343,25.3987037037037,20.3703703703704));
#3036=CARTESIAN_POINT('Ctrl Pts',(0.800000000000001,25.4,20.4));
#3037=CARTESIAN_POINT('',(0.800000000000001,25.8,20.));
#3038=CARTESIAN_POINT('',(0.800000000000001,25.8,20.));
#3039=CARTESIAN_POINT('',(0.,25.8,19.2));
#3040=CARTESIAN_POINT('Ctrl Pts',(1.38777878078145E-16,25.,20.));
#3041=CARTESIAN_POINT('Ctrl Pts',(0.0578870723723007,25.0578870723723,20.0414672311952));
#3042=CARTESIAN_POINT('Ctrl Pts',(0.17626890960729,25.160054017648,20.1214098372977));
#3043=CARTESIAN_POINT('Ctrl Pts',(0.485863339895264,25.3607908928154,20.288799715305));
#3044=CARTESIAN_POINT('Ctrl Pts',(0.70663955033343,25.3987037037037,20.3703703703704));
#3045=CARTESIAN_POINT('Ctrl Pts',(0.800000000000001,25.4,20.4));
#3046=CARTESIAN_POINT('Ctrl Pts',(1.62871259688934E-16,25.,20.0829344623904));
#3047=CARTESIAN_POINT('Ctrl Pts',(0.0588798873833996,25.0526063260744,20.1197942234528));
#3048=CARTESIAN_POINT('Ctrl Pts',(0.179744500907072,25.1479732033369,20.1942971767665));
#3049=CARTESIAN_POINT('Ctrl Pts',(0.491891138709083,25.3300533265387,20.3531307834018));
#3050=CARTESIAN_POINT('Ctrl Pts',(0.705147559076598,25.35693973571,20.4204685034718));
#3051=CARTESIAN_POINT('Ctrl Pts',(0.800000000000001,25.3555555555556,20.4444444444444));
#3052=CARTESIAN_POINT('Ctrl Pts',(2.47037472782623E-16,25.,20.2428196745954));
#3053=CARTESIAN_POINT('Ctrl Pts',(0.0618171981727023,25.0443356602141,20.2745413607315));
#3054=CARTESIAN_POINT('Ctrl Pts',(0.192119160166906,25.127522395534,20.3456459651716));
#3055=CARTESIAN_POINT('Ctrl Pts',(0.511097028394215,25.267842882114,20.4849764129774));
#3056=CARTESIAN_POINT('Ctrl Pts',(0.700291491161025,25.2718511632415,20.5188634442321));
#3057=CARTESIAN_POINT('Ctrl Pts',(0.800000000000002,25.2666666666667,20.5333333333333));
#3058=CARTESIAN_POINT('Ctrl Pts',(4.52313084106545E-16,25.,20.57759943061));
#3059=CARTESIAN_POINT('Ctrl Pts',(0.0741531539194545,25.0305666844292,20.5967322204213));
#3060=CARTESIAN_POINT('Ctrl Pts',(0.233142188409418,25.0869784160519,20.6382844564438));
#3061=CARTESIAN_POINT('Ctrl Pts',(0.514848732435556,25.1482704386807,20.6623254570795));
#3062=CARTESIAN_POINT('Ctrl Pts',(0.696507215552855,25.1390934358506,20.6611166654553));
#3063=CARTESIAN_POINT('Ctrl Pts',(0.800000000000002,25.1333333333333,20.6666666666667));
#3064=CARTESIAN_POINT('Ctrl Pts',(8.9627379592135E-16,25.,20.7407407407407));
#3065=CARTESIAN_POINT('Ctrl Pts',(0.0831604427326393,25.0129534678489,20.7440329218107));
#3066=CARTESIAN_POINT('Ctrl Pts',(0.2532418655337,25.0348752008237,20.7477076547188));
#3067=CARTESIAN_POINT('Ctrl Pts',(0.521481420450999,25.0511499151635,20.7492727161587));
#3068=CARTESIAN_POINT('Ctrl Pts',(0.705643628759277,25.0469135802469,20.7530864197531));
#3069=CARTESIAN_POINT('Ctrl Pts',(0.800000000000002,25.0444444444444,20.7555555555556));
#3070=CARTESIAN_POINT('Ctrl Pts',(1.2490009027033E-15,25.,20.8));
#3071=CARTESIAN_POINT('Ctrl Pts',(0.0888888888888902,25.,20.8));
#3072=CARTESIAN_POINT('Ctrl Pts',(0.266666666666668,25.,20.8));
#3073=CARTESIAN_POINT('Ctrl Pts',(0.533333333333336,25.,20.8));
#3074=CARTESIAN_POINT('Ctrl Pts',(0.711111111111113,25.,20.8));
#3075=CARTESIAN_POINT('Ctrl Pts',(0.800000000000002,25.,20.8));
#3076=CARTESIAN_POINT('',(0.,25.,20.8));
#3077=CARTESIAN_POINT('Ctrl Pts',(1.38777878078145E-16,25.,20.));
#3078=CARTESIAN_POINT('Ctrl Pts',(1.62871259688934E-16,25.,20.0829344623904));
#3079=CARTESIAN_POINT('Ctrl Pts',(2.47037472782623E-16,25.,20.2428196745954));
#3080=CARTESIAN_POINT('Ctrl Pts',(4.52313084106545E-16,25.,20.57759943061));
#3081=CARTESIAN_POINT('Ctrl Pts',(8.9627379592135E-16,25.,20.7407407407407));
#3082=CARTESIAN_POINT('Ctrl Pts',(1.2490009027033E-15,25.,20.8));
#3083=CARTESIAN_POINT('',(0.800000000000001,25.,20.8));
#3084=CARTESIAN_POINT('',(0.,25.,20.8));
#3085=CARTESIAN_POINT('',(0.800000000000001,25.8,20.));
#3086=CARTESIAN_POINT('Ctrl Pts',(-5.20417042793042E-17,20.,20.));
#3087=CARTESIAN_POINT('Ctrl Pts',(0.0578870723723005,19.9421129276277,20.0414672311952));
#3088=CARTESIAN_POINT('Ctrl Pts',(0.17626890960729,19.839945982352,20.1214098372977));
#3089=CARTESIAN_POINT('Ctrl Pts',(0.485863339895264,19.6392091071846,20.288799715305));
#3090=CARTESIAN_POINT('Ctrl Pts',(0.70663955033343,19.6012962962963,20.3703703703704));
#3091=CARTESIAN_POINT('Ctrl Pts',(0.800000000000001,19.6,20.4));
#3092=CARTESIAN_POINT('Ctrl Pts',(0.0578870723723005,19.9421129276277,19.9585327688048));
#3093=CARTESIAN_POINT('Ctrl Pts',(0.111486213457764,19.8885137865422,20.));
#3094=CARTESIAN_POINT('Ctrl Pts',(0.225846779690044,19.7887356341584,20.080244183965));
#3095=CARTESIAN_POINT('Ctrl Pts',(0.525158200177121,19.5918616546863,20.2436014370195));
#3096=CARTESIAN_POINT('Ctrl Pts',(0.718504924886547,19.5593882953808,20.3235644183389));
#3097=CARTESIAN_POINT('Ctrl Pts',(0.800000000000001,19.5555555555556,20.3555555555556));
#3098=CARTESIAN_POINT('Ctrl Pts',(0.160054017648038,19.8237310903927,19.8785901627023));
#3099=CARTESIAN_POINT('Ctrl Pts',(0.211264365841612,19.77415322031,19.919755816035));
#3100=CARTESIAN_POINT('Ctrl Pts',(0.328922623194158,19.6710773768058,20.));
#3101=CARTESIAN_POINT('Ctrl Pts',(0.60393911619821,19.4885152195997,20.1533080434664));
#3102=CARTESIAN_POINT('Ctrl Pts',(0.736257086115788,19.4737570645108,20.2288442104866));
#3103=CARTESIAN_POINT('Ctrl Pts',(0.800000000000001,19.4666666666667,20.2666666666667));
#3104=CARTESIAN_POINT('Ctrl Pts',(0.360790892815424,19.5141366601047,19.711200284695));
#3105=CARTESIAN_POINT('Ctrl Pts',(0.408138345313706,19.4748417998229,19.7563985629805));
#3106=CARTESIAN_POINT('Ctrl Pts',(0.511484780400274,19.3960608838018,19.8466919565336));
#3107=CARTESIAN_POINT('Ctrl Pts',(0.660446031869022,19.339553968131,20.));
#3108=CARTESIAN_POINT('Ctrl Pts',(0.748735723775353,19.3398399836997,20.0881560507034));
#3109=CARTESIAN_POINT('Ctrl Pts',(0.800000000000001,19.3333333333333,20.1333333333333));
#3110=CARTESIAN_POINT('Ctrl Pts',(0.398703703703704,19.2933604496666,19.6296296296296));
#3111=CARTESIAN_POINT('Ctrl Pts',(0.440611704619201,19.2814950751135,19.6764355816611));
#3112=CARTESIAN_POINT('Ctrl Pts',(0.526242935489162,19.2637429138842,19.7711557895134));
#3113=CARTESIAN_POINT('Ctrl Pts',(0.660160016300326,19.2512642762247,19.9118439492966));
#3114=CARTESIAN_POINT('Ctrl Pts',(0.752870370370371,19.2471296296296,20.));
#3115=CARTESIAN_POINT('Ctrl Pts',(0.800000000000001,19.2444444444444,20.0444444444444));
#3116=CARTESIAN_POINT('Ctrl Pts',(0.4,19.2,19.6));
#3117=CARTESIAN_POINT('Ctrl Pts',(0.444444444444445,19.2,19.6444444444444));
#3118=CARTESIAN_POINT('Ctrl Pts',(0.533333333333333,19.2,19.7333333333333));
#3119=CARTESIAN_POINT('Ctrl Pts',(0.666666666666668,19.2,19.8666666666667));
#3120=CARTESIAN_POINT('Ctrl Pts',(0.755555555555556,19.2,19.9555555555556));
#3121=CARTESIAN_POINT('Ctrl Pts',(0.800000000000001,19.2,20.));
#3122=CARTESIAN_POINT('',(-5.20417042793042E-17,20.,20.));
#3123=CARTESIAN_POINT('',(0.800000000000001,19.6,20.4));
#3124=CARTESIAN_POINT('Ctrl Pts',(-5.20417042793042E-17,20.,20.));
#3125=CARTESIAN_POINT('Ctrl Pts',(0.0578870723723005,19.9421129276277,20.0414672311952));
#3126=CARTESIAN_POINT('Ctrl Pts',(0.17626890960729,19.839945982352,20.1214098372977));
#3127=CARTESIAN_POINT('Ctrl Pts',(0.485863339895264,19.6392091071846,20.288799715305));
#3128=CARTESIAN_POINT('Ctrl Pts',(0.70663955033343,19.6012962962963,20.3703703703704));
#3129=CARTESIAN_POINT('Ctrl Pts',(0.800000000000001,19.6,20.4));
#3130=CARTESIAN_POINT('',(0.4,19.2,19.6));
#3131=CARTESIAN_POINT('Ctrl Pts',(-5.20417042793042E-17,20.,20.));
#3132=CARTESIAN_POINT('Ctrl Pts',(0.0578870723723005,19.9421129276277,19.9585327688048));
#3133=CARTESIAN_POINT('Ctrl Pts',(0.160054017648038,19.8237310903927,19.8785901627023));
#3134=CARTESIAN_POINT('Ctrl Pts',(0.360790892815424,19.5141366601047,19.711200284695));
#3135=CARTESIAN_POINT('Ctrl Pts',(0.398703703703704,19.2933604496666,19.6296296296296));
#3136=CARTESIAN_POINT('Ctrl Pts',(0.4,19.2,19.6));
#3137=CARTESIAN_POINT('',(0.800000000000001,19.2,20.));
#3138=CARTESIAN_POINT('',(0.800000000000001,19.2,20.));
#3139=CARTESIAN_POINT('',(0.800000000000001,20.,20.8));
#3140=CARTESIAN_POINT('Ctrl Pts',(-5.20417042793042E-17,20.,20.));
#3141=CARTESIAN_POINT('Ctrl Pts',(0.0578870723723005,19.9421129276277,19.9585327688048));
#3142=CARTESIAN_POINT('Ctrl Pts',(0.160054017648038,19.8237310903927,19.8785901627023));
#3143=CARTESIAN_POINT('Ctrl Pts',(0.360790892815424,19.5141366601047,19.711200284695));
#3144=CARTESIAN_POINT('Ctrl Pts',(0.398703703703704,19.2933604496666,19.6296296296296));
#3145=CARTESIAN_POINT('Ctrl Pts',(0.4,19.2,19.6));
#3146=CARTESIAN_POINT('Ctrl Pts',(-3.99890764729533E-17,20.,19.9170655376096));
#3147=CARTESIAN_POINT('Ctrl Pts',(0.0526063260743645,19.9411201126166,19.8802057765472));
#3148=CARTESIAN_POINT('Ctrl Pts',(0.147973203336884,19.8202554990929,19.8057028232335));
#3149=CARTESIAN_POINT('Ctrl Pts',(0.330053326538703,19.5081088612909,19.6468692165982));
#3150=CARTESIAN_POINT('Ctrl Pts',(0.356939735710017,19.2948524409234,19.5795314965282));
#3151=CARTESIAN_POINT('Ctrl Pts',(0.355555555555556,19.2,19.5555555555556));
#3152=CARTESIAN_POINT('Ctrl Pts',(1.73051958382647E-16,20.,19.7571803254046));
#3153=CARTESIAN_POINT('Ctrl Pts',(0.044335660214067,19.9381828018273,19.7254586392685));
#3154=CARTESIAN_POINT('Ctrl Pts',(0.127522395533926,19.8078808398331,19.6543540348284));
#3155=CARTESIAN_POINT('Ctrl Pts',(0.267842882114068,19.4889029716058,19.5150235870226));
#3156=CARTESIAN_POINT('Ctrl Pts',(0.271851163241466,19.299708508839,19.4811365557678));
#3157=CARTESIAN_POINT('Ctrl Pts',(0.266666666666667,19.2,19.4666666666667));
#3158=CARTESIAN_POINT('Ctrl Pts',(7.88022117218147E-17,20.,19.42240056939));
#3159=CARTESIAN_POINT('Ctrl Pts',(0.0305666844291912,19.9258468460805,19.4032677795787));
#3160=CARTESIAN_POINT('Ctrl Pts',(0.0869784160519564,19.7668578115906,19.3617155435562));
#3161=CARTESIAN_POINT('Ctrl Pts',(0.148270438680729,19.4851512675644,19.3376745429204));
#3162=CARTESIAN_POINT('Ctrl Pts',(0.139093435850605,19.3034927844471,19.3388833345447));
#3163=CARTESIAN_POINT('Ctrl Pts',(0.133333333333333,19.2,19.3333333333333));
#3164=CARTESIAN_POINT('Ctrl Pts',(0.,20.,19.2592592592593));
#3165=CARTESIAN_POINT('Ctrl Pts',(0.0129534678488816,19.9168395572674,19.2559670781893));
#3166=CARTESIAN_POINT('Ctrl Pts',(0.0348752008237344,19.7467581344663,19.2522923452812));
#3167=CARTESIAN_POINT('Ctrl Pts',(0.0511499151634607,19.478518579549,19.2507272838413));
#3168=CARTESIAN_POINT('Ctrl Pts',(0.0469135802469135,19.2943563712407,19.2469135802469));
#3169=CARTESIAN_POINT('Ctrl Pts',(0.0444444444444444,19.2,19.2444444444444));
#3170=CARTESIAN_POINT('Ctrl Pts',(0.,20.,19.2));
#3171=CARTESIAN_POINT('Ctrl Pts',(0.,19.9111111111111,19.2));
#3172=CARTESIAN_POINT('Ctrl Pts',(-1.58052583366776E-17,19.7333333333333,
19.2));
#3173=CARTESIAN_POINT('Ctrl Pts',(5.53184041783715E-17,19.4666666666667,
19.2));
#3174=CARTESIAN_POINT('Ctrl Pts',(-1.18539437525082E-16,19.2888888888889,
19.2));
#3175=CARTESIAN_POINT('Ctrl Pts',(-1.38777878078145E-16,19.2,19.2));
#3176=CARTESIAN_POINT('',(0.,20.,19.2));
#3177=CARTESIAN_POINT('Ctrl Pts',(-5.20417042793042E-17,20.,20.));
#3178=CARTESIAN_POINT('Ctrl Pts',(-6.9672991191865E-17,20.,19.9170655376096));
#3179=CARTESIAN_POINT('Ctrl Pts',(-3.01929786494765E-17,20.,19.7571803254046));
#3180=CARTESIAN_POINT('Ctrl Pts',(-1.54107017894164E-16,20.,19.42240056939));
#3181=CARTESIAN_POINT('Ctrl Pts',(-8.86636443277035E-17,20.,19.2592592592593));
#3182=CARTESIAN_POINT('Ctrl Pts',(0.,20.,19.2));
#3183=CARTESIAN_POINT('',(0.,19.2,19.2));
#3184=CARTESIAN_POINT('',(0.,20.,19.2));
#3185=CARTESIAN_POINT('',(0.800000000000001,19.2,20.));
#3186=CARTESIAN_POINT('Ctrl Pts',(-5.20417042793042E-17,20.,20.));
#3187=CARTESIAN_POINT('Ctrl Pts',(-6.9672991191865E-17,20.,19.9170655376096));
#3188=CARTESIAN_POINT('Ctrl Pts',(-3.01929786494765E-17,20.,19.7571803254046));
#3189=CARTESIAN_POINT('Ctrl Pts',(-1.54107017894164E-16,20.,19.42240056939));
#3190=CARTESIAN_POINT('Ctrl Pts',(-8.86636443277035E-17,20.,19.2592592592593));
#3191=CARTESIAN_POINT('Ctrl Pts',(0.,20.,19.2));
#3192=CARTESIAN_POINT('Ctrl Pts',(-0.0578870723723006,20.0578870723723,
19.9585327688048));
#3193=CARTESIAN_POINT('Ctrl Pts',(-0.0526063260743646,20.0588798873834,
19.8802057765472));
#3194=CARTESIAN_POINT('Ctrl Pts',(-0.0443356602140669,20.0618171981727,
19.7254586392685));
#3195=CARTESIAN_POINT('Ctrl Pts',(-0.0305666844291912,20.0741531539195,
19.4032677795787));
#3196=CARTESIAN_POINT('Ctrl Pts',(-0.0129534678488817,20.0831604427326,
19.2559670781893));
#3197=CARTESIAN_POINT('Ctrl Pts',(0.,20.0888888888889,19.2));
#3198=CARTESIAN_POINT('Ctrl Pts',(-0.160054017648038,20.1762689096073,19.8785901627023));
#3199=CARTESIAN_POINT('Ctrl Pts',(-0.147973203336884,20.1797445009071,19.8057028232335));
#3200=CARTESIAN_POINT('Ctrl Pts',(-0.127522395533926,20.1921191601669,19.6543540348284));
#3201=CARTESIAN_POINT('Ctrl Pts',(-0.0869784160519568,20.2331421884094,
19.3617155435562));
#3202=CARTESIAN_POINT('Ctrl Pts',(-0.0348752008237346,20.2532418655337,
19.2522923452812));
#3203=CARTESIAN_POINT('Ctrl Pts',(-1.04083408558608E-16,20.2666666666667,
19.2));
#3204=CARTESIAN_POINT('Ctrl Pts',(-0.360790892815425,20.4858633398953,19.711200284695));
#3205=CARTESIAN_POINT('Ctrl Pts',(-0.330053326538703,20.4918911387091,19.6468692165982));
#3206=CARTESIAN_POINT('Ctrl Pts',(-0.267842882114068,20.5110970283942,19.5150235870226));
#3207=CARTESIAN_POINT('Ctrl Pts',(-0.148270438680729,20.5148487324355,19.3376745429204));
#3208=CARTESIAN_POINT('Ctrl Pts',(-0.0511499151634603,20.521481420451,19.2507272838413));
#3209=CARTESIAN_POINT('Ctrl Pts',(3.46944695195361E-16,20.5333333333333,
19.2));
#3210=CARTESIAN_POINT('Ctrl Pts',(-0.398703703703704,20.7066395503334,19.6296296296296));
#3211=CARTESIAN_POINT('Ctrl Pts',(-0.356939735710018,20.7051475590766,19.5795314965282));
#3212=CARTESIAN_POINT('Ctrl Pts',(-0.271851163241466,20.700291491161,19.4811365557678));
#3213=CARTESIAN_POINT('Ctrl Pts',(-0.139093435850605,20.6965072155529,19.3388833345447));
#3214=CARTESIAN_POINT('Ctrl Pts',(-0.0469135802469136,20.7056436287593,
19.2469135802469));
#3215=CARTESIAN_POINT('Ctrl Pts',(0.,20.7111111111111,19.2));
#3216=CARTESIAN_POINT('Ctrl Pts',(-0.4,20.8,19.6));
#3217=CARTESIAN_POINT('Ctrl Pts',(-0.355555555555556,20.8,19.5555555555556));
#3218=CARTESIAN_POINT('Ctrl Pts',(-0.266666666666667,20.8,19.4666666666667));
#3219=CARTESIAN_POINT('Ctrl Pts',(-0.133333333333333,20.8,19.3333333333333));
#3220=CARTESIAN_POINT('Ctrl Pts',(-0.0444444444444445,20.8,19.2444444444444));
#3221=CARTESIAN_POINT('Ctrl Pts',(0.,20.8,19.2));
#3222=CARTESIAN_POINT('',(-0.4,20.8,19.6));
#3223=CARTESIAN_POINT('Ctrl Pts',(-5.20417042793042E-17,20.,20.));
#3224=CARTESIAN_POINT('Ctrl Pts',(-0.0578870723723006,20.0578870723723,
19.9585327688048));
#3225=CARTESIAN_POINT('Ctrl Pts',(-0.160054017648038,20.1762689096073,19.8785901627023));
#3226=CARTESIAN_POINT('Ctrl Pts',(-0.360790892815425,20.4858633398953,19.711200284695));
#3227=CARTESIAN_POINT('Ctrl Pts',(-0.398703703703704,20.7066395503334,19.6296296296296));
#3228=CARTESIAN_POINT('Ctrl Pts',(-0.4,20.8,19.6));
#3229=CARTESIAN_POINT('',(0.,20.8,19.2));
#3230=CARTESIAN_POINT('',(0.,20.8,19.2));
#3231=CARTESIAN_POINT('',(0.,20.,19.2));
#3232=CARTESIAN_POINT('Ctrl Pts',(-5.20417042793042E-17,20.,20.));
#3233=CARTESIAN_POINT('Ctrl Pts',(-0.0578870723723006,20.0578870723723,
19.9585327688048));
#3234=CARTESIAN_POINT('Ctrl Pts',(-0.160054017648038,20.1762689096073,19.8785901627023));
#3235=CARTESIAN_POINT('Ctrl Pts',(-0.360790892815425,20.4858633398953,19.711200284695));
#3236=CARTESIAN_POINT('Ctrl Pts',(-0.398703703703704,20.7066395503334,19.6296296296296));
#3237=CARTESIAN_POINT('Ctrl Pts',(-0.4,20.8,19.6));
#3238=CARTESIAN_POINT('Ctrl Pts',(-0.0578870723723006,20.0578870723723,
20.0414672311952));
#3239=CARTESIAN_POINT('Ctrl Pts',(-0.111486213457764,20.1114862134578,20.));
#3240=CARTESIAN_POINT('Ctrl Pts',(-0.211264365841611,20.22584677969,19.919755816035));
#3241=CARTESIAN_POINT('Ctrl Pts',(-0.408138345313707,20.5251582001771,19.7563985629805));
#3242=CARTESIAN_POINT('Ctrl Pts',(-0.440611704619201,20.7185049248865,19.6764355816611));
#3243=CARTESIAN_POINT('Ctrl Pts',(-0.444444444444445,20.8,19.6444444444444));
#3244=CARTESIAN_POINT('Ctrl Pts',(-0.17626890960729,20.160054017648,20.1214098372977));
#3245=CARTESIAN_POINT('Ctrl Pts',(-0.225846779690044,20.2112643658416,20.080244183965));
#3246=CARTESIAN_POINT('Ctrl Pts',(-0.328922623194157,20.3289226231942,20.));
#3247=CARTESIAN_POINT('Ctrl Pts',(-0.511484780400274,20.6039391161982,19.8466919565336));
#3248=CARTESIAN_POINT('Ctrl Pts',(-0.526242935489162,20.7362570861158,19.7711557895134));
#3249=CARTESIAN_POINT('Ctrl Pts',(-0.533333333333334,20.8,19.7333333333333));
#3250=CARTESIAN_POINT('Ctrl Pts',(-0.485863339895264,20.3607908928154,20.288799715305));
#3251=CARTESIAN_POINT('Ctrl Pts',(-0.525158200177121,20.4081383453137,20.2436014370195));
#3252=CARTESIAN_POINT('Ctrl Pts',(-0.60393911619821,20.5114847804003,20.1533080434664));
#3253=CARTESIAN_POINT('Ctrl Pts',(-0.660446031869022,20.660446031869,20.));
#3254=CARTESIAN_POINT('Ctrl Pts',(-0.660160016300325,20.7487357237754,19.9118439492966));
#3255=CARTESIAN_POINT('Ctrl Pts',(-0.666666666666668,20.8,19.8666666666667));
#3256=CARTESIAN_POINT('Ctrl Pts',(-0.70663955033343,20.3987037037037,20.3703703703704));
#3257=CARTESIAN_POINT('Ctrl Pts',(-0.718504924886548,20.4406117046192,20.3235644183389));
#3258=CARTESIAN_POINT('Ctrl Pts',(-0.736257086115787,20.5262429354892,20.2288442104866));
#3259=CARTESIAN_POINT('Ctrl Pts',(-0.748735723775353,20.6601600163003,20.0881560507034));
#3260=CARTESIAN_POINT('Ctrl Pts',(-0.752870370370371,20.7528703703704,20.));
#3261=CARTESIAN_POINT('Ctrl Pts',(-0.755555555555556,20.8,19.9555555555556));
#3262=CARTESIAN_POINT('Ctrl Pts',(-0.800000000000001,20.4,20.4));
#3263=CARTESIAN_POINT('Ctrl Pts',(-0.800000000000001,20.4444444444444,20.3555555555556));
#3264=CARTESIAN_POINT('Ctrl Pts',(-0.8,20.5333333333333,20.2666666666667));
#3265=CARTESIAN_POINT('Ctrl Pts',(-0.800000000000001,20.6666666666667,20.1333333333333));
#3266=CARTESIAN_POINT('Ctrl Pts',(-0.800000000000001,20.7555555555556,20.0444444444444));
#3267=CARTESIAN_POINT('Ctrl Pts',(-0.800000000000001,20.8,20.));
#3268=CARTESIAN_POINT('',(-0.800000000000001,20.4,20.4));
#3269=CARTESIAN_POINT('Ctrl Pts',(-5.20417042793042E-17,20.,20.));
#3270=CARTESIAN_POINT('Ctrl Pts',(-0.0578870723723006,20.0578870723723,
20.0414672311952));
#3271=CARTESIAN_POINT('Ctrl Pts',(-0.17626890960729,20.160054017648,20.1214098372977));
#3272=CARTESIAN_POINT('Ctrl Pts',(-0.485863339895264,20.3607908928154,20.288799715305));
#3273=CARTESIAN_POINT('Ctrl Pts',(-0.70663955033343,20.3987037037037,20.3703703703704));
#3274=CARTESIAN_POINT('Ctrl Pts',(-0.800000000000001,20.4,20.4));
#3275=CARTESIAN_POINT('',(-0.8,20.8,20.));
#3276=CARTESIAN_POINT('',(-0.800000000000001,20.8,20.));
#3277=CARTESIAN_POINT('',(0.,20.8,19.2));
#3278=CARTESIAN_POINT('Ctrl Pts',(-5.20417042793042E-17,20.,20.));
#3279=CARTESIAN_POINT('Ctrl Pts',(-0.0578870723723006,20.0578870723723,
20.0414672311952));
#3280=CARTESIAN_POINT('Ctrl Pts',(-0.17626890960729,20.160054017648,20.1214098372977));
#3281=CARTESIAN_POINT('Ctrl Pts',(-0.485863339895264,20.3607908928154,20.288799715305));
#3282=CARTESIAN_POINT('Ctrl Pts',(-0.70663955033343,20.3987037037037,20.3703703703704));
#3283=CARTESIAN_POINT('Ctrl Pts',(-0.800000000000001,20.4,20.4));
#3284=CARTESIAN_POINT('Ctrl Pts',(-7.22801448323669E-17,20.,20.0829344623904));
#3285=CARTESIAN_POINT('Ctrl Pts',(-0.0588798873833995,20.0526063260744,
20.1197942234528));
#3286=CARTESIAN_POINT('Ctrl Pts',(-0.179744500907072,20.1479732033369,20.1942971767665));
#3287=CARTESIAN_POINT('Ctrl Pts',(-0.491891138709083,20.3300533265387,20.3531307834018));
#3288=CARTESIAN_POINT('Ctrl Pts',(-0.705147559076598,20.35693973571,20.4204685034718));
#3289=CARTESIAN_POINT('Ctrl Pts',(-0.800000000000001,20.3555555555556,20.4444444444444));
#3290=CARTESIAN_POINT('Ctrl Pts',(-1.94995768503319E-16,20.,20.2428196745954));
#3291=CARTESIAN_POINT('Ctrl Pts',(-0.0618171981727023,20.0443356602141,
20.2745413607315));
#3292=CARTESIAN_POINT('Ctrl Pts',(-0.192119160166906,20.1275223955339,20.3456459651716));
#3293=CARTESIAN_POINT('Ctrl Pts',(-0.511097028394215,20.2678428821141,20.4849764129774));
#3294=CARTESIAN_POINT('Ctrl Pts',(-0.700291491161025,20.2718511632415,20.5188634442321));
#3295=CARTESIAN_POINT('Ctrl Pts',(-0.800000000000002,20.2666666666667,20.5333333333333));
#3296=CARTESIAN_POINT('Ctrl Pts',(-4.06053791413831E-16,20.,20.57759943061));
#3297=CARTESIAN_POINT('Ctrl Pts',(-0.0741531539194545,20.0305666844292,
20.5967322204213));
#3298=CARTESIAN_POINT('Ctrl Pts',(-0.233142188409418,20.0869784160519,20.6382844564438));
#3299=CARTESIAN_POINT('Ctrl Pts',(-0.514848732435556,20.1482704386807,20.6623254570795));
#3300=CARTESIAN_POINT('Ctrl Pts',(-0.696507215552855,20.1390934358506,20.6611166654553));
#3301=CARTESIAN_POINT('Ctrl Pts',(-0.800000000000002,20.1333333333333,20.6666666666667));
#3302=CARTESIAN_POINT('Ctrl Pts',(-9.00128736979077E-16,20.,20.7407407407407));
#3303=CARTESIAN_POINT('Ctrl Pts',(-0.0831604427326394,20.0129534678489,
20.7440329218107));
#3304=CARTESIAN_POINT('Ctrl Pts',(-0.2532418655337,20.0348752008237,20.7477076547188));
#3305=CARTESIAN_POINT('Ctrl Pts',(-0.521481420450999,20.0511499151635,20.7492727161587));
#3306=CARTESIAN_POINT('Ctrl Pts',(-0.705643628759277,20.0469135802469,20.7530864197531));
#3307=CARTESIAN_POINT('Ctrl Pts',(-0.800000000000002,20.0444444444444,20.7555555555556));
#3308=CARTESIAN_POINT('Ctrl Pts',(-1.2490009027033E-15,20.,20.8));
#3309=CARTESIAN_POINT('Ctrl Pts',(-0.0888888888888902,20.,20.8));
#3310=CARTESIAN_POINT('Ctrl Pts',(-0.266666666666668,20.,20.8));
#3311=CARTESIAN_POINT('Ctrl Pts',(-0.533333333333336,20.,20.8));
#3312=CARTESIAN_POINT('Ctrl Pts',(-0.711111111111113,20.,20.8));
#3313=CARTESIAN_POINT('Ctrl Pts',(-0.800000000000002,20.,20.8));
#3314=CARTESIAN_POINT('',(-6.93889390390723E-16,20.,20.8));
#3315=CARTESIAN_POINT('Ctrl Pts',(-5.20417042793042E-17,20.,20.));
#3316=CARTESIAN_POINT('Ctrl Pts',(-7.22801448323669E-17,20.,20.0829344623904));
#3317=CARTESIAN_POINT('Ctrl Pts',(-1.94995768503319E-16,20.,20.2428196745954));
#3318=CARTESIAN_POINT('Ctrl Pts',(-4.06053791413831E-16,20.,20.57759943061));
#3319=CARTESIAN_POINT('Ctrl Pts',(-9.00128736979077E-16,20.,20.7407407407407));
#3320=CARTESIAN_POINT('Ctrl Pts',(-1.2490009027033E-15,20.,20.8));
#3321=CARTESIAN_POINT('',(-0.800000000000001,20.,20.8));
#3322=CARTESIAN_POINT('',(0.,20.,20.8));
#3323=CARTESIAN_POINT('',(-0.800000000000001,20.8,20.));
#3324=CARTESIAN_POINT('Origin',(24.2,20.,12.3));
#3325=CARTESIAN_POINT('',(24.4343145750508,19.4343145750508,13.9));
#3326=CARTESIAN_POINT('',(24.6686291501015,20.8,13.1));
#3327=CARTESIAN_POINT('',(24.4343145750508,19.4343145750508,13.9));
#3328=CARTESIAN_POINT('',(24.2,20.,12.3));
#3329=CARTESIAN_POINT('',(24.2,20.,12.3));
#3330=CARTESIAN_POINT('',(24.6686291501015,20.8,13.1));
#3331=CARTESIAN_POINT('Origin',(24.6686291501015,20.8,6.9));
#3332=CARTESIAN_POINT('',(24.4343145750508,19.4343145750508,6.1));
#3333=CARTESIAN_POINT('',(24.2,20.,7.7));
#3334=CARTESIAN_POINT('',(24.4343145750508,19.4343145750508,6.1));
#3335=CARTESIAN_POINT('',(24.6686291501015,20.8,6.9));
#3336=CARTESIAN_POINT('',(24.6686291501015,20.8,6.9));
#3337=CARTESIAN_POINT('',(24.2,20.,7.7));
#3338=CARTESIAN_POINT('Origin',(8.46715728752537,4.03284271247462,6.5));
#3339=CARTESIAN_POINT('',(71.4644660940673,66.4644660940673,6.1));
#3340=CARTESIAN_POINT('',(70.5208017523846,66.6521726022831,6.9));
#3341=CARTESIAN_POINT('',(58.0467483209939,69.1334161011414,17.4749918740372));
#3342=CARTESIAN_POINT('',(8.18431457505075,4.31568542494925,6.9));
#3343=CARTESIAN_POINT('',(8.75,3.75,6.1));
#3344=CARTESIAN_POINT('Origin',(0.,20.4,7.3));
#3345=CARTESIAN_POINT('',(0.8,20.8,6.9));
#3346=CARTESIAN_POINT('',(1.6,20.,7.7));
#3347=CARTESIAN_POINT('',(-3.36666666666667,24.9666666666667,2.73333333333333));
#3348=CARTESIAN_POINT('',(0.,20.,7.7));
#3349=CARTESIAN_POINT('',(0.,20.8,6.9));
#3350=CARTESIAN_POINT('Origin',(24.3171572875254,19.7171572875254,6.55));
#3351=CARTESIAN_POINT('',(24.4343145750508,19.4343145750508,6.55));
#3352=CARTESIAN_POINT('',(24.2,20.,6.55));
#3353=CARTESIAN_POINT('Origin',(0.,20.4,12.7));
#3354=CARTESIAN_POINT('',(1.6,20.,12.3));
#3355=CARTESIAN_POINT('',(0.8,20.8,13.1));
#3356=CARTESIAN_POINT('',(-7.53333333333333,29.1333333333333,21.4333333333333));
#3357=CARTESIAN_POINT('',(0.,20.8,13.1));
#3358=CARTESIAN_POINT('',(0.,20.,12.3));
#3359=CARTESIAN_POINT('Origin',(20.9671572875254,16.5328427124746,13.5));
#3360=CARTESIAN_POINT('',(70.5208017523846,66.6521726022831,13.1));
#3361=CARTESIAN_POINT('',(71.4644660940673,66.4644660940673,13.9));
#3362=CARTESIAN_POINT('',(57.1737844903482,69.3070594033319,1.7849451250959));
#3363=CARTESIAN_POINT('',(21.25,16.25,13.9));
#3364=CARTESIAN_POINT('',(20.6843145750508,16.8156854249492,13.1));
#3365=CARTESIAN_POINT('Origin',(74.0758846696255,59.1146935800203,6.5));
#3366=CARTESIAN_POINT('',(70.,70.,6.1));
#3367=CARTESIAN_POINT('',(74.4454364826301,59.2677669529663,6.1));
#3368=CARTESIAN_POINT('',(69.4654570896646,69.2,6.9));
#3369=CARTESIAN_POINT('',(69.4654570896646,69.2,6.9));
#3370=CARTESIAN_POINT('',(73.706332856621,58.9616202070743,6.9));
#3371=CARTESIAN_POINT('Origin',(5.,3.06161699786838E-16,0.));
#3372=CARTESIAN_POINT('',(71.4644660940673,66.4644660940673,19.2));
#3373=CARTESIAN_POINT('',(71.4644660940673,66.4644660940673,0.));
#3374=CARTESIAN_POINT('',(29.4343147985682,24.4343147985682,19.2));
#3375=CARTESIAN_POINT('',(21.4330582617584,16.4330582617584,19.2));
#3376=CARTESIAN_POINT('',(29.4343147985682,24.4343147985682,44.2));
#3377=CARTESIAN_POINT('',(29.4343147985682,24.4343147985682,10.));
#3378=CARTESIAN_POINT('',(25.,20.,44.2));
#3379=CARTESIAN_POINT('',(10.3750000558794,5.37500005587936,44.2));
#3380=CARTESIAN_POINT('',(25.,20.,19.2));
#3381=CARTESIAN_POINT('',(25.,20.,20.));
#3382=CARTESIAN_POINT('',(5.,3.06161699786838E-16,19.2));
#3383=CARTESIAN_POINT('',(21.4330582617584,16.4330582617584,19.2));
#3384=CARTESIAN_POINT('',(5.,3.06161699786838E-16,0.8));
#3385=CARTESIAN_POINT('',(5.,3.06161699786838E-16,0.));
#3386=CARTESIAN_POINT('',(71.4644660940673,66.4644660940673,0.8));
#3387=CARTESIAN_POINT('',(21.4330582617584,16.4330582617584,0.8));
#3388=CARTESIAN_POINT('',(71.4644660940673,66.4644660940673,0.));
#3389=CARTESIAN_POINT('',(19.5,14.5,10.));
#3390=CARTESIAN_POINT('Origin',(15.,10.,10.));
#3391=CARTESIAN_POINT('Origin',(65.2370499047937,80.4535283448522,13.5));
#3392=CARTESIAN_POINT('',(69.4654570896646,69.2,13.1));
#3393=CARTESIAN_POINT('',(64.8674980917892,80.3004549719061,13.1));
#3394=CARTESIAN_POINT('',(70.,70.,13.9));
#3395=CARTESIAN_POINT('',(67.6354301621265,66.4611711544136,10.3611711544135));
#3396=CARTESIAN_POINT('',(65.6066017177982,80.6066017177982,13.9));
#3397=CARTESIAN_POINT('Origin',(0.,70.,13.1));
#3398=CARTESIAN_POINT('',(0.8,69.2,13.1));
#3399=CARTESIAN_POINT('',(0.8,70.,13.1));
#3400=CARTESIAN_POINT('',(35.,69.2,13.1));
#3401=CARTESIAN_POINT('Origin',(-5.6,0.4,5.));
#3402=CARTESIAN_POINT('',(-5.6,0.400000000000001,12.6));
#3403=CARTESIAN_POINT('',(-6.,0.8,12.2));
#3404=CARTESIAN_POINT('',(-6.96666666666667,1.76666666666667,11.2333333333333));
#3405=CARTESIAN_POINT('',(-6.,0.8,7.8));
#3406=CARTESIAN_POINT('',(-6.,0.8,5.));
#3407=CARTESIAN_POINT('',(-5.6,0.4,7.4));
#3408=CARTESIAN_POINT('',(-5.63333333333333,0.433333333333334,7.43333333333333));
#3409=CARTESIAN_POINT('',(-5.2,-3.18408167778312E-16,7.8));
#3410=CARTESIAN_POINT('',(-5.06666666666667,-0.133333333333333,7.93333333333333));
#3411=CARTESIAN_POINT('',(-5.2,-3.18408167778312E-16,12.2));
#3412=CARTESIAN_POINT('',(-5.2,-2.77555756156289E-16,5.));
#3413=CARTESIAN_POINT('',(-3.4,-1.8,10.4));
#3414=CARTESIAN_POINT('Origin',(0.,0.,0.));
#3415=CARTESIAN_POINT('',(0.,-7.49879891330929E-33,7.8));
#3416=CARTESIAN_POINT('',(1.22464679914735E-16,0.,7.8));
#3417=CARTESIAN_POINT('',(0.,0.,0.8));
#3418=CARTESIAN_POINT('',(0.,0.,0.));
#3419=CARTESIAN_POINT('',(17.8661165235168,1.11022302462516E-15,0.8));
#3420=CARTESIAN_POINT('',(0.,0.,19.2));
#3421=CARTESIAN_POINT('',(17.8661165235168,1.11022302462516E-15,19.2));
#3422=CARTESIAN_POINT('',(0.,0.,12.2));
#3423=CARTESIAN_POINT('',(0.,0.,0.));
#3424=CARTESIAN_POINT('',(0.,0.,12.2));
#3425=CARTESIAN_POINT('Origin',(9.79717439317883E-17,0.4,7.4));
#3426=CARTESIAN_POINT('',(-5.2,0.8,7.));
#3427=CARTESIAN_POINT('',(-4.23333333333333,1.76666666666667,6.03333333333333));
#3428=CARTESIAN_POINT('',(-0.8,0.8,7.));
#3429=CARTESIAN_POINT('',(7.34788079488412E-17,0.8,7.));
#3430=CARTESIAN_POINT('',(0.,1.6,6.2));
#3431=CARTESIAN_POINT('',(5.36666666666666,6.96666666666667,0.833333333333329));
#3432=CARTESIAN_POINT('',(-2.46519032881566E-31,19.65,-11.85));
#3433=CARTESIAN_POINT('Origin',(-5.6,3.,7.4));
#3434=CARTESIAN_POINT('',(-6.,3.2,7.8));
#3435=CARTESIAN_POINT('',(-6.,3.,7.8));
#3436=CARTESIAN_POINT('',(-5.2,3.2,7.));
#3437=CARTESIAN_POINT('',(-6.,3.2,7.8));
#3438=CARTESIAN_POINT('',(-5.2,3.,7.));
#3439=CARTESIAN_POINT('Origin',(-5.2,3.2,7.));
#3440=CARTESIAN_POINT('',(-5.2,4.,7.8));
#3441=CARTESIAN_POINT('',(-5.2,4.,7.8));
#3442=CARTESIAN_POINT('',(-5.2,3.2,7.));
#3443=CARTESIAN_POINT('Origin',(-0.8,3.2,7.));
#3444=CARTESIAN_POINT('',(0.,4.8,6.2));
#3445=CARTESIAN_POINT('',(-0.8,4.,7.8));
#3446=CARTESIAN_POINT('',(0.,4.8,6.2));
#3447=CARTESIAN_POINT('',(-0.8,3.2,7.));
#3448=CARTESIAN_POINT('',(-0.8,3.2,7.));
#3449=CARTESIAN_POINT('',(-0.8,4.,7.8));
#3450=CARTESIAN_POINT('Origin',(-0.4,37.,6.6));
#3451=CARTESIAN_POINT('',(-0.8,37.,7.));
#3452=CARTESIAN_POINT('',(0.,37.,6.2));
#3453=CARTESIAN_POINT('Origin',(0.,3.6,7.4));
#3454=CARTESIAN_POINT('',(0.,4.,7.8));
#3455=CARTESIAN_POINT('',(0.,3.2,7.));
#3456=CARTESIAN_POINT('Origin',(-5.2,4.,12.2));
#3457=CARTESIAN_POINT('',(-5.2,3.2,13.));
#3458=CARTESIAN_POINT('',(-6.,3.2,12.2));
#3459=CARTESIAN_POINT('',(-5.2,3.2,13.));
#3460=CARTESIAN_POINT('',(-5.2,4.,12.2));
#3461=CARTESIAN_POINT('',(-5.2,4.,12.2));
#3462=CARTESIAN_POINT('',(-6.,3.2,12.2));
#3463=CARTESIAN_POINT('Origin',(-0.8,4.,12.2));
#3464=CARTESIAN_POINT('',(0.,4.8,13.8));
#3465=CARTESIAN_POINT('',(-0.8,3.2,13.));
#3466=CARTESIAN_POINT('',(0.,4.8,13.8));
#3467=CARTESIAN_POINT('',(-0.8,4.,12.2));
#3468=CARTESIAN_POINT('',(-0.8,4.,12.2));
#3469=CARTESIAN_POINT('',(-0.8,3.2,13.));
#3470=CARTESIAN_POINT('Origin',(-0.4,4.4,6.5));
#3471=CARTESIAN_POINT('',(0.,4.8,6.5));
#3472=CARTESIAN_POINT('',(-0.8,4.,6.5));
#3473=CARTESIAN_POINT('Origin',(0.,3.6,12.6));
#3474=CARTESIAN_POINT('',(0.,3.2,13.));
#3475=CARTESIAN_POINT('',(0.,4.,12.2));
#3476=CARTESIAN_POINT('Origin',(-0.4,35.,13.4));
#3477=CARTESIAN_POINT('',(-0.8,0.8,13.));
#3478=CARTESIAN_POINT('',(0.,1.6,13.8));
#3479=CARTESIAN_POINT('',(5.03333333333333,6.63333333333333,18.8333333333333));
#3480=CARTESIAN_POINT('',(0.,35.,13.8));
#3481=CARTESIAN_POINT('',(-0.8,35.,13.));
#3482=CARTESIAN_POINT('Origin',(-5.6,3.6,11.5));
#3483=CARTESIAN_POINT('',(-6.,3.2,11.5));
#3484=CARTESIAN_POINT('',(-5.2,4.,11.5));
#3485=CARTESIAN_POINT('Origin',(-5.6,1.,12.6));
#3486=CARTESIAN_POINT('',(-5.2,0.8,13.));
#3487=CARTESIAN_POINT('',(-4.56666666666667,1.43333333333333,13.6333333333333));
#3488=CARTESIAN_POINT('',(-5.2,1.,13.));
#3489=CARTESIAN_POINT('',(-6.,1.,12.2));
#3490=CARTESIAN_POINT('Origin',(0.,0.,13.));
#3491=CARTESIAN_POINT('',(-4.89858719658942E-17,0.8,13.));
#3492=CARTESIAN_POINT('Origin',(-2.44929359829471E-17,0.4,12.6));
#3493=CARTESIAN_POINT('',(0.,14.65,26.85));
#3494=CARTESIAN_POINT('Origin',(-6.,2.,10.));
#3495=CARTESIAN_POINT('Origin',(0.,4.,13.));
#3496=CARTESIAN_POINT('Origin',(-27.,29.2,44.2));
#3497=CARTESIAN_POINT('',(-26.2,30.,44.2));
#3498=CARTESIAN_POINT('',(-26.2,29.2,45.));
#3499=CARTESIAN_POINT('',(-26.2,30.,44.2));
#3500=CARTESIAN_POINT('',(-27.,29.2,44.2));
#3501=CARTESIAN_POINT('',(-27.,29.2,44.2));
#3502=CARTESIAN_POINT('',(-26.2,29.2,45.));
#3503=CARTESIAN_POINT('Origin',(-7.74999988824129,29.6,44.6));
#3504=CARTESIAN_POINT('',(-17.,30.,44.2));
#3505=CARTESIAN_POINT('',(-7.74999988824129,30.,44.2));
#3506=CARTESIAN_POINT('',(-17.8,29.2,45.));
#3507=CARTESIAN_POINT('',(-7.74999988824129,29.2,45.));
#3508=CARTESIAN_POINT('',(-17.8,29.2,45.));
#3509=CARTESIAN_POINT('Origin',(-26.2,20.,44.2));
#3510=CARTESIAN_POINT('',(-27.,20.8,44.2));
#3511=CARTESIAN_POINT('',(-26.2,20.8,45.));
#3512=CARTESIAN_POINT('',(-27.,20.8,44.2));
#3513=CARTESIAN_POINT('',(-26.2,20.,44.2));
#3514=CARTESIAN_POINT('',(-26.2,20.,44.2));
#3515=CARTESIAN_POINT('',(-26.2,20.8,45.));
#3516=CARTESIAN_POINT('Origin',(-26.2,29.2,20.));
#3517=CARTESIAN_POINT('',(-26.2,30.,20.8));
#3518=CARTESIAN_POINT('',(-27.,29.2,20.8));
#3519=CARTESIAN_POINT('',(-26.2,30.,20.8));
#3520=CARTESIAN_POINT('',(-26.2,29.2,20.));
#3521=CARTESIAN_POINT('',(-26.2,29.2,20.));
#3522=CARTESIAN_POINT('',(-27.,29.2,20.8));
#3523=CARTESIAN_POINT('Origin',(-17.,25.8,44.2));
#3524=CARTESIAN_POINT('',(-16.2,25.,44.2));
#3525=CARTESIAN_POINT('',(-17.8,24.2,45.));
#3526=CARTESIAN_POINT('',(-16.2,25.,44.2));
#3527=CARTESIAN_POINT('',(-17.,25.8,44.2));
#3528=CARTESIAN_POINT('',(-17.,25.8,44.2));
#3529=CARTESIAN_POINT('',(-17.8,24.2,45.));
#3530=CARTESIAN_POINT('Origin',(-26.2,20.,20.8));
#3531=CARTESIAN_POINT('',(-26.2,20.8,20.));
#3532=CARTESIAN_POINT('',(-27.,20.8,20.8));
#3533=CARTESIAN_POINT('',(-26.2,20.8,20.));
#3534=CARTESIAN_POINT('',(-26.2,20.,20.8));
#3535=CARTESIAN_POINT('',(-26.2,20.,20.8));
#3536=CARTESIAN_POINT('',(-27.,20.8,20.8));
#3537=CARTESIAN_POINT('Origin',(29.2000004470348,25.,44.2));
#3538=CARTESIAN_POINT('',(28.0686291501015,24.2,45.));
#3539=CARTESIAN_POINT('',(29.4343147985682,24.4343147985682,44.2));
#3540=CARTESIAN_POINT('',(29.2000004470348,25.,44.2));
#3541=CARTESIAN_POINT('',(29.2000004470348,25.,44.2));
#3542=CARTESIAN_POINT('',(28.0686291501015,24.2,45.));
#3543=CARTESIAN_POINT('Origin',(-17.8,24.2,20.));
#3544=CARTESIAN_POINT('',(-16.2,25.,20.8));
#3545=CARTESIAN_POINT('',(-17.,25.8,20.8));
#3546=CARTESIAN_POINT('',(-16.2,25.,20.8));
#3547=CARTESIAN_POINT('',(-17.8,24.2,20.));
#3548=CARTESIAN_POINT('',(-17.8,24.2,20.));
#3549=CARTESIAN_POINT('',(-17.,25.8,20.8));
#3550=CARTESIAN_POINT('Ctrl Pts',(-5.20417042793042E-17,20.,20.));
#3551=CARTESIAN_POINT('Ctrl Pts',(-5.59085193389433E-17,20.,20.0829344623904));
#3552=CARTESIAN_POINT('Ctrl Pts',(1.20263213334151E-16,20.,20.2428196745954));
#3553=CARTESIAN_POINT('Ctrl Pts',(-3.89100171940419E-16,20.,20.57759943061));
#3554=CARTESIAN_POINT('Ctrl Pts',(-5.77401089903003E-16,20.,20.7407407407407));
#3555=CARTESIAN_POINT('Ctrl Pts',(-8.32667268468867E-16,20.,20.8));
#3556=CARTESIAN_POINT('Ctrl Pts',(0.0578870723723005,19.9421129276277,20.0414672311952));
#3557=CARTESIAN_POINT('Ctrl Pts',(0.0588798873833994,19.9473936739256,20.1197942234528));
#3558=CARTESIAN_POINT('Ctrl Pts',(0.0618171981727022,19.9556643397859,20.2745413607315));
#3559=CARTESIAN_POINT('Ctrl Pts',(0.0741531539194537,19.9694333155708,20.5967322204213));
#3560=CARTESIAN_POINT('Ctrl Pts',(0.0831604427326379,19.9870465321511,20.7440329218107));
#3561=CARTESIAN_POINT('Ctrl Pts',(0.0888888888888882,20.,20.8));
#3562=CARTESIAN_POINT('Ctrl Pts',(0.17626890960729,19.839945982352,20.1214098372977));
#3563=CARTESIAN_POINT('Ctrl Pts',(0.179744500907072,19.8520267966631,20.1942971767665));
#3564=CARTESIAN_POINT('Ctrl Pts',(0.192119160166905,19.8724776044661,20.3456459651716));
#3565=CARTESIAN_POINT('Ctrl Pts',(0.233142188409417,19.913021583948,20.6382844564438));
#3566=CARTESIAN_POINT('Ctrl Pts',(0.253241865533699,19.9651247991763,20.7477076547188));
#3567=CARTESIAN_POINT('Ctrl Pts',(0.266666666666666,20.,20.8));
#3568=CARTESIAN_POINT('Ctrl Pts',(0.485863339895263,19.6392091071846,20.288799715305));
#3569=CARTESIAN_POINT('Ctrl Pts',(0.491891138709082,19.6699466734613,20.3531307834018));
#3570=CARTESIAN_POINT('Ctrl Pts',(0.511097028394215,19.7321571178859,20.4849764129774));
#3571=CARTESIAN_POINT('Ctrl Pts',(0.514848732435555,19.8517295613193,20.6623254570795));
#3572=CARTESIAN_POINT('Ctrl Pts',(0.521481420450997,19.9488500848365,20.7492727161587));
#3573=CARTESIAN_POINT('Ctrl Pts',(0.533333333333333,20.,20.8));
#3574=CARTESIAN_POINT('Ctrl Pts',(0.70663955033343,19.6012962962963,20.3703703703704));
#3575=CARTESIAN_POINT('Ctrl Pts',(0.705147559076598,19.64306026429,20.4204685034718));
#3576=CARTESIAN_POINT('Ctrl Pts',(0.700291491161024,19.7281488367585,20.5188634442321));
#3577=CARTESIAN_POINT('Ctrl Pts',(0.696507215552855,19.8609065641494,20.6611166654553));
#3578=CARTESIAN_POINT('Ctrl Pts',(0.705643628759276,19.9530864197531,20.7530864197531));
#3579=CARTESIAN_POINT('Ctrl Pts',(0.711111111111111,20.,20.8));
#3580=CARTESIAN_POINT('Ctrl Pts',(0.800000000000001,19.6,20.4));
#3581=CARTESIAN_POINT('Ctrl Pts',(0.800000000000001,19.6444444444444,20.4444444444444));
#3582=CARTESIAN_POINT('Ctrl Pts',(0.8,19.7333333333333,20.5333333333333));
#3583=CARTESIAN_POINT('Ctrl Pts',(0.800000000000001,19.8666666666667,20.6666666666667));
#3584=CARTESIAN_POINT('Ctrl Pts',(0.8,19.9555555555556,20.7555555555556));
#3585=CARTESIAN_POINT('Ctrl Pts',(0.8,20.,20.8));
#3586=CARTESIAN_POINT('',(0.800000000000001,20.,20.8));
#3587=CARTESIAN_POINT('',(0.800000000000001,20.,20.8));
#3588=CARTESIAN_POINT('',(0.,20.,20.8));
#3589=CARTESIAN_POINT('Origin',(0.4,52.5,19.6));
#3590=CARTESIAN_POINT('',(0.800000000000001,0.8,20.));
#3591=CARTESIAN_POINT('',(11.9943527539195,11.9943527539195,31.1943527539195));
#3592=CARTESIAN_POINT('',(0.800000000000001,52.5,20.));
#3593=CARTESIAN_POINT('',(0.,52.5,19.2));
#3594=CARTESIAN_POINT('Origin',(4.36611652351681,19.6,20.4));
#3595=CARTESIAN_POINT('',(23.0686291501015,19.2,20.));
#3596=CARTESIAN_POINT('',(22.7372583002031,20.,20.8));
#3597=CARTESIAN_POINT('',(22.4527784107801,20.6867952072673,21.4867952072673));
#3598=CARTESIAN_POINT('',(4.36611652351681,20.,20.8));
#3599=CARTESIAN_POINT('',(4.36611652351681,19.2,20.));
#3600=CARTESIAN_POINT('Origin',(-12.7499998882413,20.4,20.4));
#3601=CARTESIAN_POINT('',(-12.7499998882413,20.8,20.));
#3602=CARTESIAN_POINT('',(-12.7499998882413,20.,20.8));
#3603=CARTESIAN_POINT('Origin',(29.6686291501015,25.8,20.));
#3604=CARTESIAN_POINT('',(29.2000004470348,25.,20.8));
#3605=CARTESIAN_POINT('',(29.4343147985682,24.4343147985682,19.2));
#3606=CARTESIAN_POINT('',(29.6686291501015,25.8,20.));
#3607=CARTESIAN_POINT('',(29.6686291501015,25.8,20.));
#3608=CARTESIAN_POINT('',(29.2000004470348,25.,20.8));
#3609=CARTESIAN_POINT('Origin',(21.1502155492838,16.715900974233,19.6));
#3610=CARTESIAN_POINT('',(70.5208017523846,66.6521726022831,20.));
#3611=CARTESIAN_POINT('',(60.9212098622259,68.5616501510332,28.1381410453993));
#3612=CARTESIAN_POINT('',(20.8673728368092,16.9987436867077,20.));
#3613=CARTESIAN_POINT('Ctrl Pts',(1.38777878078145E-16,25.,20.));
#3614=CARTESIAN_POINT('Ctrl Pts',(1.4649963419551E-16,25.,20.0829344623904));
#3615=CARTESIAN_POINT('Ctrl Pts',(2.04421352728563E-17,25.,20.2428196745954));
#3616=CARTESIAN_POINT('Ctrl Pts',(3.85245230882693E-16,25.,20.57759943061));
#3617=CARTESIAN_POINT('Ctrl Pts',(5.79328560431866E-16,25.,20.7407407407407));
#3618=CARTESIAN_POINT('Ctrl Pts',(8.32667268468867E-16,25.,20.8));
#3619=CARTESIAN_POINT('Ctrl Pts',(-0.0578870723723004,24.9421129276277,
20.0414672311952));
#3620=CARTESIAN_POINT('Ctrl Pts',(-0.0588798873833993,24.9473936739256,
20.1197942234528));
#3621=CARTESIAN_POINT('Ctrl Pts',(-0.0618171981727021,24.9556643397859,
20.2745413607315));
#3622=CARTESIAN_POINT('Ctrl Pts',(-0.0741531539194536,24.9694333155708,
20.5967322204213));
#3623=CARTESIAN_POINT('Ctrl Pts',(-0.0831604427326379,24.9870465321511,
20.7440329218107));
#3624=CARTESIAN_POINT('Ctrl Pts',(-0.0888888888888882,25.,20.8));
#3625=CARTESIAN_POINT('Ctrl Pts',(-0.17626890960729,24.839945982352,20.1214098372977));
#3626=CARTESIAN_POINT('Ctrl Pts',(-0.179744500907072,24.8520267966631,20.1942971767665));
#3627=CARTESIAN_POINT('Ctrl Pts',(-0.192119160166905,24.8724776044661,20.3456459651716));
#3628=CARTESIAN_POINT('Ctrl Pts',(-0.233142188409417,24.913021583948,20.6382844564438));
#3629=CARTESIAN_POINT('Ctrl Pts',(-0.253241865533699,24.9651247991763,20.7477076547188));
#3630=CARTESIAN_POINT('Ctrl Pts',(-0.266666666666666,25.,20.8));
#3631=CARTESIAN_POINT('Ctrl Pts',(-0.485863339895263,24.6392091071846,20.288799715305));
#3632=CARTESIAN_POINT('Ctrl Pts',(-0.491891138709082,24.6699466734613,20.3531307834018));
#3633=CARTESIAN_POINT('Ctrl Pts',(-0.511097028394215,24.7321571178859,20.4849764129774));
#3634=CARTESIAN_POINT('Ctrl Pts',(-0.514848732435555,24.8517295613193,20.6623254570795));
#3635=CARTESIAN_POINT('Ctrl Pts',(-0.521481420450997,24.9488500848365,20.7492727161587));
#3636=CARTESIAN_POINT('Ctrl Pts',(-0.533333333333333,25.,20.8));
#3637=CARTESIAN_POINT('Ctrl Pts',(-0.70663955033343,24.6012962962963,20.3703703703704));
#3638=CARTESIAN_POINT('Ctrl Pts',(-0.705147559076598,24.64306026429,20.4204685034718));
#3639=CARTESIAN_POINT('Ctrl Pts',(-0.700291491161024,24.7281488367585,20.5188634442321));
#3640=CARTESIAN_POINT('Ctrl Pts',(-0.696507215552855,24.8609065641494,20.6611166654553));
#3641=CARTESIAN_POINT('Ctrl Pts',(-0.705643628759276,24.9530864197531,20.7530864197531));
#3642=CARTESIAN_POINT('Ctrl Pts',(-0.711111111111111,25.,20.8));
#3643=CARTESIAN_POINT('Ctrl Pts',(-0.8,24.6,20.4));
#3644=CARTESIAN_POINT('Ctrl Pts',(-0.800000000000001,24.6444444444444,20.4444444444444));
#3645=CARTESIAN_POINT('Ctrl Pts',(-0.8,24.7333333333333,20.5333333333333));
#3646=CARTESIAN_POINT('Ctrl Pts',(-0.800000000000001,24.8666666666667,20.6666666666667));
#3647=CARTESIAN_POINT('Ctrl Pts',(-0.8,24.9555555555556,20.7555555555556));
#3648=CARTESIAN_POINT('Ctrl Pts',(-0.8,25.,20.8));
#3649=CARTESIAN_POINT('',(-0.800000000000001,25.,20.8));
#3650=CARTESIAN_POINT('',(-0.800000000000001,25.,20.8));
#3651=CARTESIAN_POINT('',(0.,25.,20.8));
#3652=CARTESIAN_POINT('Origin',(-0.4,47.5,19.6));
#3653=CARTESIAN_POINT('',(-0.8,47.5,20.));
#3654=CARTESIAN_POINT('',(0.,47.5,19.2));
#3655=CARTESIAN_POINT('Origin',(15.7500003352761,24.6,20.4));
#3656=CARTESIAN_POINT('',(15.7500003352761,24.2,20.));
#3657=CARTESIAN_POINT('',(15.7500003352761,25.,20.8));
#3658=CARTESIAN_POINT('Origin',(32.8661167470342,25.4,20.4));
#3659=CARTESIAN_POINT('',(32.8661167470342,25.8,20.));
#3660=CARTESIAN_POINT('',(32.8661167470342,25.,20.8));
#3661=CARTESIAN_POINT('Origin',(0.,69.2,19.2));
#3662=CARTESIAN_POINT('',(0.800000000000001,70.,19.2));
#3663=CARTESIAN_POINT('',(0.800000000000001,69.2,20.));
#3664=CARTESIAN_POINT('',(0.800000000000001,70.,19.2));
#3665=CARTESIAN_POINT('',(0.,69.2,19.2));
#3666=CARTESIAN_POINT('',(0.,69.2,19.2));
#3667=CARTESIAN_POINT('',(0.800000000000001,69.2,20.));
#3668=CARTESIAN_POINT('Origin',(0.800000000000001,70.,13.9));
#3669=CARTESIAN_POINT('',(0.,69.2,13.9));
#3670=CARTESIAN_POINT('',(0.,69.2,13.9));
#3671=CARTESIAN_POINT('',(0.800000000000001,70.,13.9));
#3672=CARTESIAN_POINT('',(0.800000000000001,70.,13.9));
#3673=CARTESIAN_POINT('',(0.800000000000001,69.2,13.1));
#3674=CARTESIAN_POINT('Origin',(0.4,69.6,0.));
#3675=CARTESIAN_POINT('',(0.800000000000001,70.,0.));
#3676=CARTESIAN_POINT('',(0.,69.2,0.));
#3677=CARTESIAN_POINT('Origin',(35.,69.6,13.5));
#3678=CARTESIAN_POINT('',(35.,70.,13.9));
#3679=CARTESIAN_POINT('Origin',(0.4,70.,13.5));
#3680=CARTESIAN_POINT('',(0.,20.,13.9));
#3681=CARTESIAN_POINT('',(0.4,20.,13.5));
#3682=CARTESIAN_POINT('',(0.,70.,13.9));
#3683=CARTESIAN_POINT('Origin',(0.4,52.5,19.6));
#3684=CARTESIAN_POINT('',(0.800000000000001,52.5,20.));
#3685=CARTESIAN_POINT('',(0.,52.5,19.2));
#3686=CARTESIAN_POINT('Origin',(52.8661165235168,69.6,19.6));
#3687=CARTESIAN_POINT('',(69.4654570896646,69.2,20.));
#3688=CARTESIAN_POINT('',(70.,70.,19.2));
#3689=CARTESIAN_POINT('',(67.1665284123989,65.7594100936472,23.4405899063528));
#3690=CARTESIAN_POINT('',(52.8661165235168,70.,19.2));
#3691=CARTESIAN_POINT('',(52.8661165235168,69.2,20.));
#3692=CARTESIAN_POINT('Origin',(29.3171576228015,24.7171573992841,10.));
#3693=CARTESIAN_POINT('',(29.2000004470348,25.,10.));
#3694=CARTESIAN_POINT('Origin',(-17.4,25.,20.4));
#3695=CARTESIAN_POINT('',(-17.,30.,20.8));
#3696=CARTESIAN_POINT('',(-17.,25.,20.8));
#3697=CARTESIAN_POINT('',(-17.8,29.2,20.));
#3698=CARTESIAN_POINT('',(-17.8,25.,20.));
#3699=CARTESIAN_POINT('',(-17.8,29.2,20.));
#3700=CARTESIAN_POINT('Origin',(-16.6,25.4,20.));
#3701=CARTESIAN_POINT('',(-16.2,25.,20.));
#3702=CARTESIAN_POINT('',(-17.,25.8,20.));
#3703=CARTESIAN_POINT('Origin',(15.7500003352761,24.6,44.6));
#3704=CARTESIAN_POINT('',(15.7500003352761,24.2,45.));
#3705=CARTESIAN_POINT('',(15.7500003352761,25.,44.2));
#3706=CARTESIAN_POINT('Origin',(10.0921573434047,5.65784276835397,44.6));
#3707=CARTESIAN_POINT('',(24.6686291501015,20.8,45.));
#3708=CARTESIAN_POINT('',(9.80931463093012,5.94068548082859,45.));
#3709=CARTESIAN_POINT('',(24.6686291501015,20.8,45.));
#3710=CARTESIAN_POINT('Origin',(-26.6,20.4,20.));
#3711=CARTESIAN_POINT('',(-27.,20.8,20.));
#3712=CARTESIAN_POINT('',(-26.2,20.,20.));
#3713=CARTESIAN_POINT('Origin',(-26.6,27.5,20.4));
#3714=CARTESIAN_POINT('',(-26.2,27.5,20.));
#3715=CARTESIAN_POINT('',(-27.,27.5,20.8));
#3716=CARTESIAN_POINT('Origin',(-7.74999988824129,29.6,20.4));
#3717=CARTESIAN_POINT('',(-7.74999988824129,29.2,20.));
#3718=CARTESIAN_POINT('',(-7.74999988824129,30.,20.8));
#3719=CARTESIAN_POINT('Origin',(-17.4,25.,44.6));
#3720=CARTESIAN_POINT('',(-17.8,25.,45.));
#3721=CARTESIAN_POINT('',(-17.,25.,44.2));
#3722=CARTESIAN_POINT('Origin',(-12.7499998882413,20.4,44.6));
#3723=CARTESIAN_POINT('',(-12.7499998882413,20.8,45.));
#3724=CARTESIAN_POINT('',(-12.7499998882413,20.,44.2));
#3725=CARTESIAN_POINT('Origin',(-26.6,29.6,20.));
#3726=CARTESIAN_POINT('',(-26.2,30.,20.));
#3727=CARTESIAN_POINT('',(-27.,29.2,20.));
#3728=CARTESIAN_POINT('Origin',(-26.6,27.5,44.6));
#3729=CARTESIAN_POINT('',(-26.2,27.5,45.));
#3730=CARTESIAN_POINT('',(-27.,27.5,44.2));
#3731=CARTESIAN_POINT('Origin',(17.8661165235168,0.400000000000001,19.6));
#3732=CARTESIAN_POINT('',(4.66862915010153,0.8,20.));
#3733=CARTESIAN_POINT('',(4.66862915010153,0.8,20.));
#3734=CARTESIAN_POINT('',(17.8661165235168,0.800000000000001,20.));
#3735=CARTESIAN_POINT('Origin',(0.,70.,0.));
#3736=CARTESIAN_POINT('',(0.,20.,12.2));
#3737=CARTESIAN_POINT('',(0.,20.,6.55));
#3738=CARTESIAN_POINT('',(0.,18.4,13.8));
#3739=CARTESIAN_POINT('',(0.,35.35,-3.15));
#3740=CARTESIAN_POINT('',(0.,15.2,13.8));
#3741=CARTESIAN_POINT('',(0.,43.,13.8));
#3742=CARTESIAN_POINT('',(0.,15.2,6.2));
#3743=CARTESIAN_POINT('',(0.,15.2,3.5));
#3744=CARTESIAN_POINT('',(0.,18.4,6.2));
#3745=CARTESIAN_POINT('',(0.,45.,6.2));
#3746=CARTESIAN_POINT('',(0.,20.,7.8));
#3747=CARTESIAN_POINT('',(0.,30.35,18.15));
#3748=CARTESIAN_POINT('',(0.,20.,6.1));
#3749=CARTESIAN_POINT('',(0.,20.,6.55));
#3750=CARTESIAN_POINT('',(0.,69.2,6.1));
#3751=CARTESIAN_POINT('',(0.,45.,6.1));
#3752=CARTESIAN_POINT('',(0.,69.2,0.8));
#3753=CARTESIAN_POINT('',(0.,69.2,0.));
#3754=CARTESIAN_POINT('',(0.,52.5,0.8));
#3755=CARTESIAN_POINT('',(0.,13.7,10.));
#3756=CARTESIAN_POINT('Origin',(0.,10.,10.));
#3757=CARTESIAN_POINT('Origin',(70.,70.,0.));
#3758=CARTESIAN_POINT('',(70.,70.,0.));
#3759=CARTESIAN_POINT('Origin',(-17.,25.,20.));
#3760=CARTESIAN_POINT('',(-17.,30.,20.));
#3761=CARTESIAN_POINT('Origin',(1.50000022351742,25.,20.));
#3762=CARTESIAN_POINT('Origin',(30.0000004470348,25.,20.));
#3763=CARTESIAN_POINT('Origin',(1.50000022351742,25.,45.));
#3764=CARTESIAN_POINT('Origin',(-27.,30.,20.));
#3765=CARTESIAN_POINT('Origin',(-5.6,19.6,11.55));
#3766=CARTESIAN_POINT('',(-5.6,19.6,7.4));
#3767=CARTESIAN_POINT('',(-6.,19.2,7.8));
#3768=CARTESIAN_POINT('',(-6.39166666666667,18.8083333333333,8.19166666666667));
#3769=CARTESIAN_POINT('',(-6.,19.2,12.2));
#3770=CARTESIAN_POINT('',(-6.,19.2,11.55));
#3771=CARTESIAN_POINT('',(-5.6,19.6,12.6));
#3772=CARTESIAN_POINT('',(-6.20833333333333,18.9916666666667,11.9916666666667));
#3773=CARTESIAN_POINT('',(-5.2,20.,12.2));
#3774=CARTESIAN_POINT('',(-4.49166666666667,20.7083333333333,11.4916666666667));
#3775=CARTESIAN_POINT('',(-5.2,20.,7.8));
#3776=CARTESIAN_POINT('',(-5.2,20.,11.55));
#3777=CARTESIAN_POINT('',(-3.975,21.225,9.025));
#3778=CARTESIAN_POINT('Origin',(-5.6,17.,12.6));
#3779=CARTESIAN_POINT('',(-6.,16.8,12.2));
#3780=CARTESIAN_POINT('',(-6.,17.,12.2));
#3781=CARTESIAN_POINT('',(-5.2,16.8,13.));
#3782=CARTESIAN_POINT('',(-6.,16.8,12.2));
#3783=CARTESIAN_POINT('',(-5.2,19.2,13.));
#3784=CARTESIAN_POINT('',(-5.2,17.,13.));
#3785=CARTESIAN_POINT('',(-4.23333333333333,18.2333333333333,13.9666666666667));
#3786=CARTESIAN_POINT('Origin',(-6.,18.,10.));
#3787=CARTESIAN_POINT('',(-6.,16.8,7.8));
#3788=CARTESIAN_POINT('',(-6.,19.,7.8));
#3789=CARTESIAN_POINT('',(-6.,16.8,8.5));
#3790=CARTESIAN_POINT('Origin',(-5.6,19.,7.4));
#3791=CARTESIAN_POINT('',(-5.2,19.2,7.));
#3792=CARTESIAN_POINT('',(-4.56666666666667,18.5666666666667,6.36666666666667));
#3793=CARTESIAN_POINT('',(-5.2,16.8,7.));
#3794=CARTESIAN_POINT('',(-5.2,19.,7.));
#3795=CARTESIAN_POINT('',(-5.2,16.8,7.));
#3796=CARTESIAN_POINT('Origin',(-5.2,16.,7.8));
#3797=CARTESIAN_POINT('',(-5.2,16.,7.8));
#3798=CARTESIAN_POINT('',(-5.2,16.,7.8));
#3799=CARTESIAN_POINT('',(-6.,16.8,7.8));
#3800=CARTESIAN_POINT('Origin',(-5.2,16.8,13.));
#3801=CARTESIAN_POINT('',(-5.2,16.,12.2));
#3802=CARTESIAN_POINT('',(-5.2,16.,12.2));
#3803=CARTESIAN_POINT('',(-5.2,16.8,13.));
#3804=CARTESIAN_POINT('Origin',(-0.8,16.,7.8));
#3805=CARTESIAN_POINT('',(-0.8,16.8,7.));
#3806=CARTESIAN_POINT('',(0.,15.2,6.2));
#3807=CARTESIAN_POINT('',(-0.8,16.,7.8));
#3808=CARTESIAN_POINT('',(-0.8,16.,7.8));
#3809=CARTESIAN_POINT('',(-0.8,16.8,7.));
#3810=CARTESIAN_POINT('Origin',(-0.8,16.8,13.));
#3811=CARTESIAN_POINT('',(-0.8,16.,12.2));
#3812=CARTESIAN_POINT('',(0.,15.2,13.8));
#3813=CARTESIAN_POINT('',(-0.8,16.8,13.));
#3814=CARTESIAN_POINT('',(-0.8,16.8,13.));
#3815=CARTESIAN_POINT('',(-0.8,16.,12.2));
#3816=CARTESIAN_POINT('Origin',(-0.4,43.,13.4));
#3817=CARTESIAN_POINT('',(-0.8,19.2,13.));
#3818=CARTESIAN_POINT('',(-4.63333333333333,23.0333333333333,9.16666666666667));
#3819=CARTESIAN_POINT('',(-0.8,43.,13.));
#3820=CARTESIAN_POINT('Origin',(0.,16.4,12.6));
#3821=CARTESIAN_POINT('',(0.,16.,12.2));
#3822=CARTESIAN_POINT('',(0.,16.8,13.));
#3823=CARTESIAN_POINT('Origin',(-0.4,15.6,3.5));
#3824=CARTESIAN_POINT('',(-0.8,16.,3.5));
#3825=CARTESIAN_POINT('Origin',(0.,16.4,7.4));
#3826=CARTESIAN_POINT('',(0.,16.8,7.));
#3827=CARTESIAN_POINT('',(0.,16.,7.8));
#3828=CARTESIAN_POINT('Origin',(-0.4,45.,6.6));
#3829=CARTESIAN_POINT('',(-0.8,19.2,7.));
#3830=CARTESIAN_POINT('',(-4.96666666666667,23.3666666666667,11.1666666666667));
#3831=CARTESIAN_POINT('',(-0.8,45.,7.));
#3832=CARTESIAN_POINT('Origin',(-5.6,16.4,8.5));
#3833=CARTESIAN_POINT('',(-5.2,16.,8.5));
#3834=CARTESIAN_POINT('Origin',(0.,20.,7.));
#3835=CARTESIAN_POINT('',(0.,19.2,7.));
#3836=CARTESIAN_POINT('Origin',(0.,19.6,7.4));
#3837=CARTESIAN_POINT('',(0.,20.,7.8));
#3838=CARTESIAN_POINT('Origin',(0.,16.,7.));
#3839=CARTESIAN_POINT('Origin',(0.4,10.,10.));
#3840=CARTESIAN_POINT('',(0.8,12.9,10.));
#3841=CARTESIAN_POINT('',(0.4,13.3,10.));
#3842=CARTESIAN_POINT('Origin',(0.8,10.,10.));
#3843=CARTESIAN_POINT('Origin',(0.,10.,10.));
#3844=CARTESIAN_POINT('',(9.2,12.9,10.));
#3845=CARTESIAN_POINT('',(0.,12.9,10.));
#3846=CARTESIAN_POINT('Origin',(9.2,10.,10.));
#3847=CARTESIAN_POINT('Origin',(9.6,10.,10.));
#3848=CARTESIAN_POINT('',(10.,13.7,10.));
#3849=CARTESIAN_POINT('',(9.6,13.3,10.));
#3850=CARTESIAN_POINT('Origin',(10.,10.,10.));
#3851=CARTESIAN_POINT('Origin',(10.,10.,10.));
#3852=CARTESIAN_POINT('',(10.,14.5,10.));
#3853=CARTESIAN_POINT('Origin',(10.,10.,10.));
#3854=CARTESIAN_POINT('Origin',(74.0406664283105,59.199717935846,19.6));
#3855=CARTESIAN_POINT('',(74.410218241315,59.352791308792,19.2));
#3856=CARTESIAN_POINT('',(73.671114615306,59.0466445629,20.));
#3857=CARTESIAN_POINT('Origin',(71.4644660940673,66.4644660940673,0.));
#3858=CARTESIAN_POINT('Origin',(74.0406664283105,59.199717935846,0.4));
#3859=CARTESIAN_POINT('',(70.5208017523846,66.6521726022831,0.));
#3860=CARTESIAN_POINT('',(69.4654570896646,69.2,0.));
#3861=CARTESIAN_POINT('',(73.671114615306,59.0466445629,0.));
#3862=CARTESIAN_POINT('',(70.,70.,0.8));
#3863=CARTESIAN_POINT('',(69.4654570896646,69.2,0.));
#3864=CARTESIAN_POINT('',(74.410218241315,59.352791308792,0.8));
#3865=CARTESIAN_POINT('',(70.5208017523846,66.6521726022831,0.));
#3866=CARTESIAN_POINT('Origin',(17.8661165235168,0.400000000000001,0.4));
#3867=CARTESIAN_POINT('',(0.800000000000001,0.8,0.));
#3868=CARTESIAN_POINT('',(0.,0.,0.8));
#3869=CARTESIAN_POINT('',(4.66862915010153,0.800000000000003,0.));
#3870=CARTESIAN_POINT('',(17.8661165235168,0.800000000000001,0.));
#3871=CARTESIAN_POINT('',(4.66862915010153,0.800000000000003,0.));
#3872=CARTESIAN_POINT('Origin',(0.800000000000001,69.2,0.));
#3873=CARTESIAN_POINT('',(0.800000000000001,70.,0.8));
#3874=CARTESIAN_POINT('',(0.800000000000001,70.,0.8));
#3875=CARTESIAN_POINT('',(0.800000000000001,69.2,0.));
#3876=CARTESIAN_POINT('',(0.800000000000001,69.2,0.));
#3877=CARTESIAN_POINT('',(0.,69.2,0.8));
#3878=CARTESIAN_POINT('Origin',(52.8661165235168,69.6,0.4));
#3879=CARTESIAN_POINT('',(52.8661165235168,69.2,0.));
#3880=CARTESIAN_POINT('',(52.8661165235168,70.,0.8));
#3881=CARTESIAN_POINT('Origin',(0.4,52.5,0.4));
#3882=CARTESIAN_POINT('',(0.800000000000001,52.5,0.));
#3883=CARTESIAN_POINT('Origin',(0.8,69.2,6.9));
#3884=CARTESIAN_POINT('',(0.800000000000001,70.,6.1));
#3885=CARTESIAN_POINT('',(0.,69.2,6.1));
#3886=CARTESIAN_POINT('',(0.800000000000001,69.2,6.9));
#3887=CARTESIAN_POINT('',(0.8,69.2,6.9));
#3888=CARTESIAN_POINT('',(0.800000000000001,70.,6.1));
#3889=CARTESIAN_POINT('Origin',(0.4,45.,6.5));
#3890=CARTESIAN_POINT('',(1.95,20.,8.05));
#3891=CARTESIAN_POINT('',(0.8,45.,6.9));
#3892=CARTESIAN_POINT('Origin',(35.,69.6,6.5));
#3893=CARTESIAN_POINT('',(35.,70.,6.1));
#3894=CARTESIAN_POINT('',(35.,69.2,6.9));
#3895=CARTESIAN_POINT('Origin',(0.4,69.6,0.));
#3896=CARTESIAN_POINT('',(0.800000000000001,70.,0.));
#3897=CARTESIAN_POINT('Origin',(21.1502155492838,16.715900974233,0.4));
#3898=CARTESIAN_POINT('',(20.8673728368092,16.9987436867076,0.));
#3899=CARTESIAN_POINT('Origin',(70.,70.,0.));
#3900=CARTESIAN_POINT('',(70.,70.,0.));
#3901=CARTESIAN_POINT('Origin',(71.4644660940673,66.4644660940673,0.));
#3902=CARTESIAN_POINT('Origin',(35.7322330470336,35.,0.));
#3903=CARTESIAN_POINT('Origin',(21.1502155492838,16.715900974233,19.6));
#3904=CARTESIAN_POINT('',(6.10056247062003,20.,32.5639204376362));
#3905=CARTESIAN_POINT('',(20.8673728368092,16.9987436867076,20.));
#3906=CARTESIAN_POINT('Origin',(35.7322330470336,35.,20.));
#3907=CARTESIAN_POINT('Origin',(0.,19.6,12.6));
#3908=CARTESIAN_POINT('',(0.,19.2,13.));
#3909=CARTESIAN_POINT('',(0.,20.,12.2));
#3910=CARTESIAN_POINT('Origin',(0.,20.,13.1));
#3911=CARTESIAN_POINT('Origin',(-17.,30.,20.));
#3912=CARTESIAN_POINT('Origin',(-27.,20.,20.));
#3913=CARTESIAN_POINT('Origin',(35.7322330470336,35.,20.));
#3914=CARTESIAN_POINT('Origin',(10.,10.,10.));
#3915=CARTESIAN_POINT('',(10.,14.5,10.));
#3916=CARTESIAN_POINT('Origin',(0.,4.,7.));
#3917=CARTESIAN_POINT('Origin',(0.,16.,13.));
#3918=CARTESIAN_POINT('Origin',(0.,20.,6.9));
#3919=CARTESIAN_POINT('',(0.,0.,0.));
#3920=UNCERTAINTY_MEASURE_WITH_UNIT(LENGTH_MEASURE(0.01),#3926,
'DISTANCE_ACCURACY_VALUE',
'Maximum model space distance between geometric entities at asserted c
onnectivities');
#3921=UNCERTAINTY_MEASURE_WITH_UNIT(LENGTH_MEASURE(0.01),#3926,
'DISTANCE_ACCURACY_VALUE',
'Maximum model space distance between geometric entities at asserted c
onnectivities');
#3922=UNCERTAINTY_MEASURE_WITH_UNIT(LENGTH_MEASURE(0.01),#3926,
'DISTANCE_ACCURACY_VALUE',
'Maximum model space distance between geometric entities at asserted c
onnectivities');
#3923=(
GEOMETRIC_REPRESENTATION_CONTEXT(3)
GLOBAL_UNCERTAINTY_ASSIGNED_CONTEXT((#3920))
GLOBAL_UNIT_ASSIGNED_CONTEXT((#3926,#3928,#3929))
REPRESENTATION_CONTEXT('','3D')
);
#3924=(
GEOMETRIC_REPRESENTATION_CONTEXT(3)
GLOBAL_UNCERTAINTY_ASSIGNED_CONTEXT((#3921))
GLOBAL_UNIT_ASSIGNED_CONTEXT((#3926,#3928,#3929))
REPRESENTATION_CONTEXT('','3D')
);
#3925=(
GEOMETRIC_REPRESENTATION_CONTEXT(3)
GLOBAL_UNCERTAINTY_ASSIGNED_CONTEXT((#3922))
GLOBAL_UNIT_ASSIGNED_CONTEXT((#3926,#3928,#3929))
REPRESENTATION_CONTEXT('','3D')
);
#3926=(
LENGTH_UNIT()
NAMED_UNIT(*)
SI_UNIT(.MILLI.,.METRE.)
);
#3927=(
LENGTH_UNIT()
NAMED_UNIT(*)
SI_UNIT($,.METRE.)
);
#3928=(
NAMED_UNIT(*)
PLANE_ANGLE_UNIT()
SI_UNIT($,.RADIAN.)
);
#3929=(
NAMED_UNIT(*)
SI_UNIT($,.STERADIAN.)
SOLID_ANGLE_UNIT()
);
#3930=SHAPE_DEFINITION_REPRESENTATION(#3932,#3935);
#3931=SHAPE_DEFINITION_REPRESENTATION(#3933,#3936);
#3932=PRODUCT_DEFINITION_SHAPE('',$,#3938);
#3933=PRODUCT_DEFINITION_SHAPE('',$,#3939);
#3934=PRODUCT_DEFINITION_SHAPE($,$,#14);
#3935=SHAPE_REPRESENTATION('',(#2183,#2311),#3923);
#3936=SHAPE_REPRESENTATION('',(#2184),#3924);
#3937=PRODUCT_DEFINITION_CONTEXT('part definition',#3945,'design');
#3938=PRODUCT_DEFINITION('2020 Side Bracket plus shelf support',
'2020 Side Bracket plus shelf support v4',#3940,#3937);
#3939=PRODUCT_DEFINITION('Side Bracket','Side Bracket',#3941,#3937);
#3940=PRODUCT_DEFINITION_FORMATION('',$,#3947);
#3941=PRODUCT_DEFINITION_FORMATION('',$,#3948);
#3942=PRODUCT_RELATED_PRODUCT_CATEGORY(
'2020 Side Bracket plus shelf support v4',
'2020 Side Bracket plus shelf support v4',(#3947));
#3943=PRODUCT_RELATED_PRODUCT_CATEGORY('Side Bracket','Side Bracket',(#3948));
#3944=APPLICATION_PROTOCOL_DEFINITION('international standard',
'automotive_design',2009,#3945);
#3945=APPLICATION_CONTEXT(
'Core Data for Automotive Mechanical Design Process');
#3946=PRODUCT_CONTEXT('part definition',#3945,'mechanical');
#3947=PRODUCT('2020 Side Bracket plus shelf support',
'2020 Side Bracket plus shelf support v4',$,(#3946));
#3948=PRODUCT('Side Bracket','Side Bracket',$,(#3946));
#3949=PRESENTATION_STYLE_ASSIGNMENT((#3951));
#3950=PRESENTATION_STYLE_ASSIGNMENT((#3952));
#3951=SURFACE_STYLE_USAGE(.BOTH.,#3953);
#3952=SURFACE_STYLE_USAGE(.BOTH.,#3954);
#3953=SURFACE_SIDE_STYLE('',(#3955));
#3954=SURFACE_SIDE_STYLE('',(#3956));
#3955=SURFACE_STYLE_FILL_AREA(#3957);
#3956=SURFACE_STYLE_FILL_AREA(#3958);
#3957=FILL_AREA_STYLE('Steel - Satin',(#3959));
#3958=FILL_AREA_STYLE('Plastic - Texture - Random',(#3960));
#3959=FILL_AREA_STYLE_COLOUR('Steel - Satin',#3961);
#3960=FILL_AREA_STYLE_COLOUR('Plastic - Texture - Random',#3962);
#3961=COLOUR_RGB('Steel - Satin',0.627450980392157,0.627450980392157,0.627450980392157);
#3962=COLOUR_RGB('Plastic - Texture - Random',0.0980392156862745,0.0980392156862745,
0.0980392156862745);
ENDSEC;
END-ISO-10303-21;
