ISO-10303-21;
HEADER;
/* Generated by software containing ST-Developer
 * from STEP Tools, Inc. (www.steptools.com) 
 */

FILE_DESCRIPTION(
/* description */ (''),
/* implementation_level */ '2;1');

FILE_NAME(
/* name */ '2020 Handle v2.step',
/* time_stamp */ '2025-10-25T18:54:58-07:00',
/* author */ (''),
/* organization */ (''),
/* preprocessor_version */ 'ST-DEVELOPER v20.1',
/* originating_system */ 'Autodesk Translation Framework v14.17.0.0',
/* authorisation */ '');

FILE_SCHEMA (('AUTOMOTIVE_DESIGN { 1 0 10303 214 3 1 1 }'));
ENDSEC;

DATA;
#10=MECHANICAL_DESIGN_GEOMETRIC_PRESENTATION_REPRESENTATION('',(#17,#18,
#19,#20,#21,#22,#23,#24,#25,#26,#27,#28,#29,#30,#31,#32,#33,#34,#35,#36,
#37,#38,#39,#40,#41,#42),#5476);
#11=ITEM_DEFINED_TRANSFORMATION($,$,#3444,#3662);
#12=(
REPRESENTATION_RELATIONSHIP($,$,#5487,#5486)
REPRESENTATION_RELATIONSHIP_WITH_TRANSFORMATION(#11)
SHAPE_REPRESENTATION_RELATIONSHIP()
);
#13=CONTEXT_DEPENDENT_SHAPE_REPRESENTATION(#12,#5485);
#14=NEXT_ASSEMBLY_USAGE_OCCURRENCE('Handle:1','Handle:1','Handle:1',#5489,
#5490,'Handle:1');
#15=SHAPE_REPRESENTATION_RELATIONSHIP('SRR','None',#5487,#16);
#16=ADVANCED_BREP_SHAPE_REPRESENTATION('',(#43,#44,#45,#46,#47,#48,#49,
#50,#51,#52,#53,#54,#55,#56,#57,#58,#59,#60,#61,#62,#63,#64,#65,#66,#67,
#68),#5475);
#17=STYLED_ITEM('',(#5501),#43);
#18=STYLED_ITEM('',(#5501),#44);
#19=STYLED_ITEM('',(#5501),#45);
#20=STYLED_ITEM('',(#5501),#46);
#21=STYLED_ITEM('',(#5501),#47);
#22=STYLED_ITEM('',(#5501),#48);
#23=STYLED_ITEM('',(#5501),#49);
#24=STYLED_ITEM('',(#5501),#50);
#25=STYLED_ITEM('',(#5501),#51);
#26=STYLED_ITEM('',(#5501),#52);
#27=STYLED_ITEM('',(#5501),#53);
#28=STYLED_ITEM('',(#5501),#54);
#29=STYLED_ITEM('',(#5501),#55);
#30=STYLED_ITEM('',(#5501),#56);
#31=STYLED_ITEM('',(#5501),#57);
#32=STYLED_ITEM('',(#5501),#58);
#33=STYLED_ITEM('',(#5501),#59);
#34=STYLED_ITEM('',(#5501),#60);
#35=STYLED_ITEM('',(#5501),#61);
#36=STYLED_ITEM('',(#5501),#62);
#37=STYLED_ITEM('',(#5501),#63);
#38=STYLED_ITEM('',(#5501),#64);
#39=STYLED_ITEM('',(#5501),#65);
#40=STYLED_ITEM('',(#5501),#66);
#41=STYLED_ITEM('',(#5501),#67);
#42=STYLED_ITEM('',(#5501),#68);
#43=MANIFOLD_SOLID_BREP('Body1',#3405);
#44=MANIFOLD_SOLID_BREP('Body2',#3406);
#45=MANIFOLD_SOLID_BREP('Body3',#3407);
#46=MANIFOLD_SOLID_BREP('Body4',#3408);
#47=MANIFOLD_SOLID_BREP('Body5',#3409);
#48=MANIFOLD_SOLID_BREP('Body6',#3410);
#49=MANIFOLD_SOLID_BREP('Body7',#3411);
#50=MANIFOLD_SOLID_BREP('Body8',#3412);
#51=MANIFOLD_SOLID_BREP('Body9',#3413);
#52=MANIFOLD_SOLID_BREP('Body10',#3414);
#53=MANIFOLD_SOLID_BREP('Body11',#3415);
#54=MANIFOLD_SOLID_BREP('Body12',#3416);
#55=MANIFOLD_SOLID_BREP('Body13',#3417);
#56=MANIFOLD_SOLID_BREP('Body14',#3418);
#57=MANIFOLD_SOLID_BREP('Body15',#3419);
#58=MANIFOLD_SOLID_BREP('Body16',#3420);
#59=MANIFOLD_SOLID_BREP('Body17',#3421);
#60=MANIFOLD_SOLID_BREP('Body18',#3422);
#61=MANIFOLD_SOLID_BREP('Body19',#3423);
#62=MANIFOLD_SOLID_BREP('Body20',#3424);
#63=MANIFOLD_SOLID_BREP('Body21',#3425);
#64=MANIFOLD_SOLID_BREP('Body22',#3426);
#65=MANIFOLD_SOLID_BREP('Body23',#3427);
#66=MANIFOLD_SOLID_BREP('Body24',#3428);
#67=MANIFOLD_SOLID_BREP('Body25',#3429);
#68=MANIFOLD_SOLID_BREP('Body26',#3430);
#69=CYLINDRICAL_SURFACE('',#3509,3.00000000000001);
#70=CYLINDRICAL_SURFACE('',#3510,3.);
#71=CIRCLE('',#3488,3.00000000000001);
#72=CIRCLE('',#3489,3.);
#73=CIRCLE('',#3498,3.);
#74=CIRCLE('',#3506,3.00000000000001);
#75=FACE_BOUND('',#311,.T.);
#76=FACE_BOUND('',#318,.T.);
#77=FACE_BOUND('',#341,.T.);
#78=FACE_BOUND('',#343,.T.);
#79=FACE_BOUND('',#344,.T.);
#80=FACE_BOUND('',#345,.T.);
#81=FACE_BOUND('',#347,.T.);
#82=FACE_BOUND('',#355,.T.);
#83=FACE_BOUND('',#363,.T.);
#84=FACE_OUTER_BOUND('',#297,.T.);
#85=FACE_OUTER_BOUND('',#298,.T.);
#86=FACE_OUTER_BOUND('',#299,.T.);
#87=FACE_OUTER_BOUND('',#300,.T.);
#88=FACE_OUTER_BOUND('',#301,.T.);
#89=FACE_OUTER_BOUND('',#302,.T.);
#90=FACE_OUTER_BOUND('',#303,.T.);
#91=FACE_OUTER_BOUND('',#304,.T.);
#92=FACE_OUTER_BOUND('',#305,.T.);
#93=FACE_OUTER_BOUND('',#306,.T.);
#94=FACE_OUTER_BOUND('',#307,.T.);
#95=FACE_OUTER_BOUND('',#308,.T.);
#96=FACE_OUTER_BOUND('',#309,.T.);
#97=FACE_OUTER_BOUND('',#310,.T.);
#98=FACE_OUTER_BOUND('',#312,.T.);
#99=FACE_OUTER_BOUND('',#313,.T.);
#100=FACE_OUTER_BOUND('',#314,.T.);
#101=FACE_OUTER_BOUND('',#315,.T.);
#102=FACE_OUTER_BOUND('',#316,.T.);
#103=FACE_OUTER_BOUND('',#317,.T.);
#104=FACE_OUTER_BOUND('',#319,.T.);
#105=FACE_OUTER_BOUND('',#320,.T.);
#106=FACE_OUTER_BOUND('',#321,.T.);
#107=FACE_OUTER_BOUND('',#322,.T.);
#108=FACE_OUTER_BOUND('',#323,.T.);
#109=FACE_OUTER_BOUND('',#324,.T.);
#110=FACE_OUTER_BOUND('',#325,.T.);
#111=FACE_OUTER_BOUND('',#326,.T.);
#112=FACE_OUTER_BOUND('',#327,.T.);
#113=FACE_OUTER_BOUND('',#328,.T.);
#114=FACE_OUTER_BOUND('',#329,.T.);
#115=FACE_OUTER_BOUND('',#330,.T.);
#116=FACE_OUTER_BOUND('',#331,.T.);
#117=FACE_OUTER_BOUND('',#332,.T.);
#118=FACE_OUTER_BOUND('',#333,.T.);
#119=FACE_OUTER_BOUND('',#334,.T.);
#120=FACE_OUTER_BOUND('',#335,.T.);
#121=FACE_OUTER_BOUND('',#336,.T.);
#122=FACE_OUTER_BOUND('',#337,.T.);
#123=FACE_OUTER_BOUND('',#338,.T.);
#124=FACE_OUTER_BOUND('',#339,.T.);
#125=FACE_OUTER_BOUND('',#340,.T.);
#126=FACE_OUTER_BOUND('',#342,.T.);
#127=FACE_OUTER_BOUND('',#346,.T.);
#128=FACE_OUTER_BOUND('',#348,.T.);
#129=FACE_OUTER_BOUND('',#349,.T.);
#130=FACE_OUTER_BOUND('',#350,.T.);
#131=FACE_OUTER_BOUND('',#351,.T.);
#132=FACE_OUTER_BOUND('',#352,.T.);
#133=FACE_OUTER_BOUND('',#353,.T.);
#134=FACE_OUTER_BOUND('',#354,.T.);
#135=FACE_OUTER_BOUND('',#356,.T.);
#136=FACE_OUTER_BOUND('',#357,.T.);
#137=FACE_OUTER_BOUND('',#358,.T.);
#138=FACE_OUTER_BOUND('',#359,.T.);
#139=FACE_OUTER_BOUND('',#360,.T.);
#140=FACE_OUTER_BOUND('',#361,.T.);
#141=FACE_OUTER_BOUND('',#362,.T.);
#142=FACE_OUTER_BOUND('',#364,.T.);
#143=FACE_OUTER_BOUND('',#365,.T.);
#144=FACE_OUTER_BOUND('',#366,.T.);
#145=FACE_OUTER_BOUND('',#367,.T.);
#146=FACE_OUTER_BOUND('',#368,.T.);
#147=FACE_OUTER_BOUND('',#369,.T.);
#148=FACE_OUTER_BOUND('',#370,.T.);
#149=FACE_OUTER_BOUND('',#371,.T.);
#150=FACE_OUTER_BOUND('',#372,.T.);
#151=FACE_OUTER_BOUND('',#373,.T.);
#152=FACE_OUTER_BOUND('',#374,.T.);
#153=FACE_OUTER_BOUND('',#375,.T.);
#154=FACE_OUTER_BOUND('',#376,.T.);
#155=FACE_OUTER_BOUND('',#377,.T.);
#156=FACE_OUTER_BOUND('',#378,.T.);
#157=FACE_OUTER_BOUND('',#379,.T.);
#158=FACE_OUTER_BOUND('',#380,.T.);
#159=FACE_OUTER_BOUND('',#381,.T.);
#160=FACE_OUTER_BOUND('',#382,.T.);
#161=FACE_OUTER_BOUND('',#383,.T.);
#162=FACE_OUTER_BOUND('',#384,.T.);
#163=FACE_OUTER_BOUND('',#385,.T.);
#164=FACE_OUTER_BOUND('',#386,.T.);
#165=FACE_OUTER_BOUND('',#387,.T.);
#166=FACE_OUTER_BOUND('',#388,.T.);
#167=FACE_OUTER_BOUND('',#389,.T.);
#168=FACE_OUTER_BOUND('',#390,.T.);
#169=FACE_OUTER_BOUND('',#391,.T.);
#170=FACE_OUTER_BOUND('',#392,.T.);
#171=FACE_OUTER_BOUND('',#393,.T.);
#172=FACE_OUTER_BOUND('',#394,.T.);
#173=FACE_OUTER_BOUND('',#395,.T.);
#174=FACE_OUTER_BOUND('',#396,.T.);
#175=FACE_OUTER_BOUND('',#397,.T.);
#176=FACE_OUTER_BOUND('',#398,.T.);
#177=FACE_OUTER_BOUND('',#399,.T.);
#178=FACE_OUTER_BOUND('',#400,.T.);
#179=FACE_OUTER_BOUND('',#401,.T.);
#180=FACE_OUTER_BOUND('',#402,.T.);
#181=FACE_OUTER_BOUND('',#403,.T.);
#182=FACE_OUTER_BOUND('',#404,.T.);
#183=FACE_OUTER_BOUND('',#405,.T.);
#184=FACE_OUTER_BOUND('',#406,.T.);
#185=FACE_OUTER_BOUND('',#407,.T.);
#186=FACE_OUTER_BOUND('',#408,.T.);
#187=FACE_OUTER_BOUND('',#409,.T.);
#188=FACE_OUTER_BOUND('',#410,.T.);
#189=FACE_OUTER_BOUND('',#411,.T.);
#190=FACE_OUTER_BOUND('',#412,.T.);
#191=FACE_OUTER_BOUND('',#413,.T.);
#192=FACE_OUTER_BOUND('',#414,.T.);
#193=FACE_OUTER_BOUND('',#415,.T.);
#194=FACE_OUTER_BOUND('',#416,.T.);
#195=FACE_OUTER_BOUND('',#417,.T.);
#196=FACE_OUTER_BOUND('',#418,.T.);
#197=FACE_OUTER_BOUND('',#419,.T.);
#198=FACE_OUTER_BOUND('',#420,.T.);
#199=FACE_OUTER_BOUND('',#421,.T.);
#200=FACE_OUTER_BOUND('',#422,.T.);
#201=FACE_OUTER_BOUND('',#423,.T.);
#202=FACE_OUTER_BOUND('',#424,.T.);
#203=FACE_OUTER_BOUND('',#425,.T.);
#204=FACE_OUTER_BOUND('',#426,.T.);
#205=FACE_OUTER_BOUND('',#427,.T.);
#206=FACE_OUTER_BOUND('',#428,.T.);
#207=FACE_OUTER_BOUND('',#429,.T.);
#208=FACE_OUTER_BOUND('',#430,.T.);
#209=FACE_OUTER_BOUND('',#431,.T.);
#210=FACE_OUTER_BOUND('',#432,.T.);
#211=FACE_OUTER_BOUND('',#433,.T.);
#212=FACE_OUTER_BOUND('',#434,.T.);
#213=FACE_OUTER_BOUND('',#435,.T.);
#214=FACE_OUTER_BOUND('',#436,.T.);
#215=FACE_OUTER_BOUND('',#437,.T.);
#216=FACE_OUTER_BOUND('',#438,.T.);
#217=FACE_OUTER_BOUND('',#439,.T.);
#218=FACE_OUTER_BOUND('',#440,.T.);
#219=FACE_OUTER_BOUND('',#441,.T.);
#220=FACE_OUTER_BOUND('',#442,.T.);
#221=FACE_OUTER_BOUND('',#443,.T.);
#222=FACE_OUTER_BOUND('',#444,.T.);
#223=FACE_OUTER_BOUND('',#445,.T.);
#224=FACE_OUTER_BOUND('',#446,.T.);
#225=FACE_OUTER_BOUND('',#447,.T.);
#226=FACE_OUTER_BOUND('',#448,.T.);
#227=FACE_OUTER_BOUND('',#449,.T.);
#228=FACE_OUTER_BOUND('',#450,.T.);
#229=FACE_OUTER_BOUND('',#451,.T.);
#230=FACE_OUTER_BOUND('',#452,.T.);
#231=FACE_OUTER_BOUND('',#453,.T.);
#232=FACE_OUTER_BOUND('',#454,.T.);
#233=FACE_OUTER_BOUND('',#455,.T.);
#234=FACE_OUTER_BOUND('',#456,.T.);
#235=FACE_OUTER_BOUND('',#457,.T.);
#236=FACE_OUTER_BOUND('',#458,.T.);
#237=FACE_OUTER_BOUND('',#459,.T.);
#238=FACE_OUTER_BOUND('',#460,.T.);
#239=FACE_OUTER_BOUND('',#461,.T.);
#240=FACE_OUTER_BOUND('',#462,.T.);
#241=FACE_OUTER_BOUND('',#463,.T.);
#242=FACE_OUTER_BOUND('',#464,.T.);
#243=FACE_OUTER_BOUND('',#465,.T.);
#244=FACE_OUTER_BOUND('',#466,.T.);
#245=FACE_OUTER_BOUND('',#467,.T.);
#246=FACE_OUTER_BOUND('',#468,.T.);
#247=FACE_OUTER_BOUND('',#469,.T.);
#248=FACE_OUTER_BOUND('',#470,.T.);
#249=FACE_OUTER_BOUND('',#471,.T.);
#250=FACE_OUTER_BOUND('',#472,.T.);
#251=FACE_OUTER_BOUND('',#473,.T.);
#252=FACE_OUTER_BOUND('',#474,.T.);
#253=FACE_OUTER_BOUND('',#475,.T.);
#254=FACE_OUTER_BOUND('',#476,.T.);
#255=FACE_OUTER_BOUND('',#477,.T.);
#256=FACE_OUTER_BOUND('',#478,.T.);
#257=FACE_OUTER_BOUND('',#479,.T.);
#258=FACE_OUTER_BOUND('',#480,.T.);
#259=FACE_OUTER_BOUND('',#481,.T.);
#260=FACE_OUTER_BOUND('',#482,.T.);
#261=FACE_OUTER_BOUND('',#483,.T.);
#262=FACE_OUTER_BOUND('',#484,.T.);
#263=FACE_OUTER_BOUND('',#485,.T.);
#264=FACE_OUTER_BOUND('',#486,.T.);
#265=FACE_OUTER_BOUND('',#487,.T.);
#266=FACE_OUTER_BOUND('',#488,.T.);
#267=FACE_OUTER_BOUND('',#489,.T.);
#268=FACE_OUTER_BOUND('',#490,.T.);
#269=FACE_OUTER_BOUND('',#491,.T.);
#270=FACE_OUTER_BOUND('',#492,.T.);
#271=FACE_OUTER_BOUND('',#493,.T.);
#272=FACE_OUTER_BOUND('',#494,.T.);
#273=FACE_OUTER_BOUND('',#495,.T.);
#274=FACE_OUTER_BOUND('',#496,.T.);
#275=FACE_OUTER_BOUND('',#497,.T.);
#276=FACE_OUTER_BOUND('',#498,.T.);
#277=FACE_OUTER_BOUND('',#499,.T.);
#278=FACE_OUTER_BOUND('',#500,.T.);
#279=FACE_OUTER_BOUND('',#501,.T.);
#280=FACE_OUTER_BOUND('',#502,.T.);
#281=FACE_OUTER_BOUND('',#503,.T.);
#282=FACE_OUTER_BOUND('',#504,.T.);
#283=FACE_OUTER_BOUND('',#505,.T.);
#284=FACE_OUTER_BOUND('',#506,.T.);
#285=FACE_OUTER_BOUND('',#507,.T.);
#286=FACE_OUTER_BOUND('',#508,.T.);
#287=FACE_OUTER_BOUND('',#509,.T.);
#288=FACE_OUTER_BOUND('',#510,.T.);
#289=FACE_OUTER_BOUND('',#511,.T.);
#290=FACE_OUTER_BOUND('',#512,.T.);
#291=FACE_OUTER_BOUND('',#513,.T.);
#292=FACE_OUTER_BOUND('',#514,.T.);
#293=FACE_OUTER_BOUND('',#515,.T.);
#294=FACE_OUTER_BOUND('',#516,.T.);
#295=FACE_OUTER_BOUND('',#517,.T.);
#296=FACE_OUTER_BOUND('',#518,.T.);
#297=EDGE_LOOP('',(#2105,#2106,#2107,#2108));
#298=EDGE_LOOP('',(#2109,#2110,#2111,#2112));
#299=EDGE_LOOP('',(#2113,#2114,#2115,#2116));
#300=EDGE_LOOP('',(#2117,#2118,#2119,#2120));
#301=EDGE_LOOP('',(#2121,#2122,#2123,#2124));
#302=EDGE_LOOP('',(#2125,#2126,#2127,#2128));
#303=EDGE_LOOP('',(#2129,#2130,#2131,#2132));
#304=EDGE_LOOP('',(#2133,#2134,#2135,#2136));
#305=EDGE_LOOP('',(#2137,#2138,#2139,#2140));
#306=EDGE_LOOP('',(#2141,#2142,#2143,#2144));
#307=EDGE_LOOP('',(#2145,#2146,#2147,#2148));
#308=EDGE_LOOP('',(#2149,#2150,#2151,#2152));
#309=EDGE_LOOP('',(#2153,#2154,#2155,#2156));
#310=EDGE_LOOP('',(#2157,#2158,#2159,#2160));
#311=EDGE_LOOP('',(#2161,#2162,#2163,#2164));
#312=EDGE_LOOP('',(#2165,#2166,#2167,#2168));
#313=EDGE_LOOP('',(#2169,#2170,#2171,#2172));
#314=EDGE_LOOP('',(#2173,#2174,#2175,#2176));
#315=EDGE_LOOP('',(#2177,#2178,#2179,#2180));
#316=EDGE_LOOP('',(#2181,#2182,#2183,#2184));
#317=EDGE_LOOP('',(#2185,#2186,#2187,#2188));
#318=EDGE_LOOP('',(#2189,#2190,#2191,#2192));
#319=EDGE_LOOP('',(#2193,#2194,#2195));
#320=EDGE_LOOP('',(#2196,#2197,#2198));
#321=EDGE_LOOP('',(#2199,#2200,#2201));
#322=EDGE_LOOP('',(#2202,#2203,#2204));
#323=EDGE_LOOP('',(#2205,#2206,#2207));
#324=EDGE_LOOP('',(#2208,#2209,#2210,#2211));
#325=EDGE_LOOP('',(#2212,#2213,#2214));
#326=EDGE_LOOP('',(#2215,#2216,#2217));
#327=EDGE_LOOP('',(#2218,#2219,#2220));
#328=EDGE_LOOP('',(#2221,#2222,#2223,#2224));
#329=EDGE_LOOP('',(#2225,#2226,#2227,#2228));
#330=EDGE_LOOP('',(#2229,#2230,#2231,#2232));
#331=EDGE_LOOP('',(#2233,#2234,#2235,#2236));
#332=EDGE_LOOP('',(#2237,#2238,#2239,#2240));
#333=EDGE_LOOP('',(#2241,#2242,#2243,#2244));
#334=EDGE_LOOP('',(#2245,#2246,#2247,#2248));
#335=EDGE_LOOP('',(#2249,#2250,#2251,#2252));
#336=EDGE_LOOP('',(#2253,#2254,#2255,#2256));
#337=EDGE_LOOP('',(#2257,#2258,#2259,#2260));
#338=EDGE_LOOP('',(#2261,#2262,#2263,#2264));
#339=EDGE_LOOP('',(#2265,#2266,#2267,#2268));
#340=EDGE_LOOP('',(#2269,#2270,#2271,#2272));
#341=EDGE_LOOP('',(#2273,#2274,#2275,#2276,#2277,#2278));
#342=EDGE_LOOP('',(#2279,#2280,#2281,#2282));
#343=EDGE_LOOP('',(#2283));
#344=EDGE_LOOP('',(#2284));
#345=EDGE_LOOP('',(#2285,#2286,#2287,#2288));
#346=EDGE_LOOP('',(#2289,#2290,#2291,#2292));
#347=EDGE_LOOP('',(#2293,#2294,#2295,#2296,#2297,#2298));
#348=EDGE_LOOP('',(#2299,#2300,#2301,#2302));
#349=EDGE_LOOP('',(#2303,#2304,#2305,#2306));
#350=EDGE_LOOP('',(#2307,#2308,#2309,#2310));
#351=EDGE_LOOP('',(#2311,#2312,#2313,#2314));
#352=EDGE_LOOP('',(#2315,#2316,#2317,#2318));
#353=EDGE_LOOP('',(#2319,#2320,#2321,#2322));
#354=EDGE_LOOP('',(#2323,#2324,#2325,#2326,#2327,#2328));
#355=EDGE_LOOP('',(#2329));
#356=EDGE_LOOP('',(#2330,#2331,#2332,#2333));
#357=EDGE_LOOP('',(#2334,#2335,#2336,#2337));
#358=EDGE_LOOP('',(#2338,#2339,#2340,#2341));
#359=EDGE_LOOP('',(#2342,#2343,#2344,#2345));
#360=EDGE_LOOP('',(#2346,#2347,#2348,#2349));
#361=EDGE_LOOP('',(#2350,#2351,#2352,#2353));
#362=EDGE_LOOP('',(#2354,#2355,#2356,#2357,#2358,#2359));
#363=EDGE_LOOP('',(#2360));
#364=EDGE_LOOP('',(#2361,#2362,#2363,#2364));
#365=EDGE_LOOP('',(#2365,#2366,#2367,#2368));
#366=EDGE_LOOP('',(#2369,#2370,#2371,#2372));
#367=EDGE_LOOP('',(#2373,#2374,#2375,#2376));
#368=EDGE_LOOP('',(#2377,#2378,#2379,#2380));
#369=EDGE_LOOP('',(#2381,#2382,#2383,#2384));
#370=EDGE_LOOP('',(#2385,#2386,#2387,#2388));
#371=EDGE_LOOP('',(#2389,#2390,#2391,#2392));
#372=EDGE_LOOP('',(#2393,#2394,#2395,#2396));
#373=EDGE_LOOP('',(#2397,#2398,#2399,#2400));
#374=EDGE_LOOP('',(#2401,#2402,#2403,#2404));
#375=EDGE_LOOP('',(#2405,#2406,#2407,#2408));
#376=EDGE_LOOP('',(#2409,#2410,#2411,#2412));
#377=EDGE_LOOP('',(#2413,#2414,#2415,#2416));
#378=EDGE_LOOP('',(#2417,#2418,#2419,#2420));
#379=EDGE_LOOP('',(#2421,#2422,#2423,#2424));
#380=EDGE_LOOP('',(#2425,#2426,#2427,#2428));
#381=EDGE_LOOP('',(#2429,#2430,#2431,#2432));
#382=EDGE_LOOP('',(#2433,#2434,#2435,#2436));
#383=EDGE_LOOP('',(#2437,#2438,#2439,#2440));
#384=EDGE_LOOP('',(#2441,#2442,#2443,#2444));
#385=EDGE_LOOP('',(#2445,#2446,#2447,#2448));
#386=EDGE_LOOP('',(#2449,#2450,#2451,#2452));
#387=EDGE_LOOP('',(#2453,#2454,#2455,#2456));
#388=EDGE_LOOP('',(#2457,#2458,#2459,#2460));
#389=EDGE_LOOP('',(#2461,#2462,#2463,#2464));
#390=EDGE_LOOP('',(#2465,#2466,#2467,#2468));
#391=EDGE_LOOP('',(#2469,#2470,#2471,#2472));
#392=EDGE_LOOP('',(#2473,#2474,#2475,#2476));
#393=EDGE_LOOP('',(#2477,#2478,#2479,#2480));
#394=EDGE_LOOP('',(#2481,#2482,#2483,#2484));
#395=EDGE_LOOP('',(#2485,#2486,#2487,#2488));
#396=EDGE_LOOP('',(#2489,#2490,#2491,#2492));
#397=EDGE_LOOP('',(#2493,#2494,#2495,#2496));
#398=EDGE_LOOP('',(#2497,#2498,#2499,#2500));
#399=EDGE_LOOP('',(#2501,#2502,#2503,#2504));
#400=EDGE_LOOP('',(#2505,#2506,#2507,#2508));
#401=EDGE_LOOP('',(#2509,#2510,#2511,#2512));
#402=EDGE_LOOP('',(#2513,#2514,#2515,#2516));
#403=EDGE_LOOP('',(#2517,#2518,#2519,#2520));
#404=EDGE_LOOP('',(#2521,#2522,#2523,#2524));
#405=EDGE_LOOP('',(#2525,#2526,#2527,#2528));
#406=EDGE_LOOP('',(#2529,#2530,#2531,#2532));
#407=EDGE_LOOP('',(#2533,#2534,#2535,#2536));
#408=EDGE_LOOP('',(#2537,#2538,#2539,#2540));
#409=EDGE_LOOP('',(#2541,#2542,#2543,#2544));
#410=EDGE_LOOP('',(#2545,#2546,#2547,#2548));
#411=EDGE_LOOP('',(#2549,#2550,#2551,#2552));
#412=EDGE_LOOP('',(#2553,#2554,#2555,#2556));
#413=EDGE_LOOP('',(#2557,#2558,#2559,#2560));
#414=EDGE_LOOP('',(#2561,#2562,#2563,#2564));
#415=EDGE_LOOP('',(#2565,#2566,#2567,#2568));
#416=EDGE_LOOP('',(#2569,#2570,#2571,#2572));
#417=EDGE_LOOP('',(#2573,#2574,#2575,#2576));
#418=EDGE_LOOP('',(#2577,#2578,#2579,#2580));
#419=EDGE_LOOP('',(#2581,#2582,#2583,#2584));
#420=EDGE_LOOP('',(#2585,#2586,#2587,#2588));
#421=EDGE_LOOP('',(#2589,#2590,#2591,#2592));
#422=EDGE_LOOP('',(#2593,#2594,#2595,#2596));
#423=EDGE_LOOP('',(#2597,#2598,#2599,#2600));
#424=EDGE_LOOP('',(#2601,#2602,#2603,#2604));
#425=EDGE_LOOP('',(#2605,#2606,#2607,#2608));
#426=EDGE_LOOP('',(#2609,#2610,#2611,#2612));
#427=EDGE_LOOP('',(#2613,#2614,#2615,#2616));
#428=EDGE_LOOP('',(#2617,#2618,#2619,#2620));
#429=EDGE_LOOP('',(#2621,#2622,#2623,#2624));
#430=EDGE_LOOP('',(#2625,#2626,#2627,#2628));
#431=EDGE_LOOP('',(#2629,#2630,#2631,#2632));
#432=EDGE_LOOP('',(#2633,#2634,#2635,#2636));
#433=EDGE_LOOP('',(#2637,#2638,#2639,#2640));
#434=EDGE_LOOP('',(#2641,#2642,#2643,#2644));
#435=EDGE_LOOP('',(#2645,#2646,#2647,#2648));
#436=EDGE_LOOP('',(#2649,#2650,#2651,#2652));
#437=EDGE_LOOP('',(#2653,#2654,#2655,#2656));
#438=EDGE_LOOP('',(#2657,#2658,#2659,#2660));
#439=EDGE_LOOP('',(#2661,#2662,#2663,#2664));
#440=EDGE_LOOP('',(#2665,#2666,#2667,#2668));
#441=EDGE_LOOP('',(#2669,#2670,#2671,#2672));
#442=EDGE_LOOP('',(#2673,#2674,#2675,#2676));
#443=EDGE_LOOP('',(#2677,#2678,#2679,#2680));
#444=EDGE_LOOP('',(#2681,#2682,#2683,#2684));
#445=EDGE_LOOP('',(#2685,#2686,#2687,#2688));
#446=EDGE_LOOP('',(#2689,#2690,#2691,#2692));
#447=EDGE_LOOP('',(#2693,#2694,#2695,#2696));
#448=EDGE_LOOP('',(#2697,#2698,#2699,#2700));
#449=EDGE_LOOP('',(#2701,#2702,#2703,#2704));
#450=EDGE_LOOP('',(#2705,#2706,#2707,#2708));
#451=EDGE_LOOP('',(#2709,#2710,#2711,#2712));
#452=EDGE_LOOP('',(#2713,#2714,#2715,#2716));
#453=EDGE_LOOP('',(#2717,#2718,#2719,#2720));
#454=EDGE_LOOP('',(#2721,#2722,#2723,#2724));
#455=EDGE_LOOP('',(#2725,#2726,#2727,#2728));
#456=EDGE_LOOP('',(#2729,#2730,#2731,#2732));
#457=EDGE_LOOP('',(#2733,#2734,#2735,#2736));
#458=EDGE_LOOP('',(#2737,#2738,#2739,#2740));
#459=EDGE_LOOP('',(#2741,#2742,#2743,#2744));
#460=EDGE_LOOP('',(#2745,#2746,#2747,#2748));
#461=EDGE_LOOP('',(#2749,#2750,#2751,#2752));
#462=EDGE_LOOP('',(#2753,#2754,#2755,#2756));
#463=EDGE_LOOP('',(#2757,#2758,#2759,#2760));
#464=EDGE_LOOP('',(#2761,#2762,#2763,#2764));
#465=EDGE_LOOP('',(#2765,#2766,#2767,#2768));
#466=EDGE_LOOP('',(#2769,#2770,#2771,#2772));
#467=EDGE_LOOP('',(#2773,#2774,#2775,#2776));
#468=EDGE_LOOP('',(#2777,#2778,#2779,#2780));
#469=EDGE_LOOP('',(#2781,#2782,#2783,#2784));
#470=EDGE_LOOP('',(#2785,#2786,#2787,#2788));
#471=EDGE_LOOP('',(#2789,#2790,#2791,#2792));
#472=EDGE_LOOP('',(#2793,#2794,#2795,#2796));
#473=EDGE_LOOP('',(#2797,#2798,#2799,#2800));
#474=EDGE_LOOP('',(#2801,#2802,#2803,#2804));
#475=EDGE_LOOP('',(#2805,#2806,#2807,#2808));
#476=EDGE_LOOP('',(#2809,#2810,#2811,#2812));
#477=EDGE_LOOP('',(#2813,#2814,#2815,#2816));
#478=EDGE_LOOP('',(#2817,#2818,#2819,#2820));
#479=EDGE_LOOP('',(#2821,#2822,#2823,#2824));
#480=EDGE_LOOP('',(#2825,#2826,#2827,#2828));
#481=EDGE_LOOP('',(#2829,#2830,#2831,#2832));
#482=EDGE_LOOP('',(#2833,#2834,#2835,#2836));
#483=EDGE_LOOP('',(#2837,#2838,#2839,#2840));
#484=EDGE_LOOP('',(#2841,#2842,#2843,#2844));
#485=EDGE_LOOP('',(#2845,#2846,#2847,#2848));
#486=EDGE_LOOP('',(#2849,#2850,#2851,#2852));
#487=EDGE_LOOP('',(#2853,#2854,#2855,#2856));
#488=EDGE_LOOP('',(#2857,#2858,#2859,#2860));
#489=EDGE_LOOP('',(#2861,#2862,#2863,#2864));
#490=EDGE_LOOP('',(#2865,#2866,#2867,#2868));
#491=EDGE_LOOP('',(#2869,#2870,#2871,#2872));
#492=EDGE_LOOP('',(#2873,#2874,#2875,#2876));
#493=EDGE_LOOP('',(#2877,#2878,#2879,#2880));
#494=EDGE_LOOP('',(#2881,#2882,#2883,#2884));
#495=EDGE_LOOP('',(#2885,#2886,#2887,#2888));
#496=EDGE_LOOP('',(#2889,#2890,#2891,#2892));
#497=EDGE_LOOP('',(#2893,#2894,#2895,#2896));
#498=EDGE_LOOP('',(#2897,#2898,#2899,#2900));
#499=EDGE_LOOP('',(#2901,#2902,#2903,#2904));
#500=EDGE_LOOP('',(#2905,#2906,#2907,#2908));
#501=EDGE_LOOP('',(#2909,#2910,#2911,#2912));
#502=EDGE_LOOP('',(#2913,#2914,#2915,#2916));
#503=EDGE_LOOP('',(#2917,#2918,#2919,#2920));
#504=EDGE_LOOP('',(#2921,#2922,#2923,#2924));
#505=EDGE_LOOP('',(#2925,#2926,#2927,#2928));
#506=EDGE_LOOP('',(#2929,#2930,#2931,#2932));
#507=EDGE_LOOP('',(#2933,#2934,#2935,#2936));
#508=EDGE_LOOP('',(#2937,#2938,#2939,#2940));
#509=EDGE_LOOP('',(#2941,#2942,#2943,#2944));
#510=EDGE_LOOP('',(#2945,#2946,#2947,#2948));
#511=EDGE_LOOP('',(#2949,#2950,#2951,#2952));
#512=EDGE_LOOP('',(#2953,#2954,#2955,#2956));
#513=EDGE_LOOP('',(#2957,#2958,#2959,#2960));
#514=EDGE_LOOP('',(#2961,#2962,#2963,#2964));
#515=EDGE_LOOP('',(#2965,#2966,#2967,#2968));
#516=EDGE_LOOP('',(#2969,#2970,#2971,#2972));
#517=EDGE_LOOP('',(#2973,#2974,#2975,#2976));
#518=EDGE_LOOP('',(#2977,#2978,#2979,#2980));
#519=LINE('',#4542,#953);
#520=LINE('',#4544,#954);
#521=LINE('',#4546,#955);
#522=LINE('',#4547,#956);
#523=LINE('',#4550,#957);
#524=LINE('',#4552,#958);
#525=LINE('',#4553,#959);
#526=LINE('',#4556,#960);
#527=LINE('',#4558,#961);
#528=LINE('',#4559,#962);
#529=LINE('',#4561,#963);
#530=LINE('',#4562,#964);
#531=LINE('',#4565,#965);
#532=LINE('',#4567,#966);
#533=LINE('',#4568,#967);
#534=LINE('',#4571,#968);
#535=LINE('',#4572,#969);
#536=LINE('',#4577,#970);
#537=LINE('',#4579,#971);
#538=LINE('',#4581,#972);
#539=LINE('',#4582,#973);
#540=LINE('',#4585,#974);
#541=LINE('',#4587,#975);
#542=LINE('',#4588,#976);
#543=LINE('',#4591,#977);
#544=LINE('',#4593,#978);
#545=LINE('',#4594,#979);
#546=LINE('',#4596,#980);
#547=LINE('',#4597,#981);
#548=LINE('',#4600,#982);
#549=LINE('',#4602,#983);
#550=LINE('',#4603,#984);
#551=LINE('',#4606,#985);
#552=LINE('',#4607,#986);
#553=LINE('',#4611,#987);
#554=LINE('',#4613,#988);
#555=LINE('',#4615,#989);
#556=LINE('',#4616,#990);
#557=LINE('',#4619,#991);
#558=LINE('',#4621,#992);
#559=LINE('',#4623,#993);
#560=LINE('',#4624,#994);
#561=LINE('',#4627,#995);
#562=LINE('',#4628,#996);
#563=LINE('',#4630,#997);
#564=LINE('',#4632,#998);
#565=LINE('',#4633,#999);
#566=LINE('',#4635,#1000);
#567=LINE('',#4637,#1001);
#568=LINE('',#4641,#1002);
#569=LINE('',#4643,#1003);
#570=LINE('',#4645,#1004);
#571=LINE('',#4646,#1005);
#572=LINE('',#4649,#1006);
#573=LINE('',#4651,#1007);
#574=LINE('',#4652,#1008);
#575=LINE('',#4656,#1009);
#576=LINE('',#4657,#1010);
#577=LINE('',#4658,#1011);
#578=LINE('',#4661,#1012);
#579=LINE('',#4663,#1013);
#580=LINE('',#4664,#1014);
#581=LINE('',#4667,#1015);
#582=LINE('',#4669,#1016);
#583=LINE('',#4670,#1017);
#584=LINE('',#4674,#1018);
#585=LINE('',#4675,#1019);
#586=LINE('',#4676,#1020);
#587=LINE('',#4678,#1021);
#588=LINE('',#4682,#1022);
#589=LINE('',#4683,#1023);
#590=LINE('',#4684,#1024);
#591=LINE('',#4687,#1025);
#592=LINE('',#4689,#1026);
#593=LINE('',#4690,#1027);
#594=LINE('',#4694,#1028);
#595=LINE('',#4695,#1029);
#596=LINE('',#4696,#1030);
#597=LINE('',#4698,#1031);
#598=LINE('',#4700,#1032);
#599=LINE('',#4702,#1033);
#600=LINE('',#4703,#1034);
#601=LINE('',#4705,#1035);
#602=LINE('',#4707,#1036);
#603=LINE('',#4709,#1037);
#604=LINE('',#4711,#1038);
#605=LINE('',#4712,#1039);
#606=LINE('',#4714,#1040);
#607=LINE('',#4715,#1041);
#608=LINE('',#4717,#1042);
#609=LINE('',#4719,#1043);
#610=LINE('',#4721,#1044);
#611=LINE('',#4722,#1045);
#612=LINE('',#4727,#1046);
#613=LINE('',#4729,#1047);
#614=LINE('',#4731,#1048);
#615=LINE('',#4733,#1049);
#616=LINE('',#4735,#1050);
#617=LINE('',#4736,#1051);
#618=LINE('',#4743,#1052);
#619=LINE('',#4744,#1053);
#620=LINE('',#4748,#1054);
#621=LINE('',#4750,#1055);
#622=LINE('',#4752,#1056);
#623=LINE('',#4754,#1057);
#624=LINE('',#4756,#1058);
#625=LINE('',#4757,#1059);
#626=LINE('',#4760,#1060);
#627=LINE('',#4762,#1061);
#628=LINE('',#4763,#1062);
#629=LINE('',#4766,#1063);
#630=LINE('',#4767,#1064);
#631=LINE('',#4770,#1065);
#632=LINE('',#4771,#1066);
#633=LINE('',#4774,#1067);
#634=LINE('',#4775,#1068);
#635=LINE('',#4778,#1069);
#636=LINE('',#4779,#1070);
#637=LINE('',#4781,#1071);
#638=LINE('',#4787,#1072);
#639=LINE('',#4789,#1073);
#640=LINE('',#4790,#1074);
#641=LINE('',#4793,#1075);
#642=LINE('',#4794,#1076);
#643=LINE('',#4797,#1077);
#644=LINE('',#4798,#1078);
#645=LINE('',#4801,#1079);
#646=LINE('',#4802,#1080);
#647=LINE('',#4805,#1081);
#648=LINE('',#4806,#1082);
#649=LINE('',#4808,#1083);
#650=LINE('',#4813,#1084);
#651=LINE('',#4816,#1085);
#652=LINE('',#4818,#1086);
#653=LINE('',#4823,#1087);
#654=LINE('',#4825,#1088);
#655=LINE('',#4827,#1089);
#656=LINE('',#4828,#1090);
#657=LINE('',#4831,#1091);
#658=LINE('',#4833,#1092);
#659=LINE('',#4834,#1093);
#660=LINE('',#4837,#1094);
#661=LINE('',#4839,#1095);
#662=LINE('',#4840,#1096);
#663=LINE('',#4842,#1097);
#664=LINE('',#4843,#1098);
#665=LINE('',#4849,#1099);
#666=LINE('',#4851,#1100);
#667=LINE('',#4853,#1101);
#668=LINE('',#4854,#1102);
#669=LINE('',#4857,#1103);
#670=LINE('',#4859,#1104);
#671=LINE('',#4860,#1105);
#672=LINE('',#4863,#1106);
#673=LINE('',#4865,#1107);
#674=LINE('',#4866,#1108);
#675=LINE('',#4868,#1109);
#676=LINE('',#4869,#1110);
#677=LINE('',#4875,#1111);
#678=LINE('',#4877,#1112);
#679=LINE('',#4879,#1113);
#680=LINE('',#4880,#1114);
#681=LINE('',#4883,#1115);
#682=LINE('',#4885,#1116);
#683=LINE('',#4886,#1117);
#684=LINE('',#4889,#1118);
#685=LINE('',#4891,#1119);
#686=LINE('',#4892,#1120);
#687=LINE('',#4894,#1121);
#688=LINE('',#4895,#1122);
#689=LINE('',#4901,#1123);
#690=LINE('',#4903,#1124);
#691=LINE('',#4905,#1125);
#692=LINE('',#4906,#1126);
#693=LINE('',#4909,#1127);
#694=LINE('',#4911,#1128);
#695=LINE('',#4912,#1129);
#696=LINE('',#4915,#1130);
#697=LINE('',#4917,#1131);
#698=LINE('',#4918,#1132);
#699=LINE('',#4920,#1133);
#700=LINE('',#4921,#1134);
#701=LINE('',#4927,#1135);
#702=LINE('',#4929,#1136);
#703=LINE('',#4931,#1137);
#704=LINE('',#4932,#1138);
#705=LINE('',#4935,#1139);
#706=LINE('',#4937,#1140);
#707=LINE('',#4938,#1141);
#708=LINE('',#4941,#1142);
#709=LINE('',#4943,#1143);
#710=LINE('',#4944,#1144);
#711=LINE('',#4946,#1145);
#712=LINE('',#4947,#1146);
#713=LINE('',#4953,#1147);
#714=LINE('',#4955,#1148);
#715=LINE('',#4957,#1149);
#716=LINE('',#4958,#1150);
#717=LINE('',#4961,#1151);
#718=LINE('',#4963,#1152);
#719=LINE('',#4964,#1153);
#720=LINE('',#4967,#1154);
#721=LINE('',#4969,#1155);
#722=LINE('',#4970,#1156);
#723=LINE('',#4972,#1157);
#724=LINE('',#4973,#1158);
#725=LINE('',#4979,#1159);
#726=LINE('',#4981,#1160);
#727=LINE('',#4983,#1161);
#728=LINE('',#4984,#1162);
#729=LINE('',#4987,#1163);
#730=LINE('',#4989,#1164);
#731=LINE('',#4990,#1165);
#732=LINE('',#4993,#1166);
#733=LINE('',#4995,#1167);
#734=LINE('',#4996,#1168);
#735=LINE('',#4998,#1169);
#736=LINE('',#4999,#1170);
#737=LINE('',#5005,#1171);
#738=LINE('',#5007,#1172);
#739=LINE('',#5009,#1173);
#740=LINE('',#5010,#1174);
#741=LINE('',#5013,#1175);
#742=LINE('',#5015,#1176);
#743=LINE('',#5016,#1177);
#744=LINE('',#5019,#1178);
#745=LINE('',#5021,#1179);
#746=LINE('',#5022,#1180);
#747=LINE('',#5024,#1181);
#748=LINE('',#5025,#1182);
#749=LINE('',#5031,#1183);
#750=LINE('',#5033,#1184);
#751=LINE('',#5035,#1185);
#752=LINE('',#5036,#1186);
#753=LINE('',#5039,#1187);
#754=LINE('',#5041,#1188);
#755=LINE('',#5042,#1189);
#756=LINE('',#5045,#1190);
#757=LINE('',#5047,#1191);
#758=LINE('',#5048,#1192);
#759=LINE('',#5050,#1193);
#760=LINE('',#5051,#1194);
#761=LINE('',#5057,#1195);
#762=LINE('',#5059,#1196);
#763=LINE('',#5061,#1197);
#764=LINE('',#5062,#1198);
#765=LINE('',#5065,#1199);
#766=LINE('',#5067,#1200);
#767=LINE('',#5068,#1201);
#768=LINE('',#5071,#1202);
#769=LINE('',#5073,#1203);
#770=LINE('',#5074,#1204);
#771=LINE('',#5076,#1205);
#772=LINE('',#5077,#1206);
#773=LINE('',#5083,#1207);
#774=LINE('',#5085,#1208);
#775=LINE('',#5087,#1209);
#776=LINE('',#5088,#1210);
#777=LINE('',#5091,#1211);
#778=LINE('',#5093,#1212);
#779=LINE('',#5094,#1213);
#780=LINE('',#5097,#1214);
#781=LINE('',#5099,#1215);
#782=LINE('',#5100,#1216);
#783=LINE('',#5102,#1217);
#784=LINE('',#5103,#1218);
#785=LINE('',#5109,#1219);
#786=LINE('',#5111,#1220);
#787=LINE('',#5113,#1221);
#788=LINE('',#5114,#1222);
#789=LINE('',#5117,#1223);
#790=LINE('',#5119,#1224);
#791=LINE('',#5120,#1225);
#792=LINE('',#5123,#1226);
#793=LINE('',#5125,#1227);
#794=LINE('',#5126,#1228);
#795=LINE('',#5128,#1229);
#796=LINE('',#5129,#1230);
#797=LINE('',#5135,#1231);
#798=LINE('',#5137,#1232);
#799=LINE('',#5139,#1233);
#800=LINE('',#5140,#1234);
#801=LINE('',#5143,#1235);
#802=LINE('',#5145,#1236);
#803=LINE('',#5146,#1237);
#804=LINE('',#5149,#1238);
#805=LINE('',#5151,#1239);
#806=LINE('',#5152,#1240);
#807=LINE('',#5154,#1241);
#808=LINE('',#5155,#1242);
#809=LINE('',#5161,#1243);
#810=LINE('',#5163,#1244);
#811=LINE('',#5165,#1245);
#812=LINE('',#5166,#1246);
#813=LINE('',#5169,#1247);
#814=LINE('',#5171,#1248);
#815=LINE('',#5172,#1249);
#816=LINE('',#5175,#1250);
#817=LINE('',#5177,#1251);
#818=LINE('',#5178,#1252);
#819=LINE('',#5180,#1253);
#820=LINE('',#5181,#1254);
#821=LINE('',#5187,#1255);
#822=LINE('',#5189,#1256);
#823=LINE('',#5191,#1257);
#824=LINE('',#5192,#1258);
#825=LINE('',#5195,#1259);
#826=LINE('',#5197,#1260);
#827=LINE('',#5198,#1261);
#828=LINE('',#5201,#1262);
#829=LINE('',#5203,#1263);
#830=LINE('',#5204,#1264);
#831=LINE('',#5206,#1265);
#832=LINE('',#5207,#1266);
#833=LINE('',#5213,#1267);
#834=LINE('',#5215,#1268);
#835=LINE('',#5217,#1269);
#836=LINE('',#5218,#1270);
#837=LINE('',#5221,#1271);
#838=LINE('',#5223,#1272);
#839=LINE('',#5224,#1273);
#840=LINE('',#5227,#1274);
#841=LINE('',#5229,#1275);
#842=LINE('',#5230,#1276);
#843=LINE('',#5232,#1277);
#844=LINE('',#5233,#1278);
#845=LINE('',#5239,#1279);
#846=LINE('',#5241,#1280);
#847=LINE('',#5243,#1281);
#848=LINE('',#5244,#1282);
#849=LINE('',#5247,#1283);
#850=LINE('',#5249,#1284);
#851=LINE('',#5250,#1285);
#852=LINE('',#5253,#1286);
#853=LINE('',#5255,#1287);
#854=LINE('',#5256,#1288);
#855=LINE('',#5258,#1289);
#856=LINE('',#5259,#1290);
#857=LINE('',#5265,#1291);
#858=LINE('',#5267,#1292);
#859=LINE('',#5269,#1293);
#860=LINE('',#5270,#1294);
#861=LINE('',#5273,#1295);
#862=LINE('',#5275,#1296);
#863=LINE('',#5276,#1297);
#864=LINE('',#5279,#1298);
#865=LINE('',#5281,#1299);
#866=LINE('',#5282,#1300);
#867=LINE('',#5284,#1301);
#868=LINE('',#5285,#1302);
#869=LINE('',#5291,#1303);
#870=LINE('',#5293,#1304);
#871=LINE('',#5295,#1305);
#872=LINE('',#5296,#1306);
#873=LINE('',#5299,#1307);
#874=LINE('',#5301,#1308);
#875=LINE('',#5302,#1309);
#876=LINE('',#5305,#1310);
#877=LINE('',#5307,#1311);
#878=LINE('',#5308,#1312);
#879=LINE('',#5310,#1313);
#880=LINE('',#5311,#1314);
#881=LINE('',#5317,#1315);
#882=LINE('',#5319,#1316);
#883=LINE('',#5321,#1317);
#884=LINE('',#5322,#1318);
#885=LINE('',#5325,#1319);
#886=LINE('',#5327,#1320);
#887=LINE('',#5328,#1321);
#888=LINE('',#5331,#1322);
#889=LINE('',#5333,#1323);
#890=LINE('',#5334,#1324);
#891=LINE('',#5336,#1325);
#892=LINE('',#5337,#1326);
#893=LINE('',#5343,#1327);
#894=LINE('',#5345,#1328);
#895=LINE('',#5347,#1329);
#896=LINE('',#5348,#1330);
#897=LINE('',#5351,#1331);
#898=LINE('',#5353,#1332);
#899=LINE('',#5354,#1333);
#900=LINE('',#5357,#1334);
#901=LINE('',#5359,#1335);
#902=LINE('',#5360,#1336);
#903=LINE('',#5362,#1337);
#904=LINE('',#5363,#1338);
#905=LINE('',#5369,#1339);
#906=LINE('',#5371,#1340);
#907=LINE('',#5373,#1341);
#908=LINE('',#5374,#1342);
#909=LINE('',#5377,#1343);
#910=LINE('',#5379,#1344);
#911=LINE('',#5380,#1345);
#912=LINE('',#5383,#1346);
#913=LINE('',#5385,#1347);
#914=LINE('',#5386,#1348);
#915=LINE('',#5388,#1349);
#916=LINE('',#5389,#1350);
#917=LINE('',#5395,#1351);
#918=LINE('',#5397,#1352);
#919=LINE('',#5399,#1353);
#920=LINE('',#5400,#1354);
#921=LINE('',#5403,#1355);
#922=LINE('',#5405,#1356);
#923=LINE('',#5406,#1357);
#924=LINE('',#5409,#1358);
#925=LINE('',#5411,#1359);
#926=LINE('',#5412,#1360);
#927=LINE('',#5414,#1361);
#928=LINE('',#5415,#1362);
#929=LINE('',#5421,#1363);
#930=LINE('',#5423,#1364);
#931=LINE('',#5425,#1365);
#932=LINE('',#5426,#1366);
#933=LINE('',#5429,#1367);
#934=LINE('',#5431,#1368);
#935=LINE('',#5432,#1369);
#936=LINE('',#5435,#1370);
#937=LINE('',#5437,#1371);
#938=LINE('',#5438,#1372);
#939=LINE('',#5440,#1373);
#940=LINE('',#5441,#1374);
#941=LINE('',#5447,#1375);
#942=LINE('',#5449,#1376);
#943=LINE('',#5451,#1377);
#944=LINE('',#5452,#1378);
#945=LINE('',#5455,#1379);
#946=LINE('',#5457,#1380);
#947=LINE('',#5458,#1381);
#948=LINE('',#5461,#1382);
#949=LINE('',#5463,#1383);
#950=LINE('',#5464,#1384);
#951=LINE('',#5466,#1385);
#952=LINE('',#5467,#1386);
#953=VECTOR('',#3669,10.);
#954=VECTOR('',#3670,10.);
#955=VECTOR('',#3671,10.);
#956=VECTOR('',#3672,10.);
#957=VECTOR('',#3675,10.);
#958=VECTOR('',#3676,10.);
#959=VECTOR('',#3677,10.);
#960=VECTOR('',#3680,10.);
#961=VECTOR('',#3681,10.);
#962=VECTOR('',#3682,10.);
#963=VECTOR('',#3685,10.);
#964=VECTOR('',#3686,10.);
#965=VECTOR('',#3689,10.);
#966=VECTOR('',#3690,10.);
#967=VECTOR('',#3691,10.);
#968=VECTOR('',#3694,10.);
#969=VECTOR('',#3695,10.);
#970=VECTOR('',#3700,10.);
#971=VECTOR('',#3701,10.);
#972=VECTOR('',#3702,10.);
#973=VECTOR('',#3703,10.);
#974=VECTOR('',#3706,10.);
#975=VECTOR('',#3707,10.);
#976=VECTOR('',#3708,10.);
#977=VECTOR('',#3711,10.);
#978=VECTOR('',#3712,10.);
#979=VECTOR('',#3713,10.);
#980=VECTOR('',#3716,10.);
#981=VECTOR('',#3717,10.);
#982=VECTOR('',#3720,10.);
#983=VECTOR('',#3721,10.);
#984=VECTOR('',#3722,10.);
#985=VECTOR('',#3725,10.);
#986=VECTOR('',#3726,10.);
#987=VECTOR('',#3729,10.);
#988=VECTOR('',#3730,10.);
#989=VECTOR('',#3731,10.);
#990=VECTOR('',#3732,10.);
#991=VECTOR('',#3735,10.);
#992=VECTOR('',#3736,10.);
#993=VECTOR('',#3737,10.);
#994=VECTOR('',#3738,10.);
#995=VECTOR('',#3741,10.);
#996=VECTOR('',#3742,10.);
#997=VECTOR('',#3745,10.);
#998=VECTOR('',#3746,10.);
#999=VECTOR('',#3747,10.);
#1000=VECTOR('',#3750,10.);
#1001=VECTOR('',#3753,10.);
#1002=VECTOR('',#3756,10.);
#1003=VECTOR('',#3757,10.);
#1004=VECTOR('',#3758,10.);
#1005=VECTOR('',#3759,10.);
#1006=VECTOR('',#3762,10.);
#1007=VECTOR('',#3763,10.);
#1008=VECTOR('',#3764,10.);
#1009=VECTOR('',#3767,10.);
#1010=VECTOR('',#3768,10.);
#1011=VECTOR('',#3769,10.);
#1012=VECTOR('',#3772,10.);
#1013=VECTOR('',#3773,10.);
#1014=VECTOR('',#3774,10.);
#1015=VECTOR('',#3777,10.);
#1016=VECTOR('',#3778,10.);
#1017=VECTOR('',#3779,10.);
#1018=VECTOR('',#3782,10.);
#1019=VECTOR('',#3783,10.);
#1020=VECTOR('',#3784,10.);
#1021=VECTOR('',#3787,10.);
#1022=VECTOR('',#3790,10.);
#1023=VECTOR('',#3791,10.);
#1024=VECTOR('',#3792,10.);
#1025=VECTOR('',#3795,10.);
#1026=VECTOR('',#3796,10.);
#1027=VECTOR('',#3797,10.);
#1028=VECTOR('',#3800,10.);
#1029=VECTOR('',#3801,10.);
#1030=VECTOR('',#3802,10.);
#1031=VECTOR('',#3805,10.);
#1032=VECTOR('',#3808,10.);
#1033=VECTOR('',#3811,10.);
#1034=VECTOR('',#3812,10.);
#1035=VECTOR('',#3815,10.);
#1036=VECTOR('',#3818,10.);
#1037=VECTOR('',#3821,10.);
#1038=VECTOR('',#3824,10.);
#1039=VECTOR('',#3825,10.);
#1040=VECTOR('',#3828,10.);
#1041=VECTOR('',#3829,10.);
#1042=VECTOR('',#3832,10.);
#1043=VECTOR('',#3835,10.);
#1044=VECTOR('',#3838,10.);
#1045=VECTOR('',#3839,10.);
#1046=VECTOR('',#3844,10.);
#1047=VECTOR('',#3845,10.);
#1048=VECTOR('',#3846,10.);
#1049=VECTOR('',#3847,10.);
#1050=VECTOR('',#3848,10.);
#1051=VECTOR('',#3849,10.);
#1052=VECTOR('',#3856,10.);
#1053=VECTOR('',#3857,10.);
#1054=VECTOR('',#3860,10.);
#1055=VECTOR('',#3861,10.);
#1056=VECTOR('',#3862,10.);
#1057=VECTOR('',#3863,10.);
#1058=VECTOR('',#3864,10.);
#1059=VECTOR('',#3865,10.);
#1060=VECTOR('',#3868,10.);
#1061=VECTOR('',#3869,10.);
#1062=VECTOR('',#3870,10.);
#1063=VECTOR('',#3873,10.);
#1064=VECTOR('',#3874,10.);
#1065=VECTOR('',#3877,10.);
#1066=VECTOR('',#3878,10.);
#1067=VECTOR('',#3881,10.);
#1068=VECTOR('',#3882,10.);
#1069=VECTOR('',#3885,10.);
#1070=VECTOR('',#3886,10.);
#1071=VECTOR('',#3889,10.);
#1072=VECTOR('',#3896,10.);
#1073=VECTOR('',#3897,10.);
#1074=VECTOR('',#3898,10.);
#1075=VECTOR('',#3901,10.);
#1076=VECTOR('',#3902,10.);
#1077=VECTOR('',#3905,10.);
#1078=VECTOR('',#3906,10.);
#1079=VECTOR('',#3909,10.);
#1080=VECTOR('',#3910,10.);
#1081=VECTOR('',#3913,10.);
#1082=VECTOR('',#3914,10.);
#1083=VECTOR('',#3917,10.);
#1084=VECTOR('',#3924,10.);
#1085=VECTOR('',#3929,3.00000000000001);
#1086=VECTOR('',#3932,3.);
#1087=VECTOR('',#3937,10.);
#1088=VECTOR('',#3938,10.);
#1089=VECTOR('',#3939,10.);
#1090=VECTOR('',#3940,10.);
#1091=VECTOR('',#3943,10.);
#1092=VECTOR('',#3944,10.);
#1093=VECTOR('',#3945,10.);
#1094=VECTOR('',#3948,10.);
#1095=VECTOR('',#3949,10.);
#1096=VECTOR('',#3950,10.);
#1097=VECTOR('',#3953,10.);
#1098=VECTOR('',#3954,10.);
#1099=VECTOR('',#3961,10.);
#1100=VECTOR('',#3962,10.);
#1101=VECTOR('',#3963,10.);
#1102=VECTOR('',#3964,10.);
#1103=VECTOR('',#3967,10.);
#1104=VECTOR('',#3968,10.);
#1105=VECTOR('',#3969,10.);
#1106=VECTOR('',#3972,10.);
#1107=VECTOR('',#3973,10.);
#1108=VECTOR('',#3974,10.);
#1109=VECTOR('',#3977,10.);
#1110=VECTOR('',#3978,10.);
#1111=VECTOR('',#3985,10.);
#1112=VECTOR('',#3986,10.);
#1113=VECTOR('',#3987,10.);
#1114=VECTOR('',#3988,10.);
#1115=VECTOR('',#3991,10.);
#1116=VECTOR('',#3992,10.);
#1117=VECTOR('',#3993,10.);
#1118=VECTOR('',#3996,10.);
#1119=VECTOR('',#3997,10.);
#1120=VECTOR('',#3998,10.);
#1121=VECTOR('',#4001,10.);
#1122=VECTOR('',#4002,10.);
#1123=VECTOR('',#4009,10.);
#1124=VECTOR('',#4010,10.);
#1125=VECTOR('',#4011,10.);
#1126=VECTOR('',#4012,10.);
#1127=VECTOR('',#4015,10.);
#1128=VECTOR('',#4016,10.);
#1129=VECTOR('',#4017,10.);
#1130=VECTOR('',#4020,10.);
#1131=VECTOR('',#4021,10.);
#1132=VECTOR('',#4022,10.);
#1133=VECTOR('',#4025,10.);
#1134=VECTOR('',#4026,10.);
#1135=VECTOR('',#4033,10.);
#1136=VECTOR('',#4034,10.);
#1137=VECTOR('',#4035,10.);
#1138=VECTOR('',#4036,10.);
#1139=VECTOR('',#4039,10.);
#1140=VECTOR('',#4040,10.);
#1141=VECTOR('',#4041,10.);
#1142=VECTOR('',#4044,10.);
#1143=VECTOR('',#4045,10.);
#1144=VECTOR('',#4046,10.);
#1145=VECTOR('',#4049,10.);
#1146=VECTOR('',#4050,10.);
#1147=VECTOR('',#4057,10.);
#1148=VECTOR('',#4058,10.);
#1149=VECTOR('',#4059,10.);
#1150=VECTOR('',#4060,10.);
#1151=VECTOR('',#4063,10.);
#1152=VECTOR('',#4064,10.);
#1153=VECTOR('',#4065,10.);
#1154=VECTOR('',#4068,10.);
#1155=VECTOR('',#4069,10.);
#1156=VECTOR('',#4070,10.);
#1157=VECTOR('',#4073,10.);
#1158=VECTOR('',#4074,10.);
#1159=VECTOR('',#4081,10.);
#1160=VECTOR('',#4082,10.);
#1161=VECTOR('',#4083,10.);
#1162=VECTOR('',#4084,10.);
#1163=VECTOR('',#4087,10.);
#1164=VECTOR('',#4088,10.);
#1165=VECTOR('',#4089,10.);
#1166=VECTOR('',#4092,10.);
#1167=VECTOR('',#4093,10.);
#1168=VECTOR('',#4094,10.);
#1169=VECTOR('',#4097,10.);
#1170=VECTOR('',#4098,10.);
#1171=VECTOR('',#4105,10.);
#1172=VECTOR('',#4106,10.);
#1173=VECTOR('',#4107,10.);
#1174=VECTOR('',#4108,10.);
#1175=VECTOR('',#4111,10.);
#1176=VECTOR('',#4112,10.);
#1177=VECTOR('',#4113,10.);
#1178=VECTOR('',#4116,10.);
#1179=VECTOR('',#4117,10.);
#1180=VECTOR('',#4118,10.);
#1181=VECTOR('',#4121,10.);
#1182=VECTOR('',#4122,10.);
#1183=VECTOR('',#4129,10.);
#1184=VECTOR('',#4130,10.);
#1185=VECTOR('',#4131,10.);
#1186=VECTOR('',#4132,10.);
#1187=VECTOR('',#4135,10.);
#1188=VECTOR('',#4136,10.);
#1189=VECTOR('',#4137,10.);
#1190=VECTOR('',#4140,10.);
#1191=VECTOR('',#4141,10.);
#1192=VECTOR('',#4142,10.);
#1193=VECTOR('',#4145,10.);
#1194=VECTOR('',#4146,10.);
#1195=VECTOR('',#4153,10.);
#1196=VECTOR('',#4154,10.);
#1197=VECTOR('',#4155,10.);
#1198=VECTOR('',#4156,10.);
#1199=VECTOR('',#4159,10.);
#1200=VECTOR('',#4160,10.);
#1201=VECTOR('',#4161,10.);
#1202=VECTOR('',#4164,10.);
#1203=VECTOR('',#4165,10.);
#1204=VECTOR('',#4166,10.);
#1205=VECTOR('',#4169,10.);
#1206=VECTOR('',#4170,10.);
#1207=VECTOR('',#4177,10.);
#1208=VECTOR('',#4178,10.);
#1209=VECTOR('',#4179,10.);
#1210=VECTOR('',#4180,10.);
#1211=VECTOR('',#4183,10.);
#1212=VECTOR('',#4184,10.);
#1213=VECTOR('',#4185,10.);
#1214=VECTOR('',#4188,10.);
#1215=VECTOR('',#4189,10.);
#1216=VECTOR('',#4190,10.);
#1217=VECTOR('',#4193,10.);
#1218=VECTOR('',#4194,10.);
#1219=VECTOR('',#4201,10.);
#1220=VECTOR('',#4202,10.);
#1221=VECTOR('',#4203,10.);
#1222=VECTOR('',#4204,10.);
#1223=VECTOR('',#4207,10.);
#1224=VECTOR('',#4208,10.);
#1225=VECTOR('',#4209,10.);
#1226=VECTOR('',#4212,10.);
#1227=VECTOR('',#4213,10.);
#1228=VECTOR('',#4214,10.);
#1229=VECTOR('',#4217,10.);
#1230=VECTOR('',#4218,10.);
#1231=VECTOR('',#4225,10.);
#1232=VECTOR('',#4226,10.);
#1233=VECTOR('',#4227,10.);
#1234=VECTOR('',#4228,10.);
#1235=VECTOR('',#4231,10.);
#1236=VECTOR('',#4232,10.);
#1237=VECTOR('',#4233,10.);
#1238=VECTOR('',#4236,10.);
#1239=VECTOR('',#4237,10.);
#1240=VECTOR('',#4238,10.);
#1241=VECTOR('',#4241,10.);
#1242=VECTOR('',#4242,10.);
#1243=VECTOR('',#4249,10.);
#1244=VECTOR('',#4250,10.);
#1245=VECTOR('',#4251,10.);
#1246=VECTOR('',#4252,10.);
#1247=VECTOR('',#4255,10.);
#1248=VECTOR('',#4256,10.);
#1249=VECTOR('',#4257,10.);
#1250=VECTOR('',#4260,10.);
#1251=VECTOR('',#4261,10.);
#1252=VECTOR('',#4262,10.);
#1253=VECTOR('',#4265,10.);
#1254=VECTOR('',#4266,10.);
#1255=VECTOR('',#4273,10.);
#1256=VECTOR('',#4274,10.);
#1257=VECTOR('',#4275,10.);
#1258=VECTOR('',#4276,10.);
#1259=VECTOR('',#4279,10.);
#1260=VECTOR('',#4280,10.);
#1261=VECTOR('',#4281,10.);
#1262=VECTOR('',#4284,10.);
#1263=VECTOR('',#4285,10.);
#1264=VECTOR('',#4286,10.);
#1265=VECTOR('',#4289,10.);
#1266=VECTOR('',#4290,10.);
#1267=VECTOR('',#4297,10.);
#1268=VECTOR('',#4298,10.);
#1269=VECTOR('',#4299,10.);
#1270=VECTOR('',#4300,10.);
#1271=VECTOR('',#4303,10.);
#1272=VECTOR('',#4304,10.);
#1273=VECTOR('',#4305,10.);
#1274=VECTOR('',#4308,10.);
#1275=VECTOR('',#4309,10.);
#1276=VECTOR('',#4310,10.);
#1277=VECTOR('',#4313,10.);
#1278=VECTOR('',#4314,10.);
#1279=VECTOR('',#4321,10.);
#1280=VECTOR('',#4322,10.);
#1281=VECTOR('',#4323,10.);
#1282=VECTOR('',#4324,10.);
#1283=VECTOR('',#4327,10.);
#1284=VECTOR('',#4328,10.);
#1285=VECTOR('',#4329,10.);
#1286=VECTOR('',#4332,10.);
#1287=VECTOR('',#4333,10.);
#1288=VECTOR('',#4334,10.);
#1289=VECTOR('',#4337,10.);
#1290=VECTOR('',#4338,10.);
#1291=VECTOR('',#4345,10.);
#1292=VECTOR('',#4346,10.);
#1293=VECTOR('',#4347,10.);
#1294=VECTOR('',#4348,10.);
#1295=VECTOR('',#4351,10.);
#1296=VECTOR('',#4352,10.);
#1297=VECTOR('',#4353,10.);
#1298=VECTOR('',#4356,10.);
#1299=VECTOR('',#4357,10.);
#1300=VECTOR('',#4358,10.);
#1301=VECTOR('',#4361,10.);
#1302=VECTOR('',#4362,10.);
#1303=VECTOR('',#4369,10.);
#1304=VECTOR('',#4370,10.);
#1305=VECTOR('',#4371,10.);
#1306=VECTOR('',#4372,10.);
#1307=VECTOR('',#4375,10.);
#1308=VECTOR('',#4376,10.);
#1309=VECTOR('',#4377,10.);
#1310=VECTOR('',#4380,10.);
#1311=VECTOR('',#4381,10.);
#1312=VECTOR('',#4382,10.);
#1313=VECTOR('',#4385,10.);
#1314=VECTOR('',#4386,10.);
#1315=VECTOR('',#4393,10.);
#1316=VECTOR('',#4394,10.);
#1317=VECTOR('',#4395,10.);
#1318=VECTOR('',#4396,10.);
#1319=VECTOR('',#4399,10.);
#1320=VECTOR('',#4400,10.);
#1321=VECTOR('',#4401,10.);
#1322=VECTOR('',#4404,10.);
#1323=VECTOR('',#4405,10.);
#1324=VECTOR('',#4406,10.);
#1325=VECTOR('',#4409,10.);
#1326=VECTOR('',#4410,10.);
#1327=VECTOR('',#4417,10.);
#1328=VECTOR('',#4418,10.);
#1329=VECTOR('',#4419,10.);
#1330=VECTOR('',#4420,10.);
#1331=VECTOR('',#4423,10.);
#1332=VECTOR('',#4424,10.);
#1333=VECTOR('',#4425,10.);
#1334=VECTOR('',#4428,10.);
#1335=VECTOR('',#4429,10.);
#1336=VECTOR('',#4430,10.);
#1337=VECTOR('',#4433,10.);
#1338=VECTOR('',#4434,10.);
#1339=VECTOR('',#4441,10.);
#1340=VECTOR('',#4442,10.);
#1341=VECTOR('',#4443,10.);
#1342=VECTOR('',#4444,10.);
#1343=VECTOR('',#4447,10.);
#1344=VECTOR('',#4448,10.);
#1345=VECTOR('',#4449,10.);
#1346=VECTOR('',#4452,10.);
#1347=VECTOR('',#4453,10.);
#1348=VECTOR('',#4454,10.);
#1349=VECTOR('',#4457,10.);
#1350=VECTOR('',#4458,10.);
#1351=VECTOR('',#4465,10.);
#1352=VECTOR('',#4466,10.);
#1353=VECTOR('',#4467,10.);
#1354=VECTOR('',#4468,10.);
#1355=VECTOR('',#4471,10.);
#1356=VECTOR('',#4472,10.);
#1357=VECTOR('',#4473,10.);
#1358=VECTOR('',#4476,10.);
#1359=VECTOR('',#4477,10.);
#1360=VECTOR('',#4478,10.);
#1361=VECTOR('',#4481,10.);
#1362=VECTOR('',#4482,10.);
#1363=VECTOR('',#4489,10.);
#1364=VECTOR('',#4490,10.);
#1365=VECTOR('',#4491,10.);
#1366=VECTOR('',#4492,10.);
#1367=VECTOR('',#4495,10.);
#1368=VECTOR('',#4496,10.);
#1369=VECTOR('',#4497,10.);
#1370=VECTOR('',#4500,10.);
#1371=VECTOR('',#4501,10.);
#1372=VECTOR('',#4502,10.);
#1373=VECTOR('',#4505,10.);
#1374=VECTOR('',#4506,10.);
#1375=VECTOR('',#4513,10.);
#1376=VECTOR('',#4514,10.);
#1377=VECTOR('',#4515,10.);
#1378=VECTOR('',#4516,10.);
#1379=VECTOR('',#4519,10.);
#1380=VECTOR('',#4520,10.);
#1381=VECTOR('',#4521,10.);
#1382=VECTOR('',#4524,10.);
#1383=VECTOR('',#4525,10.);
#1384=VECTOR('',#4526,10.);
#1385=VECTOR('',#4529,10.);
#1386=VECTOR('',#4530,10.);
#1387=VERTEX_POINT('',#4540);
#1388=VERTEX_POINT('',#4541);
#1389=VERTEX_POINT('',#4543);
#1390=VERTEX_POINT('',#4545);
#1391=VERTEX_POINT('',#4549);
#1392=VERTEX_POINT('',#4551);
#1393=VERTEX_POINT('',#4555);
#1394=VERTEX_POINT('',#4557);
#1395=VERTEX_POINT('',#4564);
#1396=VERTEX_POINT('',#4566);
#1397=VERTEX_POINT('',#4570);
#1398=VERTEX_POINT('',#4575);
#1399=VERTEX_POINT('',#4576);
#1400=VERTEX_POINT('',#4578);
#1401=VERTEX_POINT('',#4580);
#1402=VERTEX_POINT('',#4584);
#1403=VERTEX_POINT('',#4586);
#1404=VERTEX_POINT('',#4590);
#1405=VERTEX_POINT('',#4592);
#1406=VERTEX_POINT('',#4599);
#1407=VERTEX_POINT('',#4601);
#1408=VERTEX_POINT('',#4605);
#1409=VERTEX_POINT('',#4609);
#1410=VERTEX_POINT('',#4610);
#1411=VERTEX_POINT('',#4612);
#1412=VERTEX_POINT('',#4614);
#1413=VERTEX_POINT('',#4618);
#1414=VERTEX_POINT('',#4620);
#1415=VERTEX_POINT('',#4622);
#1416=VERTEX_POINT('',#4626);
#1417=VERTEX_POINT('',#4631);
#1418=VERTEX_POINT('',#4639);
#1419=VERTEX_POINT('',#4640);
#1420=VERTEX_POINT('',#4642);
#1421=VERTEX_POINT('',#4644);
#1422=VERTEX_POINT('',#4648);
#1423=VERTEX_POINT('',#4650);
#1424=VERTEX_POINT('',#4654);
#1425=VERTEX_POINT('',#4655);
#1426=VERTEX_POINT('',#4660);
#1427=VERTEX_POINT('',#4662);
#1428=VERTEX_POINT('',#4666);
#1429=VERTEX_POINT('',#4668);
#1430=VERTEX_POINT('',#4672);
#1431=VERTEX_POINT('',#4673);
#1432=VERTEX_POINT('',#4680);
#1433=VERTEX_POINT('',#4681);
#1434=VERTEX_POINT('',#4686);
#1435=VERTEX_POINT('',#4688);
#1436=VERTEX_POINT('',#4692);
#1437=VERTEX_POINT('',#4693);
#1438=VERTEX_POINT('',#4725);
#1439=VERTEX_POINT('',#4726);
#1440=VERTEX_POINT('',#4728);
#1441=VERTEX_POINT('',#4730);
#1442=VERTEX_POINT('',#4732);
#1443=VERTEX_POINT('',#4734);
#1444=VERTEX_POINT('',#4738);
#1445=VERTEX_POINT('',#4740);
#1446=VERTEX_POINT('',#4742);
#1447=VERTEX_POINT('',#4746);
#1448=VERTEX_POINT('',#4747);
#1449=VERTEX_POINT('',#4749);
#1450=VERTEX_POINT('',#4751);
#1451=VERTEX_POINT('',#4753);
#1452=VERTEX_POINT('',#4755);
#1453=VERTEX_POINT('',#4759);
#1454=VERTEX_POINT('',#4761);
#1455=VERTEX_POINT('',#4765);
#1456=VERTEX_POINT('',#4769);
#1457=VERTEX_POINT('',#4773);
#1458=VERTEX_POINT('',#4777);
#1459=VERTEX_POINT('',#4783);
#1460=VERTEX_POINT('',#4786);
#1461=VERTEX_POINT('',#4788);
#1462=VERTEX_POINT('',#4792);
#1463=VERTEX_POINT('',#4796);
#1464=VERTEX_POINT('',#4800);
#1465=VERTEX_POINT('',#4804);
#1466=VERTEX_POINT('',#4810);
#1467=VERTEX_POINT('',#4821);
#1468=VERTEX_POINT('',#4822);
#1469=VERTEX_POINT('',#4824);
#1470=VERTEX_POINT('',#4826);
#1471=VERTEX_POINT('',#4830);
#1472=VERTEX_POINT('',#4832);
#1473=VERTEX_POINT('',#4836);
#1474=VERTEX_POINT('',#4838);
#1475=VERTEX_POINT('',#4847);
#1476=VERTEX_POINT('',#4848);
#1477=VERTEX_POINT('',#4850);
#1478=VERTEX_POINT('',#4852);
#1479=VERTEX_POINT('',#4856);
#1480=VERTEX_POINT('',#4858);
#1481=VERTEX_POINT('',#4862);
#1482=VERTEX_POINT('',#4864);
#1483=VERTEX_POINT('',#4873);
#1484=VERTEX_POINT('',#4874);
#1485=VERTEX_POINT('',#4876);
#1486=VERTEX_POINT('',#4878);
#1487=VERTEX_POINT('',#4882);
#1488=VERTEX_POINT('',#4884);
#1489=VERTEX_POINT('',#4888);
#1490=VERTEX_POINT('',#4890);
#1491=VERTEX_POINT('',#4899);
#1492=VERTEX_POINT('',#4900);
#1493=VERTEX_POINT('',#4902);
#1494=VERTEX_POINT('',#4904);
#1495=VERTEX_POINT('',#4908);
#1496=VERTEX_POINT('',#4910);
#1497=VERTEX_POINT('',#4914);
#1498=VERTEX_POINT('',#4916);
#1499=VERTEX_POINT('',#4925);
#1500=VERTEX_POINT('',#4926);
#1501=VERTEX_POINT('',#4928);
#1502=VERTEX_POINT('',#4930);
#1503=VERTEX_POINT('',#4934);
#1504=VERTEX_POINT('',#4936);
#1505=VERTEX_POINT('',#4940);
#1506=VERTEX_POINT('',#4942);
#1507=VERTEX_POINT('',#4951);
#1508=VERTEX_POINT('',#4952);
#1509=VERTEX_POINT('',#4954);
#1510=VERTEX_POINT('',#4956);
#1511=VERTEX_POINT('',#4960);
#1512=VERTEX_POINT('',#4962);
#1513=VERTEX_POINT('',#4966);
#1514=VERTEX_POINT('',#4968);
#1515=VERTEX_POINT('',#4977);
#1516=VERTEX_POINT('',#4978);
#1517=VERTEX_POINT('',#4980);
#1518=VERTEX_POINT('',#4982);
#1519=VERTEX_POINT('',#4986);
#1520=VERTEX_POINT('',#4988);
#1521=VERTEX_POINT('',#4992);
#1522=VERTEX_POINT('',#4994);
#1523=VERTEX_POINT('',#5003);
#1524=VERTEX_POINT('',#5004);
#1525=VERTEX_POINT('',#5006);
#1526=VERTEX_POINT('',#5008);
#1527=VERTEX_POINT('',#5012);
#1528=VERTEX_POINT('',#5014);
#1529=VERTEX_POINT('',#5018);
#1530=VERTEX_POINT('',#5020);
#1531=VERTEX_POINT('',#5029);
#1532=VERTEX_POINT('',#5030);
#1533=VERTEX_POINT('',#5032);
#1534=VERTEX_POINT('',#5034);
#1535=VERTEX_POINT('',#5038);
#1536=VERTEX_POINT('',#5040);
#1537=VERTEX_POINT('',#5044);
#1538=VERTEX_POINT('',#5046);
#1539=VERTEX_POINT('',#5055);
#1540=VERTEX_POINT('',#5056);
#1541=VERTEX_POINT('',#5058);
#1542=VERTEX_POINT('',#5060);
#1543=VERTEX_POINT('',#5064);
#1544=VERTEX_POINT('',#5066);
#1545=VERTEX_POINT('',#5070);
#1546=VERTEX_POINT('',#5072);
#1547=VERTEX_POINT('',#5081);
#1548=VERTEX_POINT('',#5082);
#1549=VERTEX_POINT('',#5084);
#1550=VERTEX_POINT('',#5086);
#1551=VERTEX_POINT('',#5090);
#1552=VERTEX_POINT('',#5092);
#1553=VERTEX_POINT('',#5096);
#1554=VERTEX_POINT('',#5098);
#1555=VERTEX_POINT('',#5107);
#1556=VERTEX_POINT('',#5108);
#1557=VERTEX_POINT('',#5110);
#1558=VERTEX_POINT('',#5112);
#1559=VERTEX_POINT('',#5116);
#1560=VERTEX_POINT('',#5118);
#1561=VERTEX_POINT('',#5122);
#1562=VERTEX_POINT('',#5124);
#1563=VERTEX_POINT('',#5133);
#1564=VERTEX_POINT('',#5134);
#1565=VERTEX_POINT('',#5136);
#1566=VERTEX_POINT('',#5138);
#1567=VERTEX_POINT('',#5142);
#1568=VERTEX_POINT('',#5144);
#1569=VERTEX_POINT('',#5148);
#1570=VERTEX_POINT('',#5150);
#1571=VERTEX_POINT('',#5159);
#1572=VERTEX_POINT('',#5160);
#1573=VERTEX_POINT('',#5162);
#1574=VERTEX_POINT('',#5164);
#1575=VERTEX_POINT('',#5168);
#1576=VERTEX_POINT('',#5170);
#1577=VERTEX_POINT('',#5174);
#1578=VERTEX_POINT('',#5176);
#1579=VERTEX_POINT('',#5185);
#1580=VERTEX_POINT('',#5186);
#1581=VERTEX_POINT('',#5188);
#1582=VERTEX_POINT('',#5190);
#1583=VERTEX_POINT('',#5194);
#1584=VERTEX_POINT('',#5196);
#1585=VERTEX_POINT('',#5200);
#1586=VERTEX_POINT('',#5202);
#1587=VERTEX_POINT('',#5211);
#1588=VERTEX_POINT('',#5212);
#1589=VERTEX_POINT('',#5214);
#1590=VERTEX_POINT('',#5216);
#1591=VERTEX_POINT('',#5220);
#1592=VERTEX_POINT('',#5222);
#1593=VERTEX_POINT('',#5226);
#1594=VERTEX_POINT('',#5228);
#1595=VERTEX_POINT('',#5237);
#1596=VERTEX_POINT('',#5238);
#1597=VERTEX_POINT('',#5240);
#1598=VERTEX_POINT('',#5242);
#1599=VERTEX_POINT('',#5246);
#1600=VERTEX_POINT('',#5248);
#1601=VERTEX_POINT('',#5252);
#1602=VERTEX_POINT('',#5254);
#1603=VERTEX_POINT('',#5263);
#1604=VERTEX_POINT('',#5264);
#1605=VERTEX_POINT('',#5266);
#1606=VERTEX_POINT('',#5268);
#1607=VERTEX_POINT('',#5272);
#1608=VERTEX_POINT('',#5274);
#1609=VERTEX_POINT('',#5278);
#1610=VERTEX_POINT('',#5280);
#1611=VERTEX_POINT('',#5289);
#1612=VERTEX_POINT('',#5290);
#1613=VERTEX_POINT('',#5292);
#1614=VERTEX_POINT('',#5294);
#1615=VERTEX_POINT('',#5298);
#1616=VERTEX_POINT('',#5300);
#1617=VERTEX_POINT('',#5304);
#1618=VERTEX_POINT('',#5306);
#1619=VERTEX_POINT('',#5315);
#1620=VERTEX_POINT('',#5316);
#1621=VERTEX_POINT('',#5318);
#1622=VERTEX_POINT('',#5320);
#1623=VERTEX_POINT('',#5324);
#1624=VERTEX_POINT('',#5326);
#1625=VERTEX_POINT('',#5330);
#1626=VERTEX_POINT('',#5332);
#1627=VERTEX_POINT('',#5341);
#1628=VERTEX_POINT('',#5342);
#1629=VERTEX_POINT('',#5344);
#1630=VERTEX_POINT('',#5346);
#1631=VERTEX_POINT('',#5350);
#1632=VERTEX_POINT('',#5352);
#1633=VERTEX_POINT('',#5356);
#1634=VERTEX_POINT('',#5358);
#1635=VERTEX_POINT('',#5367);
#1636=VERTEX_POINT('',#5368);
#1637=VERTEX_POINT('',#5370);
#1638=VERTEX_POINT('',#5372);
#1639=VERTEX_POINT('',#5376);
#1640=VERTEX_POINT('',#5378);
#1641=VERTEX_POINT('',#5382);
#1642=VERTEX_POINT('',#5384);
#1643=VERTEX_POINT('',#5393);
#1644=VERTEX_POINT('',#5394);
#1645=VERTEX_POINT('',#5396);
#1646=VERTEX_POINT('',#5398);
#1647=VERTEX_POINT('',#5402);
#1648=VERTEX_POINT('',#5404);
#1649=VERTEX_POINT('',#5408);
#1650=VERTEX_POINT('',#5410);
#1651=VERTEX_POINT('',#5419);
#1652=VERTEX_POINT('',#5420);
#1653=VERTEX_POINT('',#5422);
#1654=VERTEX_POINT('',#5424);
#1655=VERTEX_POINT('',#5428);
#1656=VERTEX_POINT('',#5430);
#1657=VERTEX_POINT('',#5434);
#1658=VERTEX_POINT('',#5436);
#1659=VERTEX_POINT('',#5445);
#1660=VERTEX_POINT('',#5446);
#1661=VERTEX_POINT('',#5448);
#1662=VERTEX_POINT('',#5450);
#1663=VERTEX_POINT('',#5454);
#1664=VERTEX_POINT('',#5456);
#1665=VERTEX_POINT('',#5460);
#1666=VERTEX_POINT('',#5462);
#1667=EDGE_CURVE('',#1387,#1388,#519,.T.);
#1668=EDGE_CURVE('',#1388,#1389,#520,.T.);
#1669=EDGE_CURVE('',#1389,#1390,#521,.T.);
#1670=EDGE_CURVE('',#1390,#1387,#522,.T.);
#1671=EDGE_CURVE('',#1388,#1391,#523,.T.);
#1672=EDGE_CURVE('',#1391,#1392,#524,.T.);
#1673=EDGE_CURVE('',#1392,#1389,#525,.T.);
#1674=EDGE_CURVE('',#1393,#1392,#526,.T.);
#1675=EDGE_CURVE('',#1391,#1394,#527,.T.);
#1676=EDGE_CURVE('',#1394,#1393,#528,.T.);
#1677=EDGE_CURVE('',#1394,#1387,#529,.T.);
#1678=EDGE_CURVE('',#1390,#1393,#530,.T.);
#1679=EDGE_CURVE('',#1395,#1390,#531,.T.);
#1680=EDGE_CURVE('',#1395,#1396,#532,.T.);
#1681=EDGE_CURVE('',#1393,#1396,#533,.T.);
#1682=EDGE_CURVE('',#1389,#1397,#534,.T.);
#1683=EDGE_CURVE('',#1395,#1397,#535,.T.);
#1684=EDGE_CURVE('',#1398,#1399,#536,.T.);
#1685=EDGE_CURVE('',#1399,#1400,#537,.T.);
#1686=EDGE_CURVE('',#1400,#1401,#538,.T.);
#1687=EDGE_CURVE('',#1398,#1401,#539,.T.);
#1688=EDGE_CURVE('',#1399,#1402,#540,.T.);
#1689=EDGE_CURVE('',#1402,#1403,#541,.T.);
#1690=EDGE_CURVE('',#1403,#1400,#542,.T.);
#1691=EDGE_CURVE('',#1402,#1404,#543,.T.);
#1692=EDGE_CURVE('',#1404,#1405,#544,.T.);
#1693=EDGE_CURVE('',#1405,#1403,#545,.T.);
#1694=EDGE_CURVE('',#1401,#1405,#546,.T.);
#1695=EDGE_CURVE('',#1404,#1398,#547,.T.);
#1696=EDGE_CURVE('',#1406,#1401,#548,.T.);
#1697=EDGE_CURVE('',#1407,#1406,#549,.T.);
#1698=EDGE_CURVE('',#1407,#1405,#550,.T.);
#1699=EDGE_CURVE('',#1408,#1400,#551,.T.);
#1700=EDGE_CURVE('',#1406,#1408,#552,.T.);
#1701=EDGE_CURVE('',#1409,#1410,#553,.T.);
#1702=EDGE_CURVE('',#1411,#1409,#554,.T.);
#1703=EDGE_CURVE('',#1412,#1411,#555,.T.);
#1704=EDGE_CURVE('',#1410,#1412,#556,.T.);
#1705=EDGE_CURVE('',#1413,#1407,#557,.T.);
#1706=EDGE_CURVE('',#1407,#1414,#558,.T.);
#1707=EDGE_CURVE('',#1414,#1415,#559,.T.);
#1708=EDGE_CURVE('',#1415,#1413,#560,.T.);
#1709=EDGE_CURVE('',#1416,#1414,#561,.T.);
#1710=EDGE_CURVE('',#1416,#1406,#562,.T.);
#1711=EDGE_CURVE('',#1408,#1413,#563,.T.);
#1712=EDGE_CURVE('',#1415,#1417,#564,.T.);
#1713=EDGE_CURVE('',#1417,#1408,#565,.T.);
#1714=EDGE_CURVE('',#1417,#1416,#566,.T.);
#1715=EDGE_CURVE('',#1413,#1403,#567,.T.);
#1716=EDGE_CURVE('',#1418,#1419,#568,.T.);
#1717=EDGE_CURVE('',#1420,#1418,#569,.T.);
#1718=EDGE_CURVE('',#1421,#1420,#570,.T.);
#1719=EDGE_CURVE('',#1419,#1421,#571,.T.);
#1720=EDGE_CURVE('',#1422,#1411,#572,.T.);
#1721=EDGE_CURVE('',#1423,#1422,#573,.T.);
#1722=EDGE_CURVE('',#1411,#1423,#574,.T.);
#1723=EDGE_CURVE('',#1424,#1425,#575,.T.);
#1724=EDGE_CURVE('',#1418,#1424,#576,.T.);
#1725=EDGE_CURVE('',#1425,#1418,#577,.T.);
#1726=EDGE_CURVE('',#1426,#1412,#578,.T.);
#1727=EDGE_CURVE('',#1427,#1426,#579,.T.);
#1728=EDGE_CURVE('',#1412,#1427,#580,.T.);
#1729=EDGE_CURVE('',#1428,#1409,#581,.T.);
#1730=EDGE_CURVE('',#1429,#1428,#582,.T.);
#1731=EDGE_CURVE('',#1409,#1429,#583,.T.);
#1732=EDGE_CURVE('',#1430,#1431,#584,.T.);
#1733=EDGE_CURVE('',#1419,#1430,#585,.T.);
#1734=EDGE_CURVE('',#1431,#1419,#586,.T.);
#1735=EDGE_CURVE('',#1430,#1425,#587,.T.);
#1736=EDGE_CURVE('',#1432,#1433,#588,.T.);
#1737=EDGE_CURVE('',#1420,#1432,#589,.T.);
#1738=EDGE_CURVE('',#1433,#1420,#590,.T.);
#1739=EDGE_CURVE('',#1434,#1410,#591,.T.);
#1740=EDGE_CURVE('',#1435,#1434,#592,.T.);
#1741=EDGE_CURVE('',#1410,#1435,#593,.T.);
#1742=EDGE_CURVE('',#1436,#1437,#594,.T.);
#1743=EDGE_CURVE('',#1421,#1436,#595,.T.);
#1744=EDGE_CURVE('',#1437,#1421,#596,.T.);
#1745=EDGE_CURVE('',#1436,#1431,#597,.T.);
#1746=EDGE_CURVE('',#1432,#1437,#598,.T.);
#1747=EDGE_CURVE('',#1434,#1436,#599,.T.);
#1748=EDGE_CURVE('',#1437,#1435,#600,.T.);
#1749=EDGE_CURVE('',#1435,#1428,#601,.T.);
#1750=EDGE_CURVE('',#1427,#1434,#602,.T.);
#1751=EDGE_CURVE('',#1424,#1433,#603,.T.);
#1752=EDGE_CURVE('',#1428,#1432,#604,.T.);
#1753=EDGE_CURVE('',#1433,#1429,#605,.T.);
#1754=EDGE_CURVE('',#1426,#1430,#606,.T.);
#1755=EDGE_CURVE('',#1431,#1427,#607,.T.);
#1756=EDGE_CURVE('',#1429,#1422,#608,.T.);
#1757=EDGE_CURVE('',#1423,#1426,#609,.T.);
#1758=EDGE_CURVE('',#1422,#1424,#610,.T.);
#1759=EDGE_CURVE('',#1425,#1423,#611,.T.);
#1760=EDGE_CURVE('',#1438,#1439,#612,.T.);
#1761=EDGE_CURVE('',#1439,#1440,#613,.T.);
#1762=EDGE_CURVE('',#1440,#1441,#614,.T.);
#1763=EDGE_CURVE('',#1441,#1442,#615,.T.);
#1764=EDGE_CURVE('',#1442,#1443,#616,.T.);
#1765=EDGE_CURVE('',#1443,#1438,#617,.T.);
#1766=EDGE_CURVE('',#1444,#1444,#71,.T.);
#1767=EDGE_CURVE('',#1445,#1445,#72,.T.);
#1768=EDGE_CURVE('',#1446,#1396,#618,.T.);
#1769=EDGE_CURVE('',#1446,#1397,#619,.T.);
#1770=EDGE_CURVE('',#1447,#1448,#620,.T.);
#1771=EDGE_CURVE('',#1448,#1449,#621,.T.);
#1772=EDGE_CURVE('',#1449,#1450,#622,.T.);
#1773=EDGE_CURVE('',#1450,#1451,#623,.T.);
#1774=EDGE_CURVE('',#1451,#1452,#624,.T.);
#1775=EDGE_CURVE('',#1452,#1447,#625,.T.);
#1776=EDGE_CURVE('',#1441,#1453,#626,.T.);
#1777=EDGE_CURVE('',#1453,#1454,#627,.T.);
#1778=EDGE_CURVE('',#1442,#1454,#628,.T.);
#1779=EDGE_CURVE('',#1454,#1455,#629,.T.);
#1780=EDGE_CURVE('',#1443,#1455,#630,.T.);
#1781=EDGE_CURVE('',#1455,#1456,#631,.T.);
#1782=EDGE_CURVE('',#1438,#1456,#632,.T.);
#1783=EDGE_CURVE('',#1456,#1457,#633,.T.);
#1784=EDGE_CURVE('',#1439,#1457,#634,.T.);
#1785=EDGE_CURVE('',#1440,#1458,#635,.T.);
#1786=EDGE_CURVE('',#1458,#1453,#636,.T.);
#1787=EDGE_CURVE('',#1457,#1458,#637,.T.);
#1788=EDGE_CURVE('',#1459,#1459,#73,.T.);
#1789=EDGE_CURVE('',#1450,#1460,#638,.T.);
#1790=EDGE_CURVE('',#1460,#1461,#639,.T.);
#1791=EDGE_CURVE('',#1451,#1461,#640,.T.);
#1792=EDGE_CURVE('',#1461,#1462,#641,.T.);
#1793=EDGE_CURVE('',#1452,#1462,#642,.T.);
#1794=EDGE_CURVE('',#1462,#1463,#643,.T.);
#1795=EDGE_CURVE('',#1447,#1463,#644,.T.);
#1796=EDGE_CURVE('',#1463,#1464,#645,.T.);
#1797=EDGE_CURVE('',#1448,#1464,#646,.T.);
#1798=EDGE_CURVE('',#1449,#1465,#647,.T.);
#1799=EDGE_CURVE('',#1465,#1460,#648,.T.);
#1800=EDGE_CURVE('',#1464,#1465,#649,.T.);
#1801=EDGE_CURVE('',#1466,#1466,#74,.T.);
#1802=EDGE_CURVE('',#1446,#1392,#650,.T.);
#1803=EDGE_CURVE('',#1466,#1444,#651,.T.);
#1804=EDGE_CURVE('',#1459,#1445,#652,.T.);
#1805=EDGE_CURVE('',#1467,#1468,#653,.T.);
#1806=EDGE_CURVE('',#1469,#1467,#654,.T.);
#1807=EDGE_CURVE('',#1470,#1469,#655,.T.);
#1808=EDGE_CURVE('',#1470,#1468,#656,.T.);
#1809=EDGE_CURVE('',#1471,#1467,#657,.T.);
#1810=EDGE_CURVE('',#1472,#1471,#658,.T.);
#1811=EDGE_CURVE('',#1469,#1472,#659,.T.);
#1812=EDGE_CURVE('',#1473,#1471,#660,.T.);
#1813=EDGE_CURVE('',#1474,#1473,#661,.T.);
#1814=EDGE_CURVE('',#1472,#1474,#662,.T.);
#1815=EDGE_CURVE('',#1468,#1473,#663,.T.);
#1816=EDGE_CURVE('',#1474,#1470,#664,.T.);
#1817=EDGE_CURVE('',#1475,#1476,#665,.T.);
#1818=EDGE_CURVE('',#1477,#1475,#666,.T.);
#1819=EDGE_CURVE('',#1478,#1477,#667,.T.);
#1820=EDGE_CURVE('',#1478,#1476,#668,.T.);
#1821=EDGE_CURVE('',#1479,#1475,#669,.T.);
#1822=EDGE_CURVE('',#1480,#1479,#670,.T.);
#1823=EDGE_CURVE('',#1477,#1480,#671,.T.);
#1824=EDGE_CURVE('',#1481,#1479,#672,.T.);
#1825=EDGE_CURVE('',#1482,#1481,#673,.T.);
#1826=EDGE_CURVE('',#1480,#1482,#674,.T.);
#1827=EDGE_CURVE('',#1476,#1481,#675,.T.);
#1828=EDGE_CURVE('',#1482,#1478,#676,.T.);
#1829=EDGE_CURVE('',#1483,#1484,#677,.T.);
#1830=EDGE_CURVE('',#1485,#1483,#678,.T.);
#1831=EDGE_CURVE('',#1486,#1485,#679,.T.);
#1832=EDGE_CURVE('',#1486,#1484,#680,.T.);
#1833=EDGE_CURVE('',#1487,#1483,#681,.T.);
#1834=EDGE_CURVE('',#1488,#1487,#682,.T.);
#1835=EDGE_CURVE('',#1485,#1488,#683,.T.);
#1836=EDGE_CURVE('',#1489,#1487,#684,.T.);
#1837=EDGE_CURVE('',#1490,#1489,#685,.T.);
#1838=EDGE_CURVE('',#1488,#1490,#686,.T.);
#1839=EDGE_CURVE('',#1484,#1489,#687,.T.);
#1840=EDGE_CURVE('',#1490,#1486,#688,.T.);
#1841=EDGE_CURVE('',#1491,#1492,#689,.T.);
#1842=EDGE_CURVE('',#1493,#1491,#690,.T.);
#1843=EDGE_CURVE('',#1494,#1493,#691,.T.);
#1844=EDGE_CURVE('',#1494,#1492,#692,.T.);
#1845=EDGE_CURVE('',#1495,#1491,#693,.T.);
#1846=EDGE_CURVE('',#1496,#1495,#694,.T.);
#1847=EDGE_CURVE('',#1493,#1496,#695,.T.);
#1848=EDGE_CURVE('',#1497,#1495,#696,.T.);
#1849=EDGE_CURVE('',#1498,#1497,#697,.T.);
#1850=EDGE_CURVE('',#1496,#1498,#698,.T.);
#1851=EDGE_CURVE('',#1492,#1497,#699,.T.);
#1852=EDGE_CURVE('',#1498,#1494,#700,.T.);
#1853=EDGE_CURVE('',#1499,#1500,#701,.T.);
#1854=EDGE_CURVE('',#1501,#1499,#702,.T.);
#1855=EDGE_CURVE('',#1502,#1501,#703,.T.);
#1856=EDGE_CURVE('',#1502,#1500,#704,.T.);
#1857=EDGE_CURVE('',#1503,#1499,#705,.T.);
#1858=EDGE_CURVE('',#1504,#1503,#706,.T.);
#1859=EDGE_CURVE('',#1501,#1504,#707,.T.);
#1860=EDGE_CURVE('',#1505,#1503,#708,.T.);
#1861=EDGE_CURVE('',#1506,#1505,#709,.T.);
#1862=EDGE_CURVE('',#1504,#1506,#710,.T.);
#1863=EDGE_CURVE('',#1500,#1505,#711,.T.);
#1864=EDGE_CURVE('',#1506,#1502,#712,.T.);
#1865=EDGE_CURVE('',#1507,#1508,#713,.T.);
#1866=EDGE_CURVE('',#1509,#1507,#714,.T.);
#1867=EDGE_CURVE('',#1510,#1509,#715,.T.);
#1868=EDGE_CURVE('',#1510,#1508,#716,.T.);
#1869=EDGE_CURVE('',#1511,#1507,#717,.T.);
#1870=EDGE_CURVE('',#1512,#1511,#718,.T.);
#1871=EDGE_CURVE('',#1509,#1512,#719,.T.);
#1872=EDGE_CURVE('',#1513,#1511,#720,.T.);
#1873=EDGE_CURVE('',#1514,#1513,#721,.T.);
#1874=EDGE_CURVE('',#1512,#1514,#722,.T.);
#1875=EDGE_CURVE('',#1508,#1513,#723,.T.);
#1876=EDGE_CURVE('',#1514,#1510,#724,.T.);
#1877=EDGE_CURVE('',#1515,#1516,#725,.T.);
#1878=EDGE_CURVE('',#1517,#1515,#726,.T.);
#1879=EDGE_CURVE('',#1518,#1517,#727,.T.);
#1880=EDGE_CURVE('',#1518,#1516,#728,.T.);
#1881=EDGE_CURVE('',#1519,#1515,#729,.T.);
#1882=EDGE_CURVE('',#1520,#1519,#730,.T.);
#1883=EDGE_CURVE('',#1517,#1520,#731,.T.);
#1884=EDGE_CURVE('',#1521,#1519,#732,.T.);
#1885=EDGE_CURVE('',#1522,#1521,#733,.T.);
#1886=EDGE_CURVE('',#1520,#1522,#734,.T.);
#1887=EDGE_CURVE('',#1516,#1521,#735,.T.);
#1888=EDGE_CURVE('',#1522,#1518,#736,.T.);
#1889=EDGE_CURVE('',#1523,#1524,#737,.T.);
#1890=EDGE_CURVE('',#1525,#1523,#738,.T.);
#1891=EDGE_CURVE('',#1526,#1525,#739,.T.);
#1892=EDGE_CURVE('',#1526,#1524,#740,.T.);
#1893=EDGE_CURVE('',#1527,#1523,#741,.T.);
#1894=EDGE_CURVE('',#1528,#1527,#742,.T.);
#1895=EDGE_CURVE('',#1525,#1528,#743,.T.);
#1896=EDGE_CURVE('',#1529,#1527,#744,.T.);
#1897=EDGE_CURVE('',#1530,#1529,#745,.T.);
#1898=EDGE_CURVE('',#1528,#1530,#746,.T.);
#1899=EDGE_CURVE('',#1524,#1529,#747,.T.);
#1900=EDGE_CURVE('',#1530,#1526,#748,.T.);
#1901=EDGE_CURVE('',#1531,#1532,#749,.T.);
#1902=EDGE_CURVE('',#1533,#1531,#750,.T.);
#1903=EDGE_CURVE('',#1534,#1533,#751,.T.);
#1904=EDGE_CURVE('',#1534,#1532,#752,.T.);
#1905=EDGE_CURVE('',#1535,#1531,#753,.T.);
#1906=EDGE_CURVE('',#1536,#1535,#754,.T.);
#1907=EDGE_CURVE('',#1533,#1536,#755,.T.);
#1908=EDGE_CURVE('',#1537,#1535,#756,.T.);
#1909=EDGE_CURVE('',#1538,#1537,#757,.T.);
#1910=EDGE_CURVE('',#1536,#1538,#758,.T.);
#1911=EDGE_CURVE('',#1532,#1537,#759,.T.);
#1912=EDGE_CURVE('',#1538,#1534,#760,.T.);
#1913=EDGE_CURVE('',#1539,#1540,#761,.T.);
#1914=EDGE_CURVE('',#1541,#1539,#762,.T.);
#1915=EDGE_CURVE('',#1542,#1541,#763,.T.);
#1916=EDGE_CURVE('',#1542,#1540,#764,.T.);
#1917=EDGE_CURVE('',#1543,#1539,#765,.T.);
#1918=EDGE_CURVE('',#1544,#1543,#766,.T.);
#1919=EDGE_CURVE('',#1541,#1544,#767,.T.);
#1920=EDGE_CURVE('',#1545,#1543,#768,.T.);
#1921=EDGE_CURVE('',#1546,#1545,#769,.T.);
#1922=EDGE_CURVE('',#1544,#1546,#770,.T.);
#1923=EDGE_CURVE('',#1540,#1545,#771,.T.);
#1924=EDGE_CURVE('',#1546,#1542,#772,.T.);
#1925=EDGE_CURVE('',#1547,#1548,#773,.T.);
#1926=EDGE_CURVE('',#1549,#1547,#774,.T.);
#1927=EDGE_CURVE('',#1550,#1549,#775,.T.);
#1928=EDGE_CURVE('',#1550,#1548,#776,.T.);
#1929=EDGE_CURVE('',#1551,#1547,#777,.T.);
#1930=EDGE_CURVE('',#1552,#1551,#778,.T.);
#1931=EDGE_CURVE('',#1549,#1552,#779,.T.);
#1932=EDGE_CURVE('',#1553,#1551,#780,.T.);
#1933=EDGE_CURVE('',#1554,#1553,#781,.T.);
#1934=EDGE_CURVE('',#1552,#1554,#782,.T.);
#1935=EDGE_CURVE('',#1548,#1553,#783,.T.);
#1936=EDGE_CURVE('',#1554,#1550,#784,.T.);
#1937=EDGE_CURVE('',#1555,#1556,#785,.T.);
#1938=EDGE_CURVE('',#1557,#1555,#786,.T.);
#1939=EDGE_CURVE('',#1558,#1557,#787,.T.);
#1940=EDGE_CURVE('',#1558,#1556,#788,.T.);
#1941=EDGE_CURVE('',#1559,#1555,#789,.T.);
#1942=EDGE_CURVE('',#1560,#1559,#790,.T.);
#1943=EDGE_CURVE('',#1557,#1560,#791,.T.);
#1944=EDGE_CURVE('',#1561,#1559,#792,.T.);
#1945=EDGE_CURVE('',#1562,#1561,#793,.T.);
#1946=EDGE_CURVE('',#1560,#1562,#794,.T.);
#1947=EDGE_CURVE('',#1556,#1561,#795,.T.);
#1948=EDGE_CURVE('',#1562,#1558,#796,.T.);
#1949=EDGE_CURVE('',#1563,#1564,#797,.T.);
#1950=EDGE_CURVE('',#1565,#1563,#798,.T.);
#1951=EDGE_CURVE('',#1566,#1565,#799,.T.);
#1952=EDGE_CURVE('',#1566,#1564,#800,.T.);
#1953=EDGE_CURVE('',#1567,#1563,#801,.T.);
#1954=EDGE_CURVE('',#1568,#1567,#802,.T.);
#1955=EDGE_CURVE('',#1565,#1568,#803,.T.);
#1956=EDGE_CURVE('',#1569,#1567,#804,.T.);
#1957=EDGE_CURVE('',#1570,#1569,#805,.T.);
#1958=EDGE_CURVE('',#1568,#1570,#806,.T.);
#1959=EDGE_CURVE('',#1564,#1569,#807,.T.);
#1960=EDGE_CURVE('',#1570,#1566,#808,.T.);
#1961=EDGE_CURVE('',#1571,#1572,#809,.T.);
#1962=EDGE_CURVE('',#1573,#1571,#810,.T.);
#1963=EDGE_CURVE('',#1574,#1573,#811,.T.);
#1964=EDGE_CURVE('',#1574,#1572,#812,.T.);
#1965=EDGE_CURVE('',#1575,#1571,#813,.T.);
#1966=EDGE_CURVE('',#1576,#1575,#814,.T.);
#1967=EDGE_CURVE('',#1573,#1576,#815,.T.);
#1968=EDGE_CURVE('',#1577,#1575,#816,.T.);
#1969=EDGE_CURVE('',#1578,#1577,#817,.T.);
#1970=EDGE_CURVE('',#1576,#1578,#818,.T.);
#1971=EDGE_CURVE('',#1572,#1577,#819,.T.);
#1972=EDGE_CURVE('',#1578,#1574,#820,.T.);
#1973=EDGE_CURVE('',#1579,#1580,#821,.T.);
#1974=EDGE_CURVE('',#1581,#1579,#822,.T.);
#1975=EDGE_CURVE('',#1582,#1581,#823,.T.);
#1976=EDGE_CURVE('',#1582,#1580,#824,.T.);
#1977=EDGE_CURVE('',#1583,#1579,#825,.T.);
#1978=EDGE_CURVE('',#1584,#1583,#826,.T.);
#1979=EDGE_CURVE('',#1581,#1584,#827,.T.);
#1980=EDGE_CURVE('',#1585,#1583,#828,.T.);
#1981=EDGE_CURVE('',#1586,#1585,#829,.T.);
#1982=EDGE_CURVE('',#1584,#1586,#830,.T.);
#1983=EDGE_CURVE('',#1580,#1585,#831,.T.);
#1984=EDGE_CURVE('',#1586,#1582,#832,.T.);
#1985=EDGE_CURVE('',#1587,#1588,#833,.T.);
#1986=EDGE_CURVE('',#1589,#1587,#834,.T.);
#1987=EDGE_CURVE('',#1590,#1589,#835,.T.);
#1988=EDGE_CURVE('',#1590,#1588,#836,.T.);
#1989=EDGE_CURVE('',#1591,#1587,#837,.T.);
#1990=EDGE_CURVE('',#1592,#1591,#838,.T.);
#1991=EDGE_CURVE('',#1589,#1592,#839,.T.);
#1992=EDGE_CURVE('',#1593,#1591,#840,.T.);
#1993=EDGE_CURVE('',#1594,#1593,#841,.T.);
#1994=EDGE_CURVE('',#1592,#1594,#842,.T.);
#1995=EDGE_CURVE('',#1588,#1593,#843,.T.);
#1996=EDGE_CURVE('',#1594,#1590,#844,.T.);
#1997=EDGE_CURVE('',#1595,#1596,#845,.T.);
#1998=EDGE_CURVE('',#1597,#1595,#846,.T.);
#1999=EDGE_CURVE('',#1598,#1597,#847,.T.);
#2000=EDGE_CURVE('',#1598,#1596,#848,.T.);
#2001=EDGE_CURVE('',#1599,#1595,#849,.T.);
#2002=EDGE_CURVE('',#1600,#1599,#850,.T.);
#2003=EDGE_CURVE('',#1597,#1600,#851,.T.);
#2004=EDGE_CURVE('',#1601,#1599,#852,.T.);
#2005=EDGE_CURVE('',#1602,#1601,#853,.T.);
#2006=EDGE_CURVE('',#1600,#1602,#854,.T.);
#2007=EDGE_CURVE('',#1596,#1601,#855,.T.);
#2008=EDGE_CURVE('',#1602,#1598,#856,.T.);
#2009=EDGE_CURVE('',#1603,#1604,#857,.T.);
#2010=EDGE_CURVE('',#1605,#1603,#858,.T.);
#2011=EDGE_CURVE('',#1606,#1605,#859,.T.);
#2012=EDGE_CURVE('',#1606,#1604,#860,.T.);
#2013=EDGE_CURVE('',#1607,#1603,#861,.T.);
#2014=EDGE_CURVE('',#1608,#1607,#862,.T.);
#2015=EDGE_CURVE('',#1605,#1608,#863,.T.);
#2016=EDGE_CURVE('',#1609,#1607,#864,.T.);
#2017=EDGE_CURVE('',#1610,#1609,#865,.T.);
#2018=EDGE_CURVE('',#1608,#1610,#866,.T.);
#2019=EDGE_CURVE('',#1604,#1609,#867,.T.);
#2020=EDGE_CURVE('',#1610,#1606,#868,.T.);
#2021=EDGE_CURVE('',#1611,#1612,#869,.T.);
#2022=EDGE_CURVE('',#1613,#1611,#870,.T.);
#2023=EDGE_CURVE('',#1614,#1613,#871,.T.);
#2024=EDGE_CURVE('',#1614,#1612,#872,.T.);
#2025=EDGE_CURVE('',#1615,#1611,#873,.T.);
#2026=EDGE_CURVE('',#1616,#1615,#874,.T.);
#2027=EDGE_CURVE('',#1613,#1616,#875,.T.);
#2028=EDGE_CURVE('',#1617,#1615,#876,.T.);
#2029=EDGE_CURVE('',#1618,#1617,#877,.T.);
#2030=EDGE_CURVE('',#1616,#1618,#878,.T.);
#2031=EDGE_CURVE('',#1612,#1617,#879,.T.);
#2032=EDGE_CURVE('',#1618,#1614,#880,.T.);
#2033=EDGE_CURVE('',#1619,#1620,#881,.T.);
#2034=EDGE_CURVE('',#1621,#1619,#882,.T.);
#2035=EDGE_CURVE('',#1622,#1621,#883,.T.);
#2036=EDGE_CURVE('',#1622,#1620,#884,.T.);
#2037=EDGE_CURVE('',#1623,#1619,#885,.T.);
#2038=EDGE_CURVE('',#1624,#1623,#886,.T.);
#2039=EDGE_CURVE('',#1621,#1624,#887,.T.);
#2040=EDGE_CURVE('',#1625,#1623,#888,.T.);
#2041=EDGE_CURVE('',#1626,#1625,#889,.T.);
#2042=EDGE_CURVE('',#1624,#1626,#890,.T.);
#2043=EDGE_CURVE('',#1620,#1625,#891,.T.);
#2044=EDGE_CURVE('',#1626,#1622,#892,.T.);
#2045=EDGE_CURVE('',#1627,#1628,#893,.T.);
#2046=EDGE_CURVE('',#1629,#1627,#894,.T.);
#2047=EDGE_CURVE('',#1630,#1629,#895,.T.);
#2048=EDGE_CURVE('',#1630,#1628,#896,.T.);
#2049=EDGE_CURVE('',#1631,#1627,#897,.T.);
#2050=EDGE_CURVE('',#1632,#1631,#898,.T.);
#2051=EDGE_CURVE('',#1629,#1632,#899,.T.);
#2052=EDGE_CURVE('',#1633,#1631,#900,.T.);
#2053=EDGE_CURVE('',#1634,#1633,#901,.T.);
#2054=EDGE_CURVE('',#1632,#1634,#902,.T.);
#2055=EDGE_CURVE('',#1628,#1633,#903,.T.);
#2056=EDGE_CURVE('',#1634,#1630,#904,.T.);
#2057=EDGE_CURVE('',#1635,#1636,#905,.T.);
#2058=EDGE_CURVE('',#1637,#1635,#906,.T.);
#2059=EDGE_CURVE('',#1638,#1637,#907,.T.);
#2060=EDGE_CURVE('',#1638,#1636,#908,.T.);
#2061=EDGE_CURVE('',#1639,#1635,#909,.T.);
#2062=EDGE_CURVE('',#1640,#1639,#910,.T.);
#2063=EDGE_CURVE('',#1637,#1640,#911,.T.);
#2064=EDGE_CURVE('',#1641,#1639,#912,.T.);
#2065=EDGE_CURVE('',#1642,#1641,#913,.T.);
#2066=EDGE_CURVE('',#1640,#1642,#914,.T.);
#2067=EDGE_CURVE('',#1636,#1641,#915,.T.);
#2068=EDGE_CURVE('',#1642,#1638,#916,.T.);
#2069=EDGE_CURVE('',#1643,#1644,#917,.T.);
#2070=EDGE_CURVE('',#1645,#1643,#918,.T.);
#2071=EDGE_CURVE('',#1646,#1645,#919,.T.);
#2072=EDGE_CURVE('',#1646,#1644,#920,.T.);
#2073=EDGE_CURVE('',#1647,#1643,#921,.T.);
#2074=EDGE_CURVE('',#1648,#1647,#922,.T.);
#2075=EDGE_CURVE('',#1645,#1648,#923,.T.);
#2076=EDGE_CURVE('',#1649,#1647,#924,.T.);
#2077=EDGE_CURVE('',#1650,#1649,#925,.T.);
#2078=EDGE_CURVE('',#1648,#1650,#926,.T.);
#2079=EDGE_CURVE('',#1644,#1649,#927,.T.);
#2080=EDGE_CURVE('',#1650,#1646,#928,.T.);
#2081=EDGE_CURVE('',#1651,#1652,#929,.T.);
#2082=EDGE_CURVE('',#1653,#1651,#930,.T.);
#2083=EDGE_CURVE('',#1654,#1653,#931,.T.);
#2084=EDGE_CURVE('',#1654,#1652,#932,.T.);
#2085=EDGE_CURVE('',#1655,#1651,#933,.T.);
#2086=EDGE_CURVE('',#1656,#1655,#934,.T.);
#2087=EDGE_CURVE('',#1653,#1656,#935,.T.);
#2088=EDGE_CURVE('',#1657,#1655,#936,.T.);
#2089=EDGE_CURVE('',#1658,#1657,#937,.T.);
#2090=EDGE_CURVE('',#1656,#1658,#938,.T.);
#2091=EDGE_CURVE('',#1652,#1657,#939,.T.);
#2092=EDGE_CURVE('',#1658,#1654,#940,.T.);
#2093=EDGE_CURVE('',#1659,#1660,#941,.T.);
#2094=EDGE_CURVE('',#1661,#1659,#942,.T.);
#2095=EDGE_CURVE('',#1662,#1661,#943,.T.);
#2096=EDGE_CURVE('',#1662,#1660,#944,.T.);
#2097=EDGE_CURVE('',#1663,#1659,#945,.T.);
#2098=EDGE_CURVE('',#1664,#1663,#946,.T.);
#2099=EDGE_CURVE('',#1661,#1664,#947,.T.);
#2100=EDGE_CURVE('',#1665,#1663,#948,.T.);
#2101=EDGE_CURVE('',#1666,#1665,#949,.T.);
#2102=EDGE_CURVE('',#1664,#1666,#950,.T.);
#2103=EDGE_CURVE('',#1660,#1665,#951,.T.);
#2104=EDGE_CURVE('',#1666,#1662,#952,.T.);
#2105=ORIENTED_EDGE('',*,*,#1667,.T.);
#2106=ORIENTED_EDGE('',*,*,#1668,.T.);
#2107=ORIENTED_EDGE('',*,*,#1669,.T.);
#2108=ORIENTED_EDGE('',*,*,#1670,.T.);
#2109=ORIENTED_EDGE('',*,*,#1671,.T.);
#2110=ORIENTED_EDGE('',*,*,#1672,.T.);
#2111=ORIENTED_EDGE('',*,*,#1673,.T.);
#2112=ORIENTED_EDGE('',*,*,#1668,.F.);
#2113=ORIENTED_EDGE('',*,*,#1674,.T.);
#2114=ORIENTED_EDGE('',*,*,#1672,.F.);
#2115=ORIENTED_EDGE('',*,*,#1675,.T.);
#2116=ORIENTED_EDGE('',*,*,#1676,.T.);
#2117=ORIENTED_EDGE('',*,*,#1677,.T.);
#2118=ORIENTED_EDGE('',*,*,#1670,.F.);
#2119=ORIENTED_EDGE('',*,*,#1678,.T.);
#2120=ORIENTED_EDGE('',*,*,#1676,.F.);
#2121=ORIENTED_EDGE('',*,*,#1678,.F.);
#2122=ORIENTED_EDGE('',*,*,#1679,.F.);
#2123=ORIENTED_EDGE('',*,*,#1680,.T.);
#2124=ORIENTED_EDGE('',*,*,#1681,.F.);
#2125=ORIENTED_EDGE('',*,*,#1669,.F.);
#2126=ORIENTED_EDGE('',*,*,#1682,.T.);
#2127=ORIENTED_EDGE('',*,*,#1683,.F.);
#2128=ORIENTED_EDGE('',*,*,#1679,.T.);
#2129=ORIENTED_EDGE('',*,*,#1667,.F.);
#2130=ORIENTED_EDGE('',*,*,#1677,.F.);
#2131=ORIENTED_EDGE('',*,*,#1675,.F.);
#2132=ORIENTED_EDGE('',*,*,#1671,.F.);
#2133=ORIENTED_EDGE('',*,*,#1684,.T.);
#2134=ORIENTED_EDGE('',*,*,#1685,.T.);
#2135=ORIENTED_EDGE('',*,*,#1686,.T.);
#2136=ORIENTED_EDGE('',*,*,#1687,.F.);
#2137=ORIENTED_EDGE('',*,*,#1688,.T.);
#2138=ORIENTED_EDGE('',*,*,#1689,.T.);
#2139=ORIENTED_EDGE('',*,*,#1690,.T.);
#2140=ORIENTED_EDGE('',*,*,#1685,.F.);
#2141=ORIENTED_EDGE('',*,*,#1691,.T.);
#2142=ORIENTED_EDGE('',*,*,#1692,.T.);
#2143=ORIENTED_EDGE('',*,*,#1693,.T.);
#2144=ORIENTED_EDGE('',*,*,#1689,.F.);
#2145=ORIENTED_EDGE('',*,*,#1694,.T.);
#2146=ORIENTED_EDGE('',*,*,#1692,.F.);
#2147=ORIENTED_EDGE('',*,*,#1695,.T.);
#2148=ORIENTED_EDGE('',*,*,#1687,.T.);
#2149=ORIENTED_EDGE('',*,*,#1694,.F.);
#2150=ORIENTED_EDGE('',*,*,#1696,.F.);
#2151=ORIENTED_EDGE('',*,*,#1697,.F.);
#2152=ORIENTED_EDGE('',*,*,#1698,.T.);
#2153=ORIENTED_EDGE('',*,*,#1686,.F.);
#2154=ORIENTED_EDGE('',*,*,#1699,.F.);
#2155=ORIENTED_EDGE('',*,*,#1700,.F.);
#2156=ORIENTED_EDGE('',*,*,#1696,.T.);
#2157=ORIENTED_EDGE('',*,*,#1701,.F.);
#2158=ORIENTED_EDGE('',*,*,#1702,.F.);
#2159=ORIENTED_EDGE('',*,*,#1703,.F.);
#2160=ORIENTED_EDGE('',*,*,#1704,.F.);
#2161=ORIENTED_EDGE('',*,*,#1684,.F.);
#2162=ORIENTED_EDGE('',*,*,#1695,.F.);
#2163=ORIENTED_EDGE('',*,*,#1691,.F.);
#2164=ORIENTED_EDGE('',*,*,#1688,.F.);
#2165=ORIENTED_EDGE('',*,*,#1705,.T.);
#2166=ORIENTED_EDGE('',*,*,#1706,.T.);
#2167=ORIENTED_EDGE('',*,*,#1707,.T.);
#2168=ORIENTED_EDGE('',*,*,#1708,.T.);
#2169=ORIENTED_EDGE('',*,*,#1709,.T.);
#2170=ORIENTED_EDGE('',*,*,#1706,.F.);
#2171=ORIENTED_EDGE('',*,*,#1697,.T.);
#2172=ORIENTED_EDGE('',*,*,#1710,.F.);
#2173=ORIENTED_EDGE('',*,*,#1711,.T.);
#2174=ORIENTED_EDGE('',*,*,#1708,.F.);
#2175=ORIENTED_EDGE('',*,*,#1712,.T.);
#2176=ORIENTED_EDGE('',*,*,#1713,.T.);
#2177=ORIENTED_EDGE('',*,*,#1700,.T.);
#2178=ORIENTED_EDGE('',*,*,#1713,.F.);
#2179=ORIENTED_EDGE('',*,*,#1714,.T.);
#2180=ORIENTED_EDGE('',*,*,#1710,.T.);
#2181=ORIENTED_EDGE('',*,*,#1693,.F.);
#2182=ORIENTED_EDGE('',*,*,#1698,.F.);
#2183=ORIENTED_EDGE('',*,*,#1705,.F.);
#2184=ORIENTED_EDGE('',*,*,#1715,.T.);
#2185=ORIENTED_EDGE('',*,*,#1716,.F.);
#2186=ORIENTED_EDGE('',*,*,#1717,.F.);
#2187=ORIENTED_EDGE('',*,*,#1718,.F.);
#2188=ORIENTED_EDGE('',*,*,#1719,.F.);
#2189=ORIENTED_EDGE('',*,*,#1707,.F.);
#2190=ORIENTED_EDGE('',*,*,#1709,.F.);
#2191=ORIENTED_EDGE('',*,*,#1714,.F.);
#2192=ORIENTED_EDGE('',*,*,#1712,.F.);
#2193=ORIENTED_EDGE('',*,*,#1720,.F.);
#2194=ORIENTED_EDGE('',*,*,#1721,.F.);
#2195=ORIENTED_EDGE('',*,*,#1722,.F.);
#2196=ORIENTED_EDGE('',*,*,#1723,.F.);
#2197=ORIENTED_EDGE('',*,*,#1724,.F.);
#2198=ORIENTED_EDGE('',*,*,#1725,.F.);
#2199=ORIENTED_EDGE('',*,*,#1726,.F.);
#2200=ORIENTED_EDGE('',*,*,#1727,.F.);
#2201=ORIENTED_EDGE('',*,*,#1728,.F.);
#2202=ORIENTED_EDGE('',*,*,#1729,.F.);
#2203=ORIENTED_EDGE('',*,*,#1730,.F.);
#2204=ORIENTED_EDGE('',*,*,#1731,.F.);
#2205=ORIENTED_EDGE('',*,*,#1732,.F.);
#2206=ORIENTED_EDGE('',*,*,#1733,.F.);
#2207=ORIENTED_EDGE('',*,*,#1734,.F.);
#2208=ORIENTED_EDGE('',*,*,#1733,.T.);
#2209=ORIENTED_EDGE('',*,*,#1735,.T.);
#2210=ORIENTED_EDGE('',*,*,#1725,.T.);
#2211=ORIENTED_EDGE('',*,*,#1716,.T.);
#2212=ORIENTED_EDGE('',*,*,#1736,.F.);
#2213=ORIENTED_EDGE('',*,*,#1737,.F.);
#2214=ORIENTED_EDGE('',*,*,#1738,.F.);
#2215=ORIENTED_EDGE('',*,*,#1739,.F.);
#2216=ORIENTED_EDGE('',*,*,#1740,.F.);
#2217=ORIENTED_EDGE('',*,*,#1741,.F.);
#2218=ORIENTED_EDGE('',*,*,#1742,.F.);
#2219=ORIENTED_EDGE('',*,*,#1743,.F.);
#2220=ORIENTED_EDGE('',*,*,#1744,.F.);
#2221=ORIENTED_EDGE('',*,*,#1743,.T.);
#2222=ORIENTED_EDGE('',*,*,#1745,.T.);
#2223=ORIENTED_EDGE('',*,*,#1734,.T.);
#2224=ORIENTED_EDGE('',*,*,#1719,.T.);
#2225=ORIENTED_EDGE('',*,*,#1737,.T.);
#2226=ORIENTED_EDGE('',*,*,#1746,.T.);
#2227=ORIENTED_EDGE('',*,*,#1744,.T.);
#2228=ORIENTED_EDGE('',*,*,#1718,.T.);
#2229=ORIENTED_EDGE('',*,*,#1740,.T.);
#2230=ORIENTED_EDGE('',*,*,#1747,.T.);
#2231=ORIENTED_EDGE('',*,*,#1742,.T.);
#2232=ORIENTED_EDGE('',*,*,#1748,.T.);
#2233=ORIENTED_EDGE('',*,*,#1729,.T.);
#2234=ORIENTED_EDGE('',*,*,#1701,.T.);
#2235=ORIENTED_EDGE('',*,*,#1741,.T.);
#2236=ORIENTED_EDGE('',*,*,#1749,.T.);
#2237=ORIENTED_EDGE('',*,*,#1739,.T.);
#2238=ORIENTED_EDGE('',*,*,#1704,.T.);
#2239=ORIENTED_EDGE('',*,*,#1728,.T.);
#2240=ORIENTED_EDGE('',*,*,#1750,.T.);
#2241=ORIENTED_EDGE('',*,*,#1724,.T.);
#2242=ORIENTED_EDGE('',*,*,#1751,.T.);
#2243=ORIENTED_EDGE('',*,*,#1738,.T.);
#2244=ORIENTED_EDGE('',*,*,#1717,.T.);
#2245=ORIENTED_EDGE('',*,*,#1730,.T.);
#2246=ORIENTED_EDGE('',*,*,#1752,.T.);
#2247=ORIENTED_EDGE('',*,*,#1736,.T.);
#2248=ORIENTED_EDGE('',*,*,#1753,.T.);
#2249=ORIENTED_EDGE('',*,*,#1727,.T.);
#2250=ORIENTED_EDGE('',*,*,#1754,.T.);
#2251=ORIENTED_EDGE('',*,*,#1732,.T.);
#2252=ORIENTED_EDGE('',*,*,#1755,.T.);
#2253=ORIENTED_EDGE('',*,*,#1720,.T.);
#2254=ORIENTED_EDGE('',*,*,#1702,.T.);
#2255=ORIENTED_EDGE('',*,*,#1731,.T.);
#2256=ORIENTED_EDGE('',*,*,#1756,.T.);
#2257=ORIENTED_EDGE('',*,*,#1726,.T.);
#2258=ORIENTED_EDGE('',*,*,#1703,.T.);
#2259=ORIENTED_EDGE('',*,*,#1722,.T.);
#2260=ORIENTED_EDGE('',*,*,#1757,.T.);
#2261=ORIENTED_EDGE('',*,*,#1721,.T.);
#2262=ORIENTED_EDGE('',*,*,#1758,.T.);
#2263=ORIENTED_EDGE('',*,*,#1723,.T.);
#2264=ORIENTED_EDGE('',*,*,#1759,.T.);
#2265=ORIENTED_EDGE('',*,*,#1735,.F.);
#2266=ORIENTED_EDGE('',*,*,#1754,.F.);
#2267=ORIENTED_EDGE('',*,*,#1757,.F.);
#2268=ORIENTED_EDGE('',*,*,#1759,.F.);
#2269=ORIENTED_EDGE('',*,*,#1745,.F.);
#2270=ORIENTED_EDGE('',*,*,#1747,.F.);
#2271=ORIENTED_EDGE('',*,*,#1750,.F.);
#2272=ORIENTED_EDGE('',*,*,#1755,.F.);
#2273=ORIENTED_EDGE('',*,*,#1760,.T.);
#2274=ORIENTED_EDGE('',*,*,#1761,.T.);
#2275=ORIENTED_EDGE('',*,*,#1762,.T.);
#2276=ORIENTED_EDGE('',*,*,#1763,.T.);
#2277=ORIENTED_EDGE('',*,*,#1764,.T.);
#2278=ORIENTED_EDGE('',*,*,#1765,.T.);
#2279=ORIENTED_EDGE('',*,*,#1746,.F.);
#2280=ORIENTED_EDGE('',*,*,#1752,.F.);
#2281=ORIENTED_EDGE('',*,*,#1749,.F.);
#2282=ORIENTED_EDGE('',*,*,#1748,.F.);
#2283=ORIENTED_EDGE('',*,*,#1766,.T.);
#2284=ORIENTED_EDGE('',*,*,#1767,.T.);
#2285=ORIENTED_EDGE('',*,*,#1768,.T.);
#2286=ORIENTED_EDGE('',*,*,#1680,.F.);
#2287=ORIENTED_EDGE('',*,*,#1683,.T.);
#2288=ORIENTED_EDGE('',*,*,#1769,.F.);
#2289=ORIENTED_EDGE('',*,*,#1751,.F.);
#2290=ORIENTED_EDGE('',*,*,#1758,.F.);
#2291=ORIENTED_EDGE('',*,*,#1756,.F.);
#2292=ORIENTED_EDGE('',*,*,#1753,.F.);
#2293=ORIENTED_EDGE('',*,*,#1770,.T.);
#2294=ORIENTED_EDGE('',*,*,#1771,.T.);
#2295=ORIENTED_EDGE('',*,*,#1772,.T.);
#2296=ORIENTED_EDGE('',*,*,#1773,.T.);
#2297=ORIENTED_EDGE('',*,*,#1774,.T.);
#2298=ORIENTED_EDGE('',*,*,#1775,.T.);
#2299=ORIENTED_EDGE('',*,*,#1763,.F.);
#2300=ORIENTED_EDGE('',*,*,#1776,.T.);
#2301=ORIENTED_EDGE('',*,*,#1777,.T.);
#2302=ORIENTED_EDGE('',*,*,#1778,.F.);
#2303=ORIENTED_EDGE('',*,*,#1764,.F.);
#2304=ORIENTED_EDGE('',*,*,#1778,.T.);
#2305=ORIENTED_EDGE('',*,*,#1779,.T.);
#2306=ORIENTED_EDGE('',*,*,#1780,.F.);
#2307=ORIENTED_EDGE('',*,*,#1765,.F.);
#2308=ORIENTED_EDGE('',*,*,#1780,.T.);
#2309=ORIENTED_EDGE('',*,*,#1781,.T.);
#2310=ORIENTED_EDGE('',*,*,#1782,.F.);
#2311=ORIENTED_EDGE('',*,*,#1760,.F.);
#2312=ORIENTED_EDGE('',*,*,#1782,.T.);
#2313=ORIENTED_EDGE('',*,*,#1783,.T.);
#2314=ORIENTED_EDGE('',*,*,#1784,.F.);
#2315=ORIENTED_EDGE('',*,*,#1762,.F.);
#2316=ORIENTED_EDGE('',*,*,#1785,.T.);
#2317=ORIENTED_EDGE('',*,*,#1786,.T.);
#2318=ORIENTED_EDGE('',*,*,#1776,.F.);
#2319=ORIENTED_EDGE('',*,*,#1761,.F.);
#2320=ORIENTED_EDGE('',*,*,#1784,.T.);
#2321=ORIENTED_EDGE('',*,*,#1787,.T.);
#2322=ORIENTED_EDGE('',*,*,#1785,.F.);
#2323=ORIENTED_EDGE('',*,*,#1787,.F.);
#2324=ORIENTED_EDGE('',*,*,#1783,.F.);
#2325=ORIENTED_EDGE('',*,*,#1781,.F.);
#2326=ORIENTED_EDGE('',*,*,#1779,.F.);
#2327=ORIENTED_EDGE('',*,*,#1777,.F.);
#2328=ORIENTED_EDGE('',*,*,#1786,.F.);
#2329=ORIENTED_EDGE('',*,*,#1788,.F.);
#2330=ORIENTED_EDGE('',*,*,#1773,.F.);
#2331=ORIENTED_EDGE('',*,*,#1789,.T.);
#2332=ORIENTED_EDGE('',*,*,#1790,.T.);
#2333=ORIENTED_EDGE('',*,*,#1791,.F.);
#2334=ORIENTED_EDGE('',*,*,#1774,.F.);
#2335=ORIENTED_EDGE('',*,*,#1791,.T.);
#2336=ORIENTED_EDGE('',*,*,#1792,.T.);
#2337=ORIENTED_EDGE('',*,*,#1793,.F.);
#2338=ORIENTED_EDGE('',*,*,#1775,.F.);
#2339=ORIENTED_EDGE('',*,*,#1793,.T.);
#2340=ORIENTED_EDGE('',*,*,#1794,.T.);
#2341=ORIENTED_EDGE('',*,*,#1795,.F.);
#2342=ORIENTED_EDGE('',*,*,#1770,.F.);
#2343=ORIENTED_EDGE('',*,*,#1795,.T.);
#2344=ORIENTED_EDGE('',*,*,#1796,.T.);
#2345=ORIENTED_EDGE('',*,*,#1797,.F.);
#2346=ORIENTED_EDGE('',*,*,#1772,.F.);
#2347=ORIENTED_EDGE('',*,*,#1798,.T.);
#2348=ORIENTED_EDGE('',*,*,#1799,.T.);
#2349=ORIENTED_EDGE('',*,*,#1789,.F.);
#2350=ORIENTED_EDGE('',*,*,#1771,.F.);
#2351=ORIENTED_EDGE('',*,*,#1797,.T.);
#2352=ORIENTED_EDGE('',*,*,#1800,.T.);
#2353=ORIENTED_EDGE('',*,*,#1798,.F.);
#2354=ORIENTED_EDGE('',*,*,#1800,.F.);
#2355=ORIENTED_EDGE('',*,*,#1796,.F.);
#2356=ORIENTED_EDGE('',*,*,#1794,.F.);
#2357=ORIENTED_EDGE('',*,*,#1792,.F.);
#2358=ORIENTED_EDGE('',*,*,#1790,.F.);
#2359=ORIENTED_EDGE('',*,*,#1799,.F.);
#2360=ORIENTED_EDGE('',*,*,#1801,.F.);
#2361=ORIENTED_EDGE('',*,*,#1673,.F.);
#2362=ORIENTED_EDGE('',*,*,#1802,.F.);
#2363=ORIENTED_EDGE('',*,*,#1769,.T.);
#2364=ORIENTED_EDGE('',*,*,#1682,.F.);
#2365=ORIENTED_EDGE('',*,*,#1674,.F.);
#2366=ORIENTED_EDGE('',*,*,#1681,.T.);
#2367=ORIENTED_EDGE('',*,*,#1768,.F.);
#2368=ORIENTED_EDGE('',*,*,#1802,.T.);
#2369=ORIENTED_EDGE('',*,*,#1801,.T.);
#2370=ORIENTED_EDGE('',*,*,#1803,.T.);
#2371=ORIENTED_EDGE('',*,*,#1766,.F.);
#2372=ORIENTED_EDGE('',*,*,#1803,.F.);
#2373=ORIENTED_EDGE('',*,*,#1788,.T.);
#2374=ORIENTED_EDGE('',*,*,#1804,.T.);
#2375=ORIENTED_EDGE('',*,*,#1767,.F.);
#2376=ORIENTED_EDGE('',*,*,#1804,.F.);
#2377=ORIENTED_EDGE('',*,*,#1690,.F.);
#2378=ORIENTED_EDGE('',*,*,#1715,.F.);
#2379=ORIENTED_EDGE('',*,*,#1711,.F.);
#2380=ORIENTED_EDGE('',*,*,#1699,.T.);
#2381=ORIENTED_EDGE('',*,*,#1805,.F.);
#2382=ORIENTED_EDGE('',*,*,#1806,.F.);
#2383=ORIENTED_EDGE('',*,*,#1807,.F.);
#2384=ORIENTED_EDGE('',*,*,#1808,.T.);
#2385=ORIENTED_EDGE('',*,*,#1809,.F.);
#2386=ORIENTED_EDGE('',*,*,#1810,.F.);
#2387=ORIENTED_EDGE('',*,*,#1811,.F.);
#2388=ORIENTED_EDGE('',*,*,#1806,.T.);
#2389=ORIENTED_EDGE('',*,*,#1812,.F.);
#2390=ORIENTED_EDGE('',*,*,#1813,.F.);
#2391=ORIENTED_EDGE('',*,*,#1814,.F.);
#2392=ORIENTED_EDGE('',*,*,#1810,.T.);
#2393=ORIENTED_EDGE('',*,*,#1815,.F.);
#2394=ORIENTED_EDGE('',*,*,#1808,.F.);
#2395=ORIENTED_EDGE('',*,*,#1816,.F.);
#2396=ORIENTED_EDGE('',*,*,#1813,.T.);
#2397=ORIENTED_EDGE('',*,*,#1807,.T.);
#2398=ORIENTED_EDGE('',*,*,#1811,.T.);
#2399=ORIENTED_EDGE('',*,*,#1814,.T.);
#2400=ORIENTED_EDGE('',*,*,#1816,.T.);
#2401=ORIENTED_EDGE('',*,*,#1809,.T.);
#2402=ORIENTED_EDGE('',*,*,#1805,.T.);
#2403=ORIENTED_EDGE('',*,*,#1815,.T.);
#2404=ORIENTED_EDGE('',*,*,#1812,.T.);
#2405=ORIENTED_EDGE('',*,*,#1817,.F.);
#2406=ORIENTED_EDGE('',*,*,#1818,.F.);
#2407=ORIENTED_EDGE('',*,*,#1819,.F.);
#2408=ORIENTED_EDGE('',*,*,#1820,.T.);
#2409=ORIENTED_EDGE('',*,*,#1821,.F.);
#2410=ORIENTED_EDGE('',*,*,#1822,.F.);
#2411=ORIENTED_EDGE('',*,*,#1823,.F.);
#2412=ORIENTED_EDGE('',*,*,#1818,.T.);
#2413=ORIENTED_EDGE('',*,*,#1824,.F.);
#2414=ORIENTED_EDGE('',*,*,#1825,.F.);
#2415=ORIENTED_EDGE('',*,*,#1826,.F.);
#2416=ORIENTED_EDGE('',*,*,#1822,.T.);
#2417=ORIENTED_EDGE('',*,*,#1827,.F.);
#2418=ORIENTED_EDGE('',*,*,#1820,.F.);
#2419=ORIENTED_EDGE('',*,*,#1828,.F.);
#2420=ORIENTED_EDGE('',*,*,#1825,.T.);
#2421=ORIENTED_EDGE('',*,*,#1819,.T.);
#2422=ORIENTED_EDGE('',*,*,#1823,.T.);
#2423=ORIENTED_EDGE('',*,*,#1826,.T.);
#2424=ORIENTED_EDGE('',*,*,#1828,.T.);
#2425=ORIENTED_EDGE('',*,*,#1821,.T.);
#2426=ORIENTED_EDGE('',*,*,#1817,.T.);
#2427=ORIENTED_EDGE('',*,*,#1827,.T.);
#2428=ORIENTED_EDGE('',*,*,#1824,.T.);
#2429=ORIENTED_EDGE('',*,*,#1829,.F.);
#2430=ORIENTED_EDGE('',*,*,#1830,.F.);
#2431=ORIENTED_EDGE('',*,*,#1831,.F.);
#2432=ORIENTED_EDGE('',*,*,#1832,.T.);
#2433=ORIENTED_EDGE('',*,*,#1833,.F.);
#2434=ORIENTED_EDGE('',*,*,#1834,.F.);
#2435=ORIENTED_EDGE('',*,*,#1835,.F.);
#2436=ORIENTED_EDGE('',*,*,#1830,.T.);
#2437=ORIENTED_EDGE('',*,*,#1836,.F.);
#2438=ORIENTED_EDGE('',*,*,#1837,.F.);
#2439=ORIENTED_EDGE('',*,*,#1838,.F.);
#2440=ORIENTED_EDGE('',*,*,#1834,.T.);
#2441=ORIENTED_EDGE('',*,*,#1839,.F.);
#2442=ORIENTED_EDGE('',*,*,#1832,.F.);
#2443=ORIENTED_EDGE('',*,*,#1840,.F.);
#2444=ORIENTED_EDGE('',*,*,#1837,.T.);
#2445=ORIENTED_EDGE('',*,*,#1831,.T.);
#2446=ORIENTED_EDGE('',*,*,#1835,.T.);
#2447=ORIENTED_EDGE('',*,*,#1838,.T.);
#2448=ORIENTED_EDGE('',*,*,#1840,.T.);
#2449=ORIENTED_EDGE('',*,*,#1833,.T.);
#2450=ORIENTED_EDGE('',*,*,#1829,.T.);
#2451=ORIENTED_EDGE('',*,*,#1839,.T.);
#2452=ORIENTED_EDGE('',*,*,#1836,.T.);
#2453=ORIENTED_EDGE('',*,*,#1841,.F.);
#2454=ORIENTED_EDGE('',*,*,#1842,.F.);
#2455=ORIENTED_EDGE('',*,*,#1843,.F.);
#2456=ORIENTED_EDGE('',*,*,#1844,.T.);
#2457=ORIENTED_EDGE('',*,*,#1845,.F.);
#2458=ORIENTED_EDGE('',*,*,#1846,.F.);
#2459=ORIENTED_EDGE('',*,*,#1847,.F.);
#2460=ORIENTED_EDGE('',*,*,#1842,.T.);
#2461=ORIENTED_EDGE('',*,*,#1848,.F.);
#2462=ORIENTED_EDGE('',*,*,#1849,.F.);
#2463=ORIENTED_EDGE('',*,*,#1850,.F.);
#2464=ORIENTED_EDGE('',*,*,#1846,.T.);
#2465=ORIENTED_EDGE('',*,*,#1851,.F.);
#2466=ORIENTED_EDGE('',*,*,#1844,.F.);
#2467=ORIENTED_EDGE('',*,*,#1852,.F.);
#2468=ORIENTED_EDGE('',*,*,#1849,.T.);
#2469=ORIENTED_EDGE('',*,*,#1843,.T.);
#2470=ORIENTED_EDGE('',*,*,#1847,.T.);
#2471=ORIENTED_EDGE('',*,*,#1850,.T.);
#2472=ORIENTED_EDGE('',*,*,#1852,.T.);
#2473=ORIENTED_EDGE('',*,*,#1845,.T.);
#2474=ORIENTED_EDGE('',*,*,#1841,.T.);
#2475=ORIENTED_EDGE('',*,*,#1851,.T.);
#2476=ORIENTED_EDGE('',*,*,#1848,.T.);
#2477=ORIENTED_EDGE('',*,*,#1853,.F.);
#2478=ORIENTED_EDGE('',*,*,#1854,.F.);
#2479=ORIENTED_EDGE('',*,*,#1855,.F.);
#2480=ORIENTED_EDGE('',*,*,#1856,.T.);
#2481=ORIENTED_EDGE('',*,*,#1857,.F.);
#2482=ORIENTED_EDGE('',*,*,#1858,.F.);
#2483=ORIENTED_EDGE('',*,*,#1859,.F.);
#2484=ORIENTED_EDGE('',*,*,#1854,.T.);
#2485=ORIENTED_EDGE('',*,*,#1860,.F.);
#2486=ORIENTED_EDGE('',*,*,#1861,.F.);
#2487=ORIENTED_EDGE('',*,*,#1862,.F.);
#2488=ORIENTED_EDGE('',*,*,#1858,.T.);
#2489=ORIENTED_EDGE('',*,*,#1863,.F.);
#2490=ORIENTED_EDGE('',*,*,#1856,.F.);
#2491=ORIENTED_EDGE('',*,*,#1864,.F.);
#2492=ORIENTED_EDGE('',*,*,#1861,.T.);
#2493=ORIENTED_EDGE('',*,*,#1855,.T.);
#2494=ORIENTED_EDGE('',*,*,#1859,.T.);
#2495=ORIENTED_EDGE('',*,*,#1862,.T.);
#2496=ORIENTED_EDGE('',*,*,#1864,.T.);
#2497=ORIENTED_EDGE('',*,*,#1857,.T.);
#2498=ORIENTED_EDGE('',*,*,#1853,.T.);
#2499=ORIENTED_EDGE('',*,*,#1863,.T.);
#2500=ORIENTED_EDGE('',*,*,#1860,.T.);
#2501=ORIENTED_EDGE('',*,*,#1865,.F.);
#2502=ORIENTED_EDGE('',*,*,#1866,.F.);
#2503=ORIENTED_EDGE('',*,*,#1867,.F.);
#2504=ORIENTED_EDGE('',*,*,#1868,.T.);
#2505=ORIENTED_EDGE('',*,*,#1869,.F.);
#2506=ORIENTED_EDGE('',*,*,#1870,.F.);
#2507=ORIENTED_EDGE('',*,*,#1871,.F.);
#2508=ORIENTED_EDGE('',*,*,#1866,.T.);
#2509=ORIENTED_EDGE('',*,*,#1872,.F.);
#2510=ORIENTED_EDGE('',*,*,#1873,.F.);
#2511=ORIENTED_EDGE('',*,*,#1874,.F.);
#2512=ORIENTED_EDGE('',*,*,#1870,.T.);
#2513=ORIENTED_EDGE('',*,*,#1875,.F.);
#2514=ORIENTED_EDGE('',*,*,#1868,.F.);
#2515=ORIENTED_EDGE('',*,*,#1876,.F.);
#2516=ORIENTED_EDGE('',*,*,#1873,.T.);
#2517=ORIENTED_EDGE('',*,*,#1867,.T.);
#2518=ORIENTED_EDGE('',*,*,#1871,.T.);
#2519=ORIENTED_EDGE('',*,*,#1874,.T.);
#2520=ORIENTED_EDGE('',*,*,#1876,.T.);
#2521=ORIENTED_EDGE('',*,*,#1869,.T.);
#2522=ORIENTED_EDGE('',*,*,#1865,.T.);
#2523=ORIENTED_EDGE('',*,*,#1875,.T.);
#2524=ORIENTED_EDGE('',*,*,#1872,.T.);
#2525=ORIENTED_EDGE('',*,*,#1877,.F.);
#2526=ORIENTED_EDGE('',*,*,#1878,.F.);
#2527=ORIENTED_EDGE('',*,*,#1879,.F.);
#2528=ORIENTED_EDGE('',*,*,#1880,.T.);
#2529=ORIENTED_EDGE('',*,*,#1881,.F.);
#2530=ORIENTED_EDGE('',*,*,#1882,.F.);
#2531=ORIENTED_EDGE('',*,*,#1883,.F.);
#2532=ORIENTED_EDGE('',*,*,#1878,.T.);
#2533=ORIENTED_EDGE('',*,*,#1884,.F.);
#2534=ORIENTED_EDGE('',*,*,#1885,.F.);
#2535=ORIENTED_EDGE('',*,*,#1886,.F.);
#2536=ORIENTED_EDGE('',*,*,#1882,.T.);
#2537=ORIENTED_EDGE('',*,*,#1887,.F.);
#2538=ORIENTED_EDGE('',*,*,#1880,.F.);
#2539=ORIENTED_EDGE('',*,*,#1888,.F.);
#2540=ORIENTED_EDGE('',*,*,#1885,.T.);
#2541=ORIENTED_EDGE('',*,*,#1879,.T.);
#2542=ORIENTED_EDGE('',*,*,#1883,.T.);
#2543=ORIENTED_EDGE('',*,*,#1886,.T.);
#2544=ORIENTED_EDGE('',*,*,#1888,.T.);
#2545=ORIENTED_EDGE('',*,*,#1881,.T.);
#2546=ORIENTED_EDGE('',*,*,#1877,.T.);
#2547=ORIENTED_EDGE('',*,*,#1887,.T.);
#2548=ORIENTED_EDGE('',*,*,#1884,.T.);
#2549=ORIENTED_EDGE('',*,*,#1889,.F.);
#2550=ORIENTED_EDGE('',*,*,#1890,.F.);
#2551=ORIENTED_EDGE('',*,*,#1891,.F.);
#2552=ORIENTED_EDGE('',*,*,#1892,.T.);
#2553=ORIENTED_EDGE('',*,*,#1893,.F.);
#2554=ORIENTED_EDGE('',*,*,#1894,.F.);
#2555=ORIENTED_EDGE('',*,*,#1895,.F.);
#2556=ORIENTED_EDGE('',*,*,#1890,.T.);
#2557=ORIENTED_EDGE('',*,*,#1896,.F.);
#2558=ORIENTED_EDGE('',*,*,#1897,.F.);
#2559=ORIENTED_EDGE('',*,*,#1898,.F.);
#2560=ORIENTED_EDGE('',*,*,#1894,.T.);
#2561=ORIENTED_EDGE('',*,*,#1899,.F.);
#2562=ORIENTED_EDGE('',*,*,#1892,.F.);
#2563=ORIENTED_EDGE('',*,*,#1900,.F.);
#2564=ORIENTED_EDGE('',*,*,#1897,.T.);
#2565=ORIENTED_EDGE('',*,*,#1891,.T.);
#2566=ORIENTED_EDGE('',*,*,#1895,.T.);
#2567=ORIENTED_EDGE('',*,*,#1898,.T.);
#2568=ORIENTED_EDGE('',*,*,#1900,.T.);
#2569=ORIENTED_EDGE('',*,*,#1893,.T.);
#2570=ORIENTED_EDGE('',*,*,#1889,.T.);
#2571=ORIENTED_EDGE('',*,*,#1899,.T.);
#2572=ORIENTED_EDGE('',*,*,#1896,.T.);
#2573=ORIENTED_EDGE('',*,*,#1901,.F.);
#2574=ORIENTED_EDGE('',*,*,#1902,.F.);
#2575=ORIENTED_EDGE('',*,*,#1903,.F.);
#2576=ORIENTED_EDGE('',*,*,#1904,.T.);
#2577=ORIENTED_EDGE('',*,*,#1905,.F.);
#2578=ORIENTED_EDGE('',*,*,#1906,.F.);
#2579=ORIENTED_EDGE('',*,*,#1907,.F.);
#2580=ORIENTED_EDGE('',*,*,#1902,.T.);
#2581=ORIENTED_EDGE('',*,*,#1908,.F.);
#2582=ORIENTED_EDGE('',*,*,#1909,.F.);
#2583=ORIENTED_EDGE('',*,*,#1910,.F.);
#2584=ORIENTED_EDGE('',*,*,#1906,.T.);
#2585=ORIENTED_EDGE('',*,*,#1911,.F.);
#2586=ORIENTED_EDGE('',*,*,#1904,.F.);
#2587=ORIENTED_EDGE('',*,*,#1912,.F.);
#2588=ORIENTED_EDGE('',*,*,#1909,.T.);
#2589=ORIENTED_EDGE('',*,*,#1903,.T.);
#2590=ORIENTED_EDGE('',*,*,#1907,.T.);
#2591=ORIENTED_EDGE('',*,*,#1910,.T.);
#2592=ORIENTED_EDGE('',*,*,#1912,.T.);
#2593=ORIENTED_EDGE('',*,*,#1905,.T.);
#2594=ORIENTED_EDGE('',*,*,#1901,.T.);
#2595=ORIENTED_EDGE('',*,*,#1911,.T.);
#2596=ORIENTED_EDGE('',*,*,#1908,.T.);
#2597=ORIENTED_EDGE('',*,*,#1913,.F.);
#2598=ORIENTED_EDGE('',*,*,#1914,.F.);
#2599=ORIENTED_EDGE('',*,*,#1915,.F.);
#2600=ORIENTED_EDGE('',*,*,#1916,.T.);
#2601=ORIENTED_EDGE('',*,*,#1917,.F.);
#2602=ORIENTED_EDGE('',*,*,#1918,.F.);
#2603=ORIENTED_EDGE('',*,*,#1919,.F.);
#2604=ORIENTED_EDGE('',*,*,#1914,.T.);
#2605=ORIENTED_EDGE('',*,*,#1920,.F.);
#2606=ORIENTED_EDGE('',*,*,#1921,.F.);
#2607=ORIENTED_EDGE('',*,*,#1922,.F.);
#2608=ORIENTED_EDGE('',*,*,#1918,.T.);
#2609=ORIENTED_EDGE('',*,*,#1923,.F.);
#2610=ORIENTED_EDGE('',*,*,#1916,.F.);
#2611=ORIENTED_EDGE('',*,*,#1924,.F.);
#2612=ORIENTED_EDGE('',*,*,#1921,.T.);
#2613=ORIENTED_EDGE('',*,*,#1915,.T.);
#2614=ORIENTED_EDGE('',*,*,#1919,.T.);
#2615=ORIENTED_EDGE('',*,*,#1922,.T.);
#2616=ORIENTED_EDGE('',*,*,#1924,.T.);
#2617=ORIENTED_EDGE('',*,*,#1917,.T.);
#2618=ORIENTED_EDGE('',*,*,#1913,.T.);
#2619=ORIENTED_EDGE('',*,*,#1923,.T.);
#2620=ORIENTED_EDGE('',*,*,#1920,.T.);
#2621=ORIENTED_EDGE('',*,*,#1925,.F.);
#2622=ORIENTED_EDGE('',*,*,#1926,.F.);
#2623=ORIENTED_EDGE('',*,*,#1927,.F.);
#2624=ORIENTED_EDGE('',*,*,#1928,.T.);
#2625=ORIENTED_EDGE('',*,*,#1929,.F.);
#2626=ORIENTED_EDGE('',*,*,#1930,.F.);
#2627=ORIENTED_EDGE('',*,*,#1931,.F.);
#2628=ORIENTED_EDGE('',*,*,#1926,.T.);
#2629=ORIENTED_EDGE('',*,*,#1932,.F.);
#2630=ORIENTED_EDGE('',*,*,#1933,.F.);
#2631=ORIENTED_EDGE('',*,*,#1934,.F.);
#2632=ORIENTED_EDGE('',*,*,#1930,.T.);
#2633=ORIENTED_EDGE('',*,*,#1935,.F.);
#2634=ORIENTED_EDGE('',*,*,#1928,.F.);
#2635=ORIENTED_EDGE('',*,*,#1936,.F.);
#2636=ORIENTED_EDGE('',*,*,#1933,.T.);
#2637=ORIENTED_EDGE('',*,*,#1927,.T.);
#2638=ORIENTED_EDGE('',*,*,#1931,.T.);
#2639=ORIENTED_EDGE('',*,*,#1934,.T.);
#2640=ORIENTED_EDGE('',*,*,#1936,.T.);
#2641=ORIENTED_EDGE('',*,*,#1929,.T.);
#2642=ORIENTED_EDGE('',*,*,#1925,.T.);
#2643=ORIENTED_EDGE('',*,*,#1935,.T.);
#2644=ORIENTED_EDGE('',*,*,#1932,.T.);
#2645=ORIENTED_EDGE('',*,*,#1937,.F.);
#2646=ORIENTED_EDGE('',*,*,#1938,.F.);
#2647=ORIENTED_EDGE('',*,*,#1939,.F.);
#2648=ORIENTED_EDGE('',*,*,#1940,.T.);
#2649=ORIENTED_EDGE('',*,*,#1941,.F.);
#2650=ORIENTED_EDGE('',*,*,#1942,.F.);
#2651=ORIENTED_EDGE('',*,*,#1943,.F.);
#2652=ORIENTED_EDGE('',*,*,#1938,.T.);
#2653=ORIENTED_EDGE('',*,*,#1944,.F.);
#2654=ORIENTED_EDGE('',*,*,#1945,.F.);
#2655=ORIENTED_EDGE('',*,*,#1946,.F.);
#2656=ORIENTED_EDGE('',*,*,#1942,.T.);
#2657=ORIENTED_EDGE('',*,*,#1947,.F.);
#2658=ORIENTED_EDGE('',*,*,#1940,.F.);
#2659=ORIENTED_EDGE('',*,*,#1948,.F.);
#2660=ORIENTED_EDGE('',*,*,#1945,.T.);
#2661=ORIENTED_EDGE('',*,*,#1939,.T.);
#2662=ORIENTED_EDGE('',*,*,#1943,.T.);
#2663=ORIENTED_EDGE('',*,*,#1946,.T.);
#2664=ORIENTED_EDGE('',*,*,#1948,.T.);
#2665=ORIENTED_EDGE('',*,*,#1941,.T.);
#2666=ORIENTED_EDGE('',*,*,#1937,.T.);
#2667=ORIENTED_EDGE('',*,*,#1947,.T.);
#2668=ORIENTED_EDGE('',*,*,#1944,.T.);
#2669=ORIENTED_EDGE('',*,*,#1949,.F.);
#2670=ORIENTED_EDGE('',*,*,#1950,.F.);
#2671=ORIENTED_EDGE('',*,*,#1951,.F.);
#2672=ORIENTED_EDGE('',*,*,#1952,.T.);
#2673=ORIENTED_EDGE('',*,*,#1953,.F.);
#2674=ORIENTED_EDGE('',*,*,#1954,.F.);
#2675=ORIENTED_EDGE('',*,*,#1955,.F.);
#2676=ORIENTED_EDGE('',*,*,#1950,.T.);
#2677=ORIENTED_EDGE('',*,*,#1956,.F.);
#2678=ORIENTED_EDGE('',*,*,#1957,.F.);
#2679=ORIENTED_EDGE('',*,*,#1958,.F.);
#2680=ORIENTED_EDGE('',*,*,#1954,.T.);
#2681=ORIENTED_EDGE('',*,*,#1959,.F.);
#2682=ORIENTED_EDGE('',*,*,#1952,.F.);
#2683=ORIENTED_EDGE('',*,*,#1960,.F.);
#2684=ORIENTED_EDGE('',*,*,#1957,.T.);
#2685=ORIENTED_EDGE('',*,*,#1951,.T.);
#2686=ORIENTED_EDGE('',*,*,#1955,.T.);
#2687=ORIENTED_EDGE('',*,*,#1958,.T.);
#2688=ORIENTED_EDGE('',*,*,#1960,.T.);
#2689=ORIENTED_EDGE('',*,*,#1953,.T.);
#2690=ORIENTED_EDGE('',*,*,#1949,.T.);
#2691=ORIENTED_EDGE('',*,*,#1959,.T.);
#2692=ORIENTED_EDGE('',*,*,#1956,.T.);
#2693=ORIENTED_EDGE('',*,*,#1961,.F.);
#2694=ORIENTED_EDGE('',*,*,#1962,.F.);
#2695=ORIENTED_EDGE('',*,*,#1963,.F.);
#2696=ORIENTED_EDGE('',*,*,#1964,.T.);
#2697=ORIENTED_EDGE('',*,*,#1965,.F.);
#2698=ORIENTED_EDGE('',*,*,#1966,.F.);
#2699=ORIENTED_EDGE('',*,*,#1967,.F.);
#2700=ORIENTED_EDGE('',*,*,#1962,.T.);
#2701=ORIENTED_EDGE('',*,*,#1968,.F.);
#2702=ORIENTED_EDGE('',*,*,#1969,.F.);
#2703=ORIENTED_EDGE('',*,*,#1970,.F.);
#2704=ORIENTED_EDGE('',*,*,#1966,.T.);
#2705=ORIENTED_EDGE('',*,*,#1971,.F.);
#2706=ORIENTED_EDGE('',*,*,#1964,.F.);
#2707=ORIENTED_EDGE('',*,*,#1972,.F.);
#2708=ORIENTED_EDGE('',*,*,#1969,.T.);
#2709=ORIENTED_EDGE('',*,*,#1963,.T.);
#2710=ORIENTED_EDGE('',*,*,#1967,.T.);
#2711=ORIENTED_EDGE('',*,*,#1970,.T.);
#2712=ORIENTED_EDGE('',*,*,#1972,.T.);
#2713=ORIENTED_EDGE('',*,*,#1965,.T.);
#2714=ORIENTED_EDGE('',*,*,#1961,.T.);
#2715=ORIENTED_EDGE('',*,*,#1971,.T.);
#2716=ORIENTED_EDGE('',*,*,#1968,.T.);
#2717=ORIENTED_EDGE('',*,*,#1973,.F.);
#2718=ORIENTED_EDGE('',*,*,#1974,.F.);
#2719=ORIENTED_EDGE('',*,*,#1975,.F.);
#2720=ORIENTED_EDGE('',*,*,#1976,.T.);
#2721=ORIENTED_EDGE('',*,*,#1977,.F.);
#2722=ORIENTED_EDGE('',*,*,#1978,.F.);
#2723=ORIENTED_EDGE('',*,*,#1979,.F.);
#2724=ORIENTED_EDGE('',*,*,#1974,.T.);
#2725=ORIENTED_EDGE('',*,*,#1980,.F.);
#2726=ORIENTED_EDGE('',*,*,#1981,.F.);
#2727=ORIENTED_EDGE('',*,*,#1982,.F.);
#2728=ORIENTED_EDGE('',*,*,#1978,.T.);
#2729=ORIENTED_EDGE('',*,*,#1983,.F.);
#2730=ORIENTED_EDGE('',*,*,#1976,.F.);
#2731=ORIENTED_EDGE('',*,*,#1984,.F.);
#2732=ORIENTED_EDGE('',*,*,#1981,.T.);
#2733=ORIENTED_EDGE('',*,*,#1975,.T.);
#2734=ORIENTED_EDGE('',*,*,#1979,.T.);
#2735=ORIENTED_EDGE('',*,*,#1982,.T.);
#2736=ORIENTED_EDGE('',*,*,#1984,.T.);
#2737=ORIENTED_EDGE('',*,*,#1977,.T.);
#2738=ORIENTED_EDGE('',*,*,#1973,.T.);
#2739=ORIENTED_EDGE('',*,*,#1983,.T.);
#2740=ORIENTED_EDGE('',*,*,#1980,.T.);
#2741=ORIENTED_EDGE('',*,*,#1985,.F.);
#2742=ORIENTED_EDGE('',*,*,#1986,.F.);
#2743=ORIENTED_EDGE('',*,*,#1987,.F.);
#2744=ORIENTED_EDGE('',*,*,#1988,.T.);
#2745=ORIENTED_EDGE('',*,*,#1989,.F.);
#2746=ORIENTED_EDGE('',*,*,#1990,.F.);
#2747=ORIENTED_EDGE('',*,*,#1991,.F.);
#2748=ORIENTED_EDGE('',*,*,#1986,.T.);
#2749=ORIENTED_EDGE('',*,*,#1992,.F.);
#2750=ORIENTED_EDGE('',*,*,#1993,.F.);
#2751=ORIENTED_EDGE('',*,*,#1994,.F.);
#2752=ORIENTED_EDGE('',*,*,#1990,.T.);
#2753=ORIENTED_EDGE('',*,*,#1995,.F.);
#2754=ORIENTED_EDGE('',*,*,#1988,.F.);
#2755=ORIENTED_EDGE('',*,*,#1996,.F.);
#2756=ORIENTED_EDGE('',*,*,#1993,.T.);
#2757=ORIENTED_EDGE('',*,*,#1987,.T.);
#2758=ORIENTED_EDGE('',*,*,#1991,.T.);
#2759=ORIENTED_EDGE('',*,*,#1994,.T.);
#2760=ORIENTED_EDGE('',*,*,#1996,.T.);
#2761=ORIENTED_EDGE('',*,*,#1989,.T.);
#2762=ORIENTED_EDGE('',*,*,#1985,.T.);
#2763=ORIENTED_EDGE('',*,*,#1995,.T.);
#2764=ORIENTED_EDGE('',*,*,#1992,.T.);
#2765=ORIENTED_EDGE('',*,*,#1997,.F.);
#2766=ORIENTED_EDGE('',*,*,#1998,.F.);
#2767=ORIENTED_EDGE('',*,*,#1999,.F.);
#2768=ORIENTED_EDGE('',*,*,#2000,.T.);
#2769=ORIENTED_EDGE('',*,*,#2001,.F.);
#2770=ORIENTED_EDGE('',*,*,#2002,.F.);
#2771=ORIENTED_EDGE('',*,*,#2003,.F.);
#2772=ORIENTED_EDGE('',*,*,#1998,.T.);
#2773=ORIENTED_EDGE('',*,*,#2004,.F.);
#2774=ORIENTED_EDGE('',*,*,#2005,.F.);
#2775=ORIENTED_EDGE('',*,*,#2006,.F.);
#2776=ORIENTED_EDGE('',*,*,#2002,.T.);
#2777=ORIENTED_EDGE('',*,*,#2007,.F.);
#2778=ORIENTED_EDGE('',*,*,#2000,.F.);
#2779=ORIENTED_EDGE('',*,*,#2008,.F.);
#2780=ORIENTED_EDGE('',*,*,#2005,.T.);
#2781=ORIENTED_EDGE('',*,*,#1999,.T.);
#2782=ORIENTED_EDGE('',*,*,#2003,.T.);
#2783=ORIENTED_EDGE('',*,*,#2006,.T.);
#2784=ORIENTED_EDGE('',*,*,#2008,.T.);
#2785=ORIENTED_EDGE('',*,*,#2001,.T.);
#2786=ORIENTED_EDGE('',*,*,#1997,.T.);
#2787=ORIENTED_EDGE('',*,*,#2007,.T.);
#2788=ORIENTED_EDGE('',*,*,#2004,.T.);
#2789=ORIENTED_EDGE('',*,*,#2009,.F.);
#2790=ORIENTED_EDGE('',*,*,#2010,.F.);
#2791=ORIENTED_EDGE('',*,*,#2011,.F.);
#2792=ORIENTED_EDGE('',*,*,#2012,.T.);
#2793=ORIENTED_EDGE('',*,*,#2013,.F.);
#2794=ORIENTED_EDGE('',*,*,#2014,.F.);
#2795=ORIENTED_EDGE('',*,*,#2015,.F.);
#2796=ORIENTED_EDGE('',*,*,#2010,.T.);
#2797=ORIENTED_EDGE('',*,*,#2016,.F.);
#2798=ORIENTED_EDGE('',*,*,#2017,.F.);
#2799=ORIENTED_EDGE('',*,*,#2018,.F.);
#2800=ORIENTED_EDGE('',*,*,#2014,.T.);
#2801=ORIENTED_EDGE('',*,*,#2019,.F.);
#2802=ORIENTED_EDGE('',*,*,#2012,.F.);
#2803=ORIENTED_EDGE('',*,*,#2020,.F.);
#2804=ORIENTED_EDGE('',*,*,#2017,.T.);
#2805=ORIENTED_EDGE('',*,*,#2011,.T.);
#2806=ORIENTED_EDGE('',*,*,#2015,.T.);
#2807=ORIENTED_EDGE('',*,*,#2018,.T.);
#2808=ORIENTED_EDGE('',*,*,#2020,.T.);
#2809=ORIENTED_EDGE('',*,*,#2013,.T.);
#2810=ORIENTED_EDGE('',*,*,#2009,.T.);
#2811=ORIENTED_EDGE('',*,*,#2019,.T.);
#2812=ORIENTED_EDGE('',*,*,#2016,.T.);
#2813=ORIENTED_EDGE('',*,*,#2021,.F.);
#2814=ORIENTED_EDGE('',*,*,#2022,.F.);
#2815=ORIENTED_EDGE('',*,*,#2023,.F.);
#2816=ORIENTED_EDGE('',*,*,#2024,.T.);
#2817=ORIENTED_EDGE('',*,*,#2025,.F.);
#2818=ORIENTED_EDGE('',*,*,#2026,.F.);
#2819=ORIENTED_EDGE('',*,*,#2027,.F.);
#2820=ORIENTED_EDGE('',*,*,#2022,.T.);
#2821=ORIENTED_EDGE('',*,*,#2028,.F.);
#2822=ORIENTED_EDGE('',*,*,#2029,.F.);
#2823=ORIENTED_EDGE('',*,*,#2030,.F.);
#2824=ORIENTED_EDGE('',*,*,#2026,.T.);
#2825=ORIENTED_EDGE('',*,*,#2031,.F.);
#2826=ORIENTED_EDGE('',*,*,#2024,.F.);
#2827=ORIENTED_EDGE('',*,*,#2032,.F.);
#2828=ORIENTED_EDGE('',*,*,#2029,.T.);
#2829=ORIENTED_EDGE('',*,*,#2023,.T.);
#2830=ORIENTED_EDGE('',*,*,#2027,.T.);
#2831=ORIENTED_EDGE('',*,*,#2030,.T.);
#2832=ORIENTED_EDGE('',*,*,#2032,.T.);
#2833=ORIENTED_EDGE('',*,*,#2025,.T.);
#2834=ORIENTED_EDGE('',*,*,#2021,.T.);
#2835=ORIENTED_EDGE('',*,*,#2031,.T.);
#2836=ORIENTED_EDGE('',*,*,#2028,.T.);
#2837=ORIENTED_EDGE('',*,*,#2033,.F.);
#2838=ORIENTED_EDGE('',*,*,#2034,.F.);
#2839=ORIENTED_EDGE('',*,*,#2035,.F.);
#2840=ORIENTED_EDGE('',*,*,#2036,.T.);
#2841=ORIENTED_EDGE('',*,*,#2037,.F.);
#2842=ORIENTED_EDGE('',*,*,#2038,.F.);
#2843=ORIENTED_EDGE('',*,*,#2039,.F.);
#2844=ORIENTED_EDGE('',*,*,#2034,.T.);
#2845=ORIENTED_EDGE('',*,*,#2040,.F.);
#2846=ORIENTED_EDGE('',*,*,#2041,.F.);
#2847=ORIENTED_EDGE('',*,*,#2042,.F.);
#2848=ORIENTED_EDGE('',*,*,#2038,.T.);
#2849=ORIENTED_EDGE('',*,*,#2043,.F.);
#2850=ORIENTED_EDGE('',*,*,#2036,.F.);
#2851=ORIENTED_EDGE('',*,*,#2044,.F.);
#2852=ORIENTED_EDGE('',*,*,#2041,.T.);
#2853=ORIENTED_EDGE('',*,*,#2035,.T.);
#2854=ORIENTED_EDGE('',*,*,#2039,.T.);
#2855=ORIENTED_EDGE('',*,*,#2042,.T.);
#2856=ORIENTED_EDGE('',*,*,#2044,.T.);
#2857=ORIENTED_EDGE('',*,*,#2037,.T.);
#2858=ORIENTED_EDGE('',*,*,#2033,.T.);
#2859=ORIENTED_EDGE('',*,*,#2043,.T.);
#2860=ORIENTED_EDGE('',*,*,#2040,.T.);
#2861=ORIENTED_EDGE('',*,*,#2045,.F.);
#2862=ORIENTED_EDGE('',*,*,#2046,.F.);
#2863=ORIENTED_EDGE('',*,*,#2047,.F.);
#2864=ORIENTED_EDGE('',*,*,#2048,.T.);
#2865=ORIENTED_EDGE('',*,*,#2049,.F.);
#2866=ORIENTED_EDGE('',*,*,#2050,.F.);
#2867=ORIENTED_EDGE('',*,*,#2051,.F.);
#2868=ORIENTED_EDGE('',*,*,#2046,.T.);
#2869=ORIENTED_EDGE('',*,*,#2052,.F.);
#2870=ORIENTED_EDGE('',*,*,#2053,.F.);
#2871=ORIENTED_EDGE('',*,*,#2054,.F.);
#2872=ORIENTED_EDGE('',*,*,#2050,.T.);
#2873=ORIENTED_EDGE('',*,*,#2055,.F.);
#2874=ORIENTED_EDGE('',*,*,#2048,.F.);
#2875=ORIENTED_EDGE('',*,*,#2056,.F.);
#2876=ORIENTED_EDGE('',*,*,#2053,.T.);
#2877=ORIENTED_EDGE('',*,*,#2047,.T.);
#2878=ORIENTED_EDGE('',*,*,#2051,.T.);
#2879=ORIENTED_EDGE('',*,*,#2054,.T.);
#2880=ORIENTED_EDGE('',*,*,#2056,.T.);
#2881=ORIENTED_EDGE('',*,*,#2049,.T.);
#2882=ORIENTED_EDGE('',*,*,#2045,.T.);
#2883=ORIENTED_EDGE('',*,*,#2055,.T.);
#2884=ORIENTED_EDGE('',*,*,#2052,.T.);
#2885=ORIENTED_EDGE('',*,*,#2057,.F.);
#2886=ORIENTED_EDGE('',*,*,#2058,.F.);
#2887=ORIENTED_EDGE('',*,*,#2059,.F.);
#2888=ORIENTED_EDGE('',*,*,#2060,.T.);
#2889=ORIENTED_EDGE('',*,*,#2061,.F.);
#2890=ORIENTED_EDGE('',*,*,#2062,.F.);
#2891=ORIENTED_EDGE('',*,*,#2063,.F.);
#2892=ORIENTED_EDGE('',*,*,#2058,.T.);
#2893=ORIENTED_EDGE('',*,*,#2064,.F.);
#2894=ORIENTED_EDGE('',*,*,#2065,.F.);
#2895=ORIENTED_EDGE('',*,*,#2066,.F.);
#2896=ORIENTED_EDGE('',*,*,#2062,.T.);
#2897=ORIENTED_EDGE('',*,*,#2067,.F.);
#2898=ORIENTED_EDGE('',*,*,#2060,.F.);
#2899=ORIENTED_EDGE('',*,*,#2068,.F.);
#2900=ORIENTED_EDGE('',*,*,#2065,.T.);
#2901=ORIENTED_EDGE('',*,*,#2059,.T.);
#2902=ORIENTED_EDGE('',*,*,#2063,.T.);
#2903=ORIENTED_EDGE('',*,*,#2066,.T.);
#2904=ORIENTED_EDGE('',*,*,#2068,.T.);
#2905=ORIENTED_EDGE('',*,*,#2061,.T.);
#2906=ORIENTED_EDGE('',*,*,#2057,.T.);
#2907=ORIENTED_EDGE('',*,*,#2067,.T.);
#2908=ORIENTED_EDGE('',*,*,#2064,.T.);
#2909=ORIENTED_EDGE('',*,*,#2069,.F.);
#2910=ORIENTED_EDGE('',*,*,#2070,.F.);
#2911=ORIENTED_EDGE('',*,*,#2071,.F.);
#2912=ORIENTED_EDGE('',*,*,#2072,.T.);
#2913=ORIENTED_EDGE('',*,*,#2073,.F.);
#2914=ORIENTED_EDGE('',*,*,#2074,.F.);
#2915=ORIENTED_EDGE('',*,*,#2075,.F.);
#2916=ORIENTED_EDGE('',*,*,#2070,.T.);
#2917=ORIENTED_EDGE('',*,*,#2076,.F.);
#2918=ORIENTED_EDGE('',*,*,#2077,.F.);
#2919=ORIENTED_EDGE('',*,*,#2078,.F.);
#2920=ORIENTED_EDGE('',*,*,#2074,.T.);
#2921=ORIENTED_EDGE('',*,*,#2079,.F.);
#2922=ORIENTED_EDGE('',*,*,#2072,.F.);
#2923=ORIENTED_EDGE('',*,*,#2080,.F.);
#2924=ORIENTED_EDGE('',*,*,#2077,.T.);
#2925=ORIENTED_EDGE('',*,*,#2071,.T.);
#2926=ORIENTED_EDGE('',*,*,#2075,.T.);
#2927=ORIENTED_EDGE('',*,*,#2078,.T.);
#2928=ORIENTED_EDGE('',*,*,#2080,.T.);
#2929=ORIENTED_EDGE('',*,*,#2073,.T.);
#2930=ORIENTED_EDGE('',*,*,#2069,.T.);
#2931=ORIENTED_EDGE('',*,*,#2079,.T.);
#2932=ORIENTED_EDGE('',*,*,#2076,.T.);
#2933=ORIENTED_EDGE('',*,*,#2081,.F.);
#2934=ORIENTED_EDGE('',*,*,#2082,.F.);
#2935=ORIENTED_EDGE('',*,*,#2083,.F.);
#2936=ORIENTED_EDGE('',*,*,#2084,.T.);
#2937=ORIENTED_EDGE('',*,*,#2085,.F.);
#2938=ORIENTED_EDGE('',*,*,#2086,.F.);
#2939=ORIENTED_EDGE('',*,*,#2087,.F.);
#2940=ORIENTED_EDGE('',*,*,#2082,.T.);
#2941=ORIENTED_EDGE('',*,*,#2088,.F.);
#2942=ORIENTED_EDGE('',*,*,#2089,.F.);
#2943=ORIENTED_EDGE('',*,*,#2090,.F.);
#2944=ORIENTED_EDGE('',*,*,#2086,.T.);
#2945=ORIENTED_EDGE('',*,*,#2091,.F.);
#2946=ORIENTED_EDGE('',*,*,#2084,.F.);
#2947=ORIENTED_EDGE('',*,*,#2092,.F.);
#2948=ORIENTED_EDGE('',*,*,#2089,.T.);
#2949=ORIENTED_EDGE('',*,*,#2083,.T.);
#2950=ORIENTED_EDGE('',*,*,#2087,.T.);
#2951=ORIENTED_EDGE('',*,*,#2090,.T.);
#2952=ORIENTED_EDGE('',*,*,#2092,.T.);
#2953=ORIENTED_EDGE('',*,*,#2085,.T.);
#2954=ORIENTED_EDGE('',*,*,#2081,.T.);
#2955=ORIENTED_EDGE('',*,*,#2091,.T.);
#2956=ORIENTED_EDGE('',*,*,#2088,.T.);
#2957=ORIENTED_EDGE('',*,*,#2093,.F.);
#2958=ORIENTED_EDGE('',*,*,#2094,.F.);
#2959=ORIENTED_EDGE('',*,*,#2095,.F.);
#2960=ORIENTED_EDGE('',*,*,#2096,.T.);
#2961=ORIENTED_EDGE('',*,*,#2097,.F.);
#2962=ORIENTED_EDGE('',*,*,#2098,.F.);
#2963=ORIENTED_EDGE('',*,*,#2099,.F.);
#2964=ORIENTED_EDGE('',*,*,#2094,.T.);
#2965=ORIENTED_EDGE('',*,*,#2100,.F.);
#2966=ORIENTED_EDGE('',*,*,#2101,.F.);
#2967=ORIENTED_EDGE('',*,*,#2102,.F.);
#2968=ORIENTED_EDGE('',*,*,#2098,.T.);
#2969=ORIENTED_EDGE('',*,*,#2103,.F.);
#2970=ORIENTED_EDGE('',*,*,#2096,.F.);
#2971=ORIENTED_EDGE('',*,*,#2104,.F.);
#2972=ORIENTED_EDGE('',*,*,#2101,.T.);
#2973=ORIENTED_EDGE('',*,*,#2095,.T.);
#2974=ORIENTED_EDGE('',*,*,#2099,.T.);
#2975=ORIENTED_EDGE('',*,*,#2102,.T.);
#2976=ORIENTED_EDGE('',*,*,#2104,.T.);
#2977=ORIENTED_EDGE('',*,*,#2097,.T.);
#2978=ORIENTED_EDGE('',*,*,#2093,.T.);
#2979=ORIENTED_EDGE('',*,*,#2103,.T.);
#2980=ORIENTED_EDGE('',*,*,#2100,.T.);
#2981=PLANE('',#3445);
#2982=PLANE('',#3446);
#2983=PLANE('',#3447);
#2984=PLANE('',#3448);
#2985=PLANE('',#3449);
#2986=PLANE('',#3450);
#2987=PLANE('',#3451);
#2988=PLANE('',#3452);
#2989=PLANE('',#3453);
#2990=PLANE('',#3454);
#2991=PLANE('',#3455);
#2992=PLANE('',#3456);
#2993=PLANE('',#3457);
#2994=PLANE('',#3458);
#2995=PLANE('',#3459);
#2996=PLANE('',#3460);
#2997=PLANE('',#3461);
#2998=PLANE('',#3462);
#2999=PLANE('',#3463);
#3000=PLANE('',#3464);
#3001=PLANE('',#3465);
#3002=PLANE('',#3466);
#3003=PLANE('',#3467);
#3004=PLANE('',#3468);
#3005=PLANE('',#3469);
#3006=PLANE('',#3470);
#3007=PLANE('',#3471);
#3008=PLANE('',#3472);
#3009=PLANE('',#3473);
#3010=PLANE('',#3474);
#3011=PLANE('',#3475);
#3012=PLANE('',#3476);
#3013=PLANE('',#3477);
#3014=PLANE('',#3478);
#3015=PLANE('',#3479);
#3016=PLANE('',#3480);
#3017=PLANE('',#3481);
#3018=PLANE('',#3482);
#3019=PLANE('',#3483);
#3020=PLANE('',#3484);
#3021=PLANE('',#3485);
#3022=PLANE('',#3486);
#3023=PLANE('',#3487);
#3024=PLANE('',#3490);
#3025=PLANE('',#3491);
#3026=PLANE('',#3492);
#3027=PLANE('',#3493);
#3028=PLANE('',#3494);
#3029=PLANE('',#3495);
#3030=PLANE('',#3496);
#3031=PLANE('',#3497);
#3032=PLANE('',#3499);
#3033=PLANE('',#3500);
#3034=PLANE('',#3501);
#3035=PLANE('',#3502);
#3036=PLANE('',#3503);
#3037=PLANE('',#3504);
#3038=PLANE('',#3505);
#3039=PLANE('',#3507);
#3040=PLANE('',#3508);
#3041=PLANE('',#3511);
#3042=PLANE('',#3512);
#3043=PLANE('',#3513);
#3044=PLANE('',#3514);
#3045=PLANE('',#3515);
#3046=PLANE('',#3516);
#3047=PLANE('',#3517);
#3048=PLANE('',#3518);
#3049=PLANE('',#3519);
#3050=PLANE('',#3520);
#3051=PLANE('',#3521);
#3052=PLANE('',#3522);
#3053=PLANE('',#3523);
#3054=PLANE('',#3524);
#3055=PLANE('',#3525);
#3056=PLANE('',#3526);
#3057=PLANE('',#3527);
#3058=PLANE('',#3528);
#3059=PLANE('',#3529);
#3060=PLANE('',#3530);
#3061=PLANE('',#3531);
#3062=PLANE('',#3532);
#3063=PLANE('',#3533);
#3064=PLANE('',#3534);
#3065=PLANE('',#3535);
#3066=PLANE('',#3536);
#3067=PLANE('',#3537);
#3068=PLANE('',#3538);
#3069=PLANE('',#3539);
#3070=PLANE('',#3540);
#3071=PLANE('',#3541);
#3072=PLANE('',#3542);
#3073=PLANE('',#3543);
#3074=PLANE('',#3544);
#3075=PLANE('',#3545);
#3076=PLANE('',#3546);
#3077=PLANE('',#3547);
#3078=PLANE('',#3548);
#3079=PLANE('',#3549);
#3080=PLANE('',#3550);
#3081=PLANE('',#3551);
#3082=PLANE('',#3552);
#3083=PLANE('',#3553);
#3084=PLANE('',#3554);
#3085=PLANE('',#3555);
#3086=PLANE('',#3556);
#3087=PLANE('',#3557);
#3088=PLANE('',#3558);
#3089=PLANE('',#3559);
#3090=PLANE('',#3560);
#3091=PLANE('',#3561);
#3092=PLANE('',#3562);
#3093=PLANE('',#3563);
#3094=PLANE('',#3564);
#3095=PLANE('',#3565);
#3096=PLANE('',#3566);
#3097=PLANE('',#3567);
#3098=PLANE('',#3568);
#3099=PLANE('',#3569);
#3100=PLANE('',#3570);
#3101=PLANE('',#3571);
#3102=PLANE('',#3572);
#3103=PLANE('',#3573);
#3104=PLANE('',#3574);
#3105=PLANE('',#3575);
#3106=PLANE('',#3576);
#3107=PLANE('',#3577);
#3108=PLANE('',#3578);
#3109=PLANE('',#3579);
#3110=PLANE('',#3580);
#3111=PLANE('',#3581);
#3112=PLANE('',#3582);
#3113=PLANE('',#3583);
#3114=PLANE('',#3584);
#3115=PLANE('',#3585);
#3116=PLANE('',#3586);
#3117=PLANE('',#3587);
#3118=PLANE('',#3588);
#3119=PLANE('',#3589);
#3120=PLANE('',#3590);
#3121=PLANE('',#3591);
#3122=PLANE('',#3592);
#3123=PLANE('',#3593);
#3124=PLANE('',#3594);
#3125=PLANE('',#3595);
#3126=PLANE('',#3596);
#3127=PLANE('',#3597);
#3128=PLANE('',#3598);
#3129=PLANE('',#3599);
#3130=PLANE('',#3600);
#3131=PLANE('',#3601);
#3132=PLANE('',#3602);
#3133=PLANE('',#3603);
#3134=PLANE('',#3604);
#3135=PLANE('',#3605);
#3136=PLANE('',#3606);
#3137=PLANE('',#3607);
#3138=PLANE('',#3608);
#3139=PLANE('',#3609);
#3140=PLANE('',#3610);
#3141=PLANE('',#3611);
#3142=PLANE('',#3612);
#3143=PLANE('',#3613);
#3144=PLANE('',#3614);
#3145=PLANE('',#3615);
#3146=PLANE('',#3616);
#3147=PLANE('',#3617);
#3148=PLANE('',#3618);
#3149=PLANE('',#3619);
#3150=PLANE('',#3620);
#3151=PLANE('',#3621);
#3152=PLANE('',#3622);
#3153=PLANE('',#3623);
#3154=PLANE('',#3624);
#3155=PLANE('',#3625);
#3156=PLANE('',#3626);
#3157=PLANE('',#3627);
#3158=PLANE('',#3628);
#3159=PLANE('',#3629);
#3160=PLANE('',#3630);
#3161=PLANE('',#3631);
#3162=PLANE('',#3632);
#3163=PLANE('',#3633);
#3164=PLANE('',#3634);
#3165=PLANE('',#3635);
#3166=PLANE('',#3636);
#3167=PLANE('',#3637);
#3168=PLANE('',#3638);
#3169=PLANE('',#3639);
#3170=PLANE('',#3640);
#3171=PLANE('',#3641);
#3172=PLANE('',#3642);
#3173=PLANE('',#3643);
#3174=PLANE('',#3644);
#3175=PLANE('',#3645);
#3176=PLANE('',#3646);
#3177=PLANE('',#3647);
#3178=PLANE('',#3648);
#3179=PLANE('',#3649);
#3180=PLANE('',#3650);
#3181=PLANE('',#3651);
#3182=PLANE('',#3652);
#3183=PLANE('',#3653);
#3184=PLANE('',#3654);
#3185=PLANE('',#3655);
#3186=PLANE('',#3656);
#3187=PLANE('',#3657);
#3188=PLANE('',#3658);
#3189=PLANE('',#3659);
#3190=PLANE('',#3660);
#3191=PLANE('',#3661);
#3192=ADVANCED_FACE('',(#84),#2981,.T.);
#3193=ADVANCED_FACE('',(#85),#2982,.T.);
#3194=ADVANCED_FACE('',(#86),#2983,.T.);
#3195=ADVANCED_FACE('',(#87),#2984,.T.);
#3196=ADVANCED_FACE('',(#88),#2985,.F.);
#3197=ADVANCED_FACE('',(#89),#2986,.T.);
#3198=ADVANCED_FACE('',(#90),#2987,.T.);
#3199=ADVANCED_FACE('',(#91),#2988,.T.);
#3200=ADVANCED_FACE('',(#92),#2989,.T.);
#3201=ADVANCED_FACE('',(#93),#2990,.T.);
#3202=ADVANCED_FACE('',(#94),#2991,.T.);
#3203=ADVANCED_FACE('',(#95),#2992,.T.);
#3204=ADVANCED_FACE('',(#96),#2993,.T.);
#3205=ADVANCED_FACE('',(#97,#75),#2994,.T.);
#3206=ADVANCED_FACE('',(#98),#2995,.T.);
#3207=ADVANCED_FACE('',(#99),#2996,.T.);
#3208=ADVANCED_FACE('',(#100),#2997,.T.);
#3209=ADVANCED_FACE('',(#101),#2998,.T.);
#3210=ADVANCED_FACE('',(#102),#2999,.T.);
#3211=ADVANCED_FACE('',(#103,#76),#3000,.F.);
#3212=ADVANCED_FACE('',(#104),#3001,.T.);
#3213=ADVANCED_FACE('',(#105),#3002,.T.);
#3214=ADVANCED_FACE('',(#106),#3003,.T.);
#3215=ADVANCED_FACE('',(#107),#3004,.T.);
#3216=ADVANCED_FACE('',(#108),#3005,.T.);
#3217=ADVANCED_FACE('',(#109),#3006,.T.);
#3218=ADVANCED_FACE('',(#110),#3007,.T.);
#3219=ADVANCED_FACE('',(#111),#3008,.T.);
#3220=ADVANCED_FACE('',(#112),#3009,.T.);
#3221=ADVANCED_FACE('',(#113),#3010,.T.);
#3222=ADVANCED_FACE('',(#114),#3011,.T.);
#3223=ADVANCED_FACE('',(#115),#3012,.T.);
#3224=ADVANCED_FACE('',(#116),#3013,.T.);
#3225=ADVANCED_FACE('',(#117),#3014,.T.);
#3226=ADVANCED_FACE('',(#118),#3015,.T.);
#3227=ADVANCED_FACE('',(#119),#3016,.T.);
#3228=ADVANCED_FACE('',(#120),#3017,.T.);
#3229=ADVANCED_FACE('',(#121),#3018,.T.);
#3230=ADVANCED_FACE('',(#122),#3019,.T.);
#3231=ADVANCED_FACE('',(#123),#3020,.T.);
#3232=ADVANCED_FACE('',(#124),#3021,.T.);
#3233=ADVANCED_FACE('',(#125,#77),#3022,.T.);
#3234=ADVANCED_FACE('',(#126,#78,#79,#80),#3023,.T.);
#3235=ADVANCED_FACE('',(#127,#81),#3024,.T.);
#3236=ADVANCED_FACE('',(#128),#3025,.F.);
#3237=ADVANCED_FACE('',(#129),#3026,.F.);
#3238=ADVANCED_FACE('',(#130),#3027,.F.);
#3239=ADVANCED_FACE('',(#131),#3028,.F.);
#3240=ADVANCED_FACE('',(#132),#3029,.F.);
#3241=ADVANCED_FACE('',(#133),#3030,.F.);
#3242=ADVANCED_FACE('',(#134,#82),#3031,.T.);
#3243=ADVANCED_FACE('',(#135),#3032,.F.);
#3244=ADVANCED_FACE('',(#136),#3033,.F.);
#3245=ADVANCED_FACE('',(#137),#3034,.F.);
#3246=ADVANCED_FACE('',(#138),#3035,.F.);
#3247=ADVANCED_FACE('',(#139),#3036,.F.);
#3248=ADVANCED_FACE('',(#140),#3037,.F.);
#3249=ADVANCED_FACE('',(#141,#83),#3038,.T.);
#3250=ADVANCED_FACE('',(#142),#3039,.F.);
#3251=ADVANCED_FACE('',(#143),#3040,.T.);
#3252=ADVANCED_FACE('',(#144),#69,.F.);
#3253=ADVANCED_FACE('',(#145),#70,.F.);
#3254=ADVANCED_FACE('',(#146),#3041,.T.);
#3255=ADVANCED_FACE('',(#147),#3042,.T.);
#3256=ADVANCED_FACE('',(#148),#3043,.T.);
#3257=ADVANCED_FACE('',(#149),#3044,.T.);
#3258=ADVANCED_FACE('',(#150),#3045,.T.);
#3259=ADVANCED_FACE('',(#151),#3046,.F.);
#3260=ADVANCED_FACE('',(#152),#3047,.F.);
#3261=ADVANCED_FACE('',(#153),#3048,.T.);
#3262=ADVANCED_FACE('',(#154),#3049,.T.);
#3263=ADVANCED_FACE('',(#155),#3050,.T.);
#3264=ADVANCED_FACE('',(#156),#3051,.T.);
#3265=ADVANCED_FACE('',(#157),#3052,.F.);
#3266=ADVANCED_FACE('',(#158),#3053,.F.);
#3267=ADVANCED_FACE('',(#159),#3054,.T.);
#3268=ADVANCED_FACE('',(#160),#3055,.T.);
#3269=ADVANCED_FACE('',(#161),#3056,.T.);
#3270=ADVANCED_FACE('',(#162),#3057,.T.);
#3271=ADVANCED_FACE('',(#163),#3058,.F.);
#3272=ADVANCED_FACE('',(#164),#3059,.F.);
#3273=ADVANCED_FACE('',(#165),#3060,.T.);
#3274=ADVANCED_FACE('',(#166),#3061,.T.);
#3275=ADVANCED_FACE('',(#167),#3062,.T.);
#3276=ADVANCED_FACE('',(#168),#3063,.T.);
#3277=ADVANCED_FACE('',(#169),#3064,.F.);
#3278=ADVANCED_FACE('',(#170),#3065,.F.);
#3279=ADVANCED_FACE('',(#171),#3066,.T.);
#3280=ADVANCED_FACE('',(#172),#3067,.T.);
#3281=ADVANCED_FACE('',(#173),#3068,.T.);
#3282=ADVANCED_FACE('',(#174),#3069,.T.);
#3283=ADVANCED_FACE('',(#175),#3070,.F.);
#3284=ADVANCED_FACE('',(#176),#3071,.F.);
#3285=ADVANCED_FACE('',(#177),#3072,.T.);
#3286=ADVANCED_FACE('',(#178),#3073,.T.);
#3287=ADVANCED_FACE('',(#179),#3074,.T.);
#3288=ADVANCED_FACE('',(#180),#3075,.T.);
#3289=ADVANCED_FACE('',(#181),#3076,.F.);
#3290=ADVANCED_FACE('',(#182),#3077,.F.);
#3291=ADVANCED_FACE('',(#183),#3078,.T.);
#3292=ADVANCED_FACE('',(#184),#3079,.T.);
#3293=ADVANCED_FACE('',(#185),#3080,.T.);
#3294=ADVANCED_FACE('',(#186),#3081,.T.);
#3295=ADVANCED_FACE('',(#187),#3082,.F.);
#3296=ADVANCED_FACE('',(#188),#3083,.F.);
#3297=ADVANCED_FACE('',(#189),#3084,.T.);
#3298=ADVANCED_FACE('',(#190),#3085,.T.);
#3299=ADVANCED_FACE('',(#191),#3086,.T.);
#3300=ADVANCED_FACE('',(#192),#3087,.T.);
#3301=ADVANCED_FACE('',(#193),#3088,.F.);
#3302=ADVANCED_FACE('',(#194),#3089,.F.);
#3303=ADVANCED_FACE('',(#195),#3090,.T.);
#3304=ADVANCED_FACE('',(#196),#3091,.T.);
#3305=ADVANCED_FACE('',(#197),#3092,.T.);
#3306=ADVANCED_FACE('',(#198),#3093,.T.);
#3307=ADVANCED_FACE('',(#199),#3094,.F.);
#3308=ADVANCED_FACE('',(#200),#3095,.F.);
#3309=ADVANCED_FACE('',(#201),#3096,.T.);
#3310=ADVANCED_FACE('',(#202),#3097,.T.);
#3311=ADVANCED_FACE('',(#203),#3098,.T.);
#3312=ADVANCED_FACE('',(#204),#3099,.T.);
#3313=ADVANCED_FACE('',(#205),#3100,.F.);
#3314=ADVANCED_FACE('',(#206),#3101,.F.);
#3315=ADVANCED_FACE('',(#207),#3102,.T.);
#3316=ADVANCED_FACE('',(#208),#3103,.T.);
#3317=ADVANCED_FACE('',(#209),#3104,.T.);
#3318=ADVANCED_FACE('',(#210),#3105,.T.);
#3319=ADVANCED_FACE('',(#211),#3106,.F.);
#3320=ADVANCED_FACE('',(#212),#3107,.F.);
#3321=ADVANCED_FACE('',(#213),#3108,.T.);
#3322=ADVANCED_FACE('',(#214),#3109,.T.);
#3323=ADVANCED_FACE('',(#215),#3110,.T.);
#3324=ADVANCED_FACE('',(#216),#3111,.T.);
#3325=ADVANCED_FACE('',(#217),#3112,.F.);
#3326=ADVANCED_FACE('',(#218),#3113,.F.);
#3327=ADVANCED_FACE('',(#219),#3114,.T.);
#3328=ADVANCED_FACE('',(#220),#3115,.T.);
#3329=ADVANCED_FACE('',(#221),#3116,.T.);
#3330=ADVANCED_FACE('',(#222),#3117,.T.);
#3331=ADVANCED_FACE('',(#223),#3118,.F.);
#3332=ADVANCED_FACE('',(#224),#3119,.F.);
#3333=ADVANCED_FACE('',(#225),#3120,.T.);
#3334=ADVANCED_FACE('',(#226),#3121,.T.);
#3335=ADVANCED_FACE('',(#227),#3122,.T.);
#3336=ADVANCED_FACE('',(#228),#3123,.T.);
#3337=ADVANCED_FACE('',(#229),#3124,.F.);
#3338=ADVANCED_FACE('',(#230),#3125,.F.);
#3339=ADVANCED_FACE('',(#231),#3126,.T.);
#3340=ADVANCED_FACE('',(#232),#3127,.T.);
#3341=ADVANCED_FACE('',(#233),#3128,.T.);
#3342=ADVANCED_FACE('',(#234),#3129,.T.);
#3343=ADVANCED_FACE('',(#235),#3130,.F.);
#3344=ADVANCED_FACE('',(#236),#3131,.F.);
#3345=ADVANCED_FACE('',(#237),#3132,.T.);
#3346=ADVANCED_FACE('',(#238),#3133,.T.);
#3347=ADVANCED_FACE('',(#239),#3134,.T.);
#3348=ADVANCED_FACE('',(#240),#3135,.T.);
#3349=ADVANCED_FACE('',(#241),#3136,.F.);
#3350=ADVANCED_FACE('',(#242),#3137,.F.);
#3351=ADVANCED_FACE('',(#243),#3138,.T.);
#3352=ADVANCED_FACE('',(#244),#3139,.T.);
#3353=ADVANCED_FACE('',(#245),#3140,.T.);
#3354=ADVANCED_FACE('',(#246),#3141,.T.);
#3355=ADVANCED_FACE('',(#247),#3142,.F.);
#3356=ADVANCED_FACE('',(#248),#3143,.F.);
#3357=ADVANCED_FACE('',(#249),#3144,.T.);
#3358=ADVANCED_FACE('',(#250),#3145,.T.);
#3359=ADVANCED_FACE('',(#251),#3146,.T.);
#3360=ADVANCED_FACE('',(#252),#3147,.T.);
#3361=ADVANCED_FACE('',(#253),#3148,.F.);
#3362=ADVANCED_FACE('',(#254),#3149,.F.);
#3363=ADVANCED_FACE('',(#255),#3150,.T.);
#3364=ADVANCED_FACE('',(#256),#3151,.T.);
#3365=ADVANCED_FACE('',(#257),#3152,.T.);
#3366=ADVANCED_FACE('',(#258),#3153,.T.);
#3367=ADVANCED_FACE('',(#259),#3154,.F.);
#3368=ADVANCED_FACE('',(#260),#3155,.F.);
#3369=ADVANCED_FACE('',(#261),#3156,.T.);
#3370=ADVANCED_FACE('',(#262),#3157,.T.);
#3371=ADVANCED_FACE('',(#263),#3158,.T.);
#3372=ADVANCED_FACE('',(#264),#3159,.T.);
#3373=ADVANCED_FACE('',(#265),#3160,.F.);
#3374=ADVANCED_FACE('',(#266),#3161,.F.);
#3375=ADVANCED_FACE('',(#267),#3162,.T.);
#3376=ADVANCED_FACE('',(#268),#3163,.T.);
#3377=ADVANCED_FACE('',(#269),#3164,.T.);
#3378=ADVANCED_FACE('',(#270),#3165,.T.);
#3379=ADVANCED_FACE('',(#271),#3166,.F.);
#3380=ADVANCED_FACE('',(#272),#3167,.F.);
#3381=ADVANCED_FACE('',(#273),#3168,.T.);
#3382=ADVANCED_FACE('',(#274),#3169,.T.);
#3383=ADVANCED_FACE('',(#275),#3170,.T.);
#3384=ADVANCED_FACE('',(#276),#3171,.T.);
#3385=ADVANCED_FACE('',(#277),#3172,.F.);
#3386=ADVANCED_FACE('',(#278),#3173,.F.);
#3387=ADVANCED_FACE('',(#279),#3174,.T.);
#3388=ADVANCED_FACE('',(#280),#3175,.T.);
#3389=ADVANCED_FACE('',(#281),#3176,.T.);
#3390=ADVANCED_FACE('',(#282),#3177,.T.);
#3391=ADVANCED_FACE('',(#283),#3178,.F.);
#3392=ADVANCED_FACE('',(#284),#3179,.F.);
#3393=ADVANCED_FACE('',(#285),#3180,.T.);
#3394=ADVANCED_FACE('',(#286),#3181,.T.);
#3395=ADVANCED_FACE('',(#287),#3182,.T.);
#3396=ADVANCED_FACE('',(#288),#3183,.T.);
#3397=ADVANCED_FACE('',(#289),#3184,.F.);
#3398=ADVANCED_FACE('',(#290),#3185,.F.);
#3399=ADVANCED_FACE('',(#291),#3186,.T.);
#3400=ADVANCED_FACE('',(#292),#3187,.T.);
#3401=ADVANCED_FACE('',(#293),#3188,.T.);
#3402=ADVANCED_FACE('',(#294),#3189,.T.);
#3403=ADVANCED_FACE('',(#295),#3190,.F.);
#3404=ADVANCED_FACE('',(#296),#3191,.F.);
#3405=CLOSED_SHELL('',(#3192,#3193,#3194,#3195,#3196,#3197,#3198,#3199,
#3200,#3201,#3202,#3203,#3204,#3205,#3206,#3207,#3208,#3209,#3210,#3211,
#3212,#3213,#3214,#3215,#3216,#3217,#3218,#3219,#3220,#3221,#3222,#3223,
#3224,#3225,#3226,#3227,#3228,#3229,#3230,#3231,#3232,#3233,#3234,#3235,
#3236,#3237,#3238,#3239,#3240,#3241,#3242,#3243,#3244,#3245,#3246,#3247,
#3248,#3249,#3250,#3251,#3252,#3253,#3254));
#3406=CLOSED_SHELL('',(#3255,#3256,#3257,#3258,#3259,#3260));
#3407=CLOSED_SHELL('',(#3261,#3262,#3263,#3264,#3265,#3266));
#3408=CLOSED_SHELL('',(#3267,#3268,#3269,#3270,#3271,#3272));
#3409=CLOSED_SHELL('',(#3273,#3274,#3275,#3276,#3277,#3278));
#3410=CLOSED_SHELL('',(#3279,#3280,#3281,#3282,#3283,#3284));
#3411=CLOSED_SHELL('',(#3285,#3286,#3287,#3288,#3289,#3290));
#3412=CLOSED_SHELL('',(#3291,#3292,#3293,#3294,#3295,#3296));
#3413=CLOSED_SHELL('',(#3297,#3298,#3299,#3300,#3301,#3302));
#3414=CLOSED_SHELL('',(#3303,#3304,#3305,#3306,#3307,#3308));
#3415=CLOSED_SHELL('',(#3309,#3310,#3311,#3312,#3313,#3314));
#3416=CLOSED_SHELL('',(#3315,#3316,#3317,#3318,#3319,#3320));
#3417=CLOSED_SHELL('',(#3321,#3322,#3323,#3324,#3325,#3326));
#3418=CLOSED_SHELL('',(#3327,#3328,#3329,#3330,#3331,#3332));
#3419=CLOSED_SHELL('',(#3333,#3334,#3335,#3336,#3337,#3338));
#3420=CLOSED_SHELL('',(#3339,#3340,#3341,#3342,#3343,#3344));
#3421=CLOSED_SHELL('',(#3345,#3346,#3347,#3348,#3349,#3350));
#3422=CLOSED_SHELL('',(#3351,#3352,#3353,#3354,#3355,#3356));
#3423=CLOSED_SHELL('',(#3357,#3358,#3359,#3360,#3361,#3362));
#3424=CLOSED_SHELL('',(#3363,#3364,#3365,#3366,#3367,#3368));
#3425=CLOSED_SHELL('',(#3369,#3370,#3371,#3372,#3373,#3374));
#3426=CLOSED_SHELL('',(#3375,#3376,#3377,#3378,#3379,#3380));
#3427=CLOSED_SHELL('',(#3381,#3382,#3383,#3384,#3385,#3386));
#3428=CLOSED_SHELL('',(#3387,#3388,#3389,#3390,#3391,#3392));
#3429=CLOSED_SHELL('',(#3393,#3394,#3395,#3396,#3397,#3398));
#3430=CLOSED_SHELL('',(#3399,#3400,#3401,#3402,#3403,#3404));
#3431=DERIVED_UNIT_ELEMENT(#3433,1.);
#3432=DERIVED_UNIT_ELEMENT(#5478,-3.);
#3433=(
MASS_UNIT()
NAMED_UNIT(*)
SI_UNIT(.KILO.,.GRAM.)
);
#3434=DERIVED_UNIT((#3431,#3432));
#3435=MEASURE_REPRESENTATION_ITEM('density measure',
POSITIVE_RATIO_MEASURE(7850.),#3434);
#3436=PROPERTY_DEFINITION_REPRESENTATION(#3441,#3438);
#3437=PROPERTY_DEFINITION_REPRESENTATION(#3442,#3439);
#3438=REPRESENTATION('material name',(#3440),#5475);
#3439=REPRESENTATION('density',(#3435),#5475);
#3440=DESCRIPTIVE_REPRESENTATION_ITEM('Steel','Steel');
#3441=PROPERTY_DEFINITION('material property','material name',#5490);
#3442=PROPERTY_DEFINITION('material property','density of part',#5490);
#3443=AXIS2_PLACEMENT_3D('',#4537,#3663,#3664);
#3444=AXIS2_PLACEMENT_3D('',#4538,#3665,#3666);
#3445=AXIS2_PLACEMENT_3D('',#4539,#3667,#3668);
#3446=AXIS2_PLACEMENT_3D('',#4548,#3673,#3674);
#3447=AXIS2_PLACEMENT_3D('',#4554,#3678,#3679);
#3448=AXIS2_PLACEMENT_3D('',#4560,#3683,#3684);
#3449=AXIS2_PLACEMENT_3D('',#4563,#3687,#3688);
#3450=AXIS2_PLACEMENT_3D('',#4569,#3692,#3693);
#3451=AXIS2_PLACEMENT_3D('',#4573,#3696,#3697);
#3452=AXIS2_PLACEMENT_3D('',#4574,#3698,#3699);
#3453=AXIS2_PLACEMENT_3D('',#4583,#3704,#3705);
#3454=AXIS2_PLACEMENT_3D('',#4589,#3709,#3710);
#3455=AXIS2_PLACEMENT_3D('',#4595,#3714,#3715);
#3456=AXIS2_PLACEMENT_3D('',#4598,#3718,#3719);
#3457=AXIS2_PLACEMENT_3D('',#4604,#3723,#3724);
#3458=AXIS2_PLACEMENT_3D('',#4608,#3727,#3728);
#3459=AXIS2_PLACEMENT_3D('',#4617,#3733,#3734);
#3460=AXIS2_PLACEMENT_3D('',#4625,#3739,#3740);
#3461=AXIS2_PLACEMENT_3D('',#4629,#3743,#3744);
#3462=AXIS2_PLACEMENT_3D('',#4634,#3748,#3749);
#3463=AXIS2_PLACEMENT_3D('',#4636,#3751,#3752);
#3464=AXIS2_PLACEMENT_3D('',#4638,#3754,#3755);
#3465=AXIS2_PLACEMENT_3D('',#4647,#3760,#3761);
#3466=AXIS2_PLACEMENT_3D('',#4653,#3765,#3766);
#3467=AXIS2_PLACEMENT_3D('',#4659,#3770,#3771);
#3468=AXIS2_PLACEMENT_3D('',#4665,#3775,#3776);
#3469=AXIS2_PLACEMENT_3D('',#4671,#3780,#3781);
#3470=AXIS2_PLACEMENT_3D('',#4677,#3785,#3786);
#3471=AXIS2_PLACEMENT_3D('',#4679,#3788,#3789);
#3472=AXIS2_PLACEMENT_3D('',#4685,#3793,#3794);
#3473=AXIS2_PLACEMENT_3D('',#4691,#3798,#3799);
#3474=AXIS2_PLACEMENT_3D('',#4697,#3803,#3804);
#3475=AXIS2_PLACEMENT_3D('',#4699,#3806,#3807);
#3476=AXIS2_PLACEMENT_3D('',#4701,#3809,#3810);
#3477=AXIS2_PLACEMENT_3D('',#4704,#3813,#3814);
#3478=AXIS2_PLACEMENT_3D('',#4706,#3816,#3817);
#3479=AXIS2_PLACEMENT_3D('',#4708,#3819,#3820);
#3480=AXIS2_PLACEMENT_3D('',#4710,#3822,#3823);
#3481=AXIS2_PLACEMENT_3D('',#4713,#3826,#3827);
#3482=AXIS2_PLACEMENT_3D('',#4716,#3830,#3831);
#3483=AXIS2_PLACEMENT_3D('',#4718,#3833,#3834);
#3484=AXIS2_PLACEMENT_3D('',#4720,#3836,#3837);
#3485=AXIS2_PLACEMENT_3D('',#4723,#3840,#3841);
#3486=AXIS2_PLACEMENT_3D('',#4724,#3842,#3843);
#3487=AXIS2_PLACEMENT_3D('',#4737,#3850,#3851);
#3488=AXIS2_PLACEMENT_3D('',#4739,#3852,#3853);
#3489=AXIS2_PLACEMENT_3D('',#4741,#3854,#3855);
#3490=AXIS2_PLACEMENT_3D('',#4745,#3858,#3859);
#3491=AXIS2_PLACEMENT_3D('',#4758,#3866,#3867);
#3492=AXIS2_PLACEMENT_3D('',#4764,#3871,#3872);
#3493=AXIS2_PLACEMENT_3D('',#4768,#3875,#3876);
#3494=AXIS2_PLACEMENT_3D('',#4772,#3879,#3880);
#3495=AXIS2_PLACEMENT_3D('',#4776,#3883,#3884);
#3496=AXIS2_PLACEMENT_3D('',#4780,#3887,#3888);
#3497=AXIS2_PLACEMENT_3D('',#4782,#3890,#3891);
#3498=AXIS2_PLACEMENT_3D('',#4784,#3892,#3893);
#3499=AXIS2_PLACEMENT_3D('',#4785,#3894,#3895);
#3500=AXIS2_PLACEMENT_3D('',#4791,#3899,#3900);
#3501=AXIS2_PLACEMENT_3D('',#4795,#3903,#3904);
#3502=AXIS2_PLACEMENT_3D('',#4799,#3907,#3908);
#3503=AXIS2_PLACEMENT_3D('',#4803,#3911,#3912);
#3504=AXIS2_PLACEMENT_3D('',#4807,#3915,#3916);
#3505=AXIS2_PLACEMENT_3D('',#4809,#3918,#3919);
#3506=AXIS2_PLACEMENT_3D('',#4811,#3920,#3921);
#3507=AXIS2_PLACEMENT_3D('',#4812,#3922,#3923);
#3508=AXIS2_PLACEMENT_3D('',#4814,#3925,#3926);
#3509=AXIS2_PLACEMENT_3D('',#4815,#3927,#3928);
#3510=AXIS2_PLACEMENT_3D('',#4817,#3930,#3931);
#3511=AXIS2_PLACEMENT_3D('',#4819,#3933,#3934);
#3512=AXIS2_PLACEMENT_3D('',#4820,#3935,#3936);
#3513=AXIS2_PLACEMENT_3D('',#4829,#3941,#3942);
#3514=AXIS2_PLACEMENT_3D('',#4835,#3946,#3947);
#3515=AXIS2_PLACEMENT_3D('',#4841,#3951,#3952);
#3516=AXIS2_PLACEMENT_3D('',#4844,#3955,#3956);
#3517=AXIS2_PLACEMENT_3D('',#4845,#3957,#3958);
#3518=AXIS2_PLACEMENT_3D('',#4846,#3959,#3960);
#3519=AXIS2_PLACEMENT_3D('',#4855,#3965,#3966);
#3520=AXIS2_PLACEMENT_3D('',#4861,#3970,#3971);
#3521=AXIS2_PLACEMENT_3D('',#4867,#3975,#3976);
#3522=AXIS2_PLACEMENT_3D('',#4870,#3979,#3980);
#3523=AXIS2_PLACEMENT_3D('',#4871,#3981,#3982);
#3524=AXIS2_PLACEMENT_3D('',#4872,#3983,#3984);
#3525=AXIS2_PLACEMENT_3D('',#4881,#3989,#3990);
#3526=AXIS2_PLACEMENT_3D('',#4887,#3994,#3995);
#3527=AXIS2_PLACEMENT_3D('',#4893,#3999,#4000);
#3528=AXIS2_PLACEMENT_3D('',#4896,#4003,#4004);
#3529=AXIS2_PLACEMENT_3D('',#4897,#4005,#4006);
#3530=AXIS2_PLACEMENT_3D('',#4898,#4007,#4008);
#3531=AXIS2_PLACEMENT_3D('',#4907,#4013,#4014);
#3532=AXIS2_PLACEMENT_3D('',#4913,#4018,#4019);
#3533=AXIS2_PLACEMENT_3D('',#4919,#4023,#4024);
#3534=AXIS2_PLACEMENT_3D('',#4922,#4027,#4028);
#3535=AXIS2_PLACEMENT_3D('',#4923,#4029,#4030);
#3536=AXIS2_PLACEMENT_3D('',#4924,#4031,#4032);
#3537=AXIS2_PLACEMENT_3D('',#4933,#4037,#4038);
#3538=AXIS2_PLACEMENT_3D('',#4939,#4042,#4043);
#3539=AXIS2_PLACEMENT_3D('',#4945,#4047,#4048);
#3540=AXIS2_PLACEMENT_3D('',#4948,#4051,#4052);
#3541=AXIS2_PLACEMENT_3D('',#4949,#4053,#4054);
#3542=AXIS2_PLACEMENT_3D('',#4950,#4055,#4056);
#3543=AXIS2_PLACEMENT_3D('',#4959,#4061,#4062);
#3544=AXIS2_PLACEMENT_3D('',#4965,#4066,#4067);
#3545=AXIS2_PLACEMENT_3D('',#4971,#4071,#4072);
#3546=AXIS2_PLACEMENT_3D('',#4974,#4075,#4076);
#3547=AXIS2_PLACEMENT_3D('',#4975,#4077,#4078);
#3548=AXIS2_PLACEMENT_3D('',#4976,#4079,#4080);
#3549=AXIS2_PLACEMENT_3D('',#4985,#4085,#4086);
#3550=AXIS2_PLACEMENT_3D('',#4991,#4090,#4091);
#3551=AXIS2_PLACEMENT_3D('',#4997,#4095,#4096);
#3552=AXIS2_PLACEMENT_3D('',#5000,#4099,#4100);
#3553=AXIS2_PLACEMENT_3D('',#5001,#4101,#4102);
#3554=AXIS2_PLACEMENT_3D('',#5002,#4103,#4104);
#3555=AXIS2_PLACEMENT_3D('',#5011,#4109,#4110);
#3556=AXIS2_PLACEMENT_3D('',#5017,#4114,#4115);
#3557=AXIS2_PLACEMENT_3D('',#5023,#4119,#4120);
#3558=AXIS2_PLACEMENT_3D('',#5026,#4123,#4124);
#3559=AXIS2_PLACEMENT_3D('',#5027,#4125,#4126);
#3560=AXIS2_PLACEMENT_3D('',#5028,#4127,#4128);
#3561=AXIS2_PLACEMENT_3D('',#5037,#4133,#4134);
#3562=AXIS2_PLACEMENT_3D('',#5043,#4138,#4139);
#3563=AXIS2_PLACEMENT_3D('',#5049,#4143,#4144);
#3564=AXIS2_PLACEMENT_3D('',#5052,#4147,#4148);
#3565=AXIS2_PLACEMENT_3D('',#5053,#4149,#4150);
#3566=AXIS2_PLACEMENT_3D('',#5054,#4151,#4152);
#3567=AXIS2_PLACEMENT_3D('',#5063,#4157,#4158);
#3568=AXIS2_PLACEMENT_3D('',#5069,#4162,#4163);
#3569=AXIS2_PLACEMENT_3D('',#5075,#4167,#4168);
#3570=AXIS2_PLACEMENT_3D('',#5078,#4171,#4172);
#3571=AXIS2_PLACEMENT_3D('',#5079,#4173,#4174);
#3572=AXIS2_PLACEMENT_3D('',#5080,#4175,#4176);
#3573=AXIS2_PLACEMENT_3D('',#5089,#4181,#4182);
#3574=AXIS2_PLACEMENT_3D('',#5095,#4186,#4187);
#3575=AXIS2_PLACEMENT_3D('',#5101,#4191,#4192);
#3576=AXIS2_PLACEMENT_3D('',#5104,#4195,#4196);
#3577=AXIS2_PLACEMENT_3D('',#5105,#4197,#4198);
#3578=AXIS2_PLACEMENT_3D('',#5106,#4199,#4200);
#3579=AXIS2_PLACEMENT_3D('',#5115,#4205,#4206);
#3580=AXIS2_PLACEMENT_3D('',#5121,#4210,#4211);
#3581=AXIS2_PLACEMENT_3D('',#5127,#4215,#4216);
#3582=AXIS2_PLACEMENT_3D('',#5130,#4219,#4220);
#3583=AXIS2_PLACEMENT_3D('',#5131,#4221,#4222);
#3584=AXIS2_PLACEMENT_3D('',#5132,#4223,#4224);
#3585=AXIS2_PLACEMENT_3D('',#5141,#4229,#4230);
#3586=AXIS2_PLACEMENT_3D('',#5147,#4234,#4235);
#3587=AXIS2_PLACEMENT_3D('',#5153,#4239,#4240);
#3588=AXIS2_PLACEMENT_3D('',#5156,#4243,#4244);
#3589=AXIS2_PLACEMENT_3D('',#5157,#4245,#4246);
#3590=AXIS2_PLACEMENT_3D('',#5158,#4247,#4248);
#3591=AXIS2_PLACEMENT_3D('',#5167,#4253,#4254);
#3592=AXIS2_PLACEMENT_3D('',#5173,#4258,#4259);
#3593=AXIS2_PLACEMENT_3D('',#5179,#4263,#4264);
#3594=AXIS2_PLACEMENT_3D('',#5182,#4267,#4268);
#3595=AXIS2_PLACEMENT_3D('',#5183,#4269,#4270);
#3596=AXIS2_PLACEMENT_3D('',#5184,#4271,#4272);
#3597=AXIS2_PLACEMENT_3D('',#5193,#4277,#4278);
#3598=AXIS2_PLACEMENT_3D('',#5199,#4282,#4283);
#3599=AXIS2_PLACEMENT_3D('',#5205,#4287,#4288);
#3600=AXIS2_PLACEMENT_3D('',#5208,#4291,#4292);
#3601=AXIS2_PLACEMENT_3D('',#5209,#4293,#4294);
#3602=AXIS2_PLACEMENT_3D('',#5210,#4295,#4296);
#3603=AXIS2_PLACEMENT_3D('',#5219,#4301,#4302);
#3604=AXIS2_PLACEMENT_3D('',#5225,#4306,#4307);
#3605=AXIS2_PLACEMENT_3D('',#5231,#4311,#4312);
#3606=AXIS2_PLACEMENT_3D('',#5234,#4315,#4316);
#3607=AXIS2_PLACEMENT_3D('',#5235,#4317,#4318);
#3608=AXIS2_PLACEMENT_3D('',#5236,#4319,#4320);
#3609=AXIS2_PLACEMENT_3D('',#5245,#4325,#4326);
#3610=AXIS2_PLACEMENT_3D('',#5251,#4330,#4331);
#3611=AXIS2_PLACEMENT_3D('',#5257,#4335,#4336);
#3612=AXIS2_PLACEMENT_3D('',#5260,#4339,#4340);
#3613=AXIS2_PLACEMENT_3D('',#5261,#4341,#4342);
#3614=AXIS2_PLACEMENT_3D('',#5262,#4343,#4344);
#3615=AXIS2_PLACEMENT_3D('',#5271,#4349,#4350);
#3616=AXIS2_PLACEMENT_3D('',#5277,#4354,#4355);
#3617=AXIS2_PLACEMENT_3D('',#5283,#4359,#4360);
#3618=AXIS2_PLACEMENT_3D('',#5286,#4363,#4364);
#3619=AXIS2_PLACEMENT_3D('',#5287,#4365,#4366);
#3620=AXIS2_PLACEMENT_3D('',#5288,#4367,#4368);
#3621=AXIS2_PLACEMENT_3D('',#5297,#4373,#4374);
#3622=AXIS2_PLACEMENT_3D('',#5303,#4378,#4379);
#3623=AXIS2_PLACEMENT_3D('',#5309,#4383,#4384);
#3624=AXIS2_PLACEMENT_3D('',#5312,#4387,#4388);
#3625=AXIS2_PLACEMENT_3D('',#5313,#4389,#4390);
#3626=AXIS2_PLACEMENT_3D('',#5314,#4391,#4392);
#3627=AXIS2_PLACEMENT_3D('',#5323,#4397,#4398);
#3628=AXIS2_PLACEMENT_3D('',#5329,#4402,#4403);
#3629=AXIS2_PLACEMENT_3D('',#5335,#4407,#4408);
#3630=AXIS2_PLACEMENT_3D('',#5338,#4411,#4412);
#3631=AXIS2_PLACEMENT_3D('',#5339,#4413,#4414);
#3632=AXIS2_PLACEMENT_3D('',#5340,#4415,#4416);
#3633=AXIS2_PLACEMENT_3D('',#5349,#4421,#4422);
#3634=AXIS2_PLACEMENT_3D('',#5355,#4426,#4427);
#3635=AXIS2_PLACEMENT_3D('',#5361,#4431,#4432);
#3636=AXIS2_PLACEMENT_3D('',#5364,#4435,#4436);
#3637=AXIS2_PLACEMENT_3D('',#5365,#4437,#4438);
#3638=AXIS2_PLACEMENT_3D('',#5366,#4439,#4440);
#3639=AXIS2_PLACEMENT_3D('',#5375,#4445,#4446);
#3640=AXIS2_PLACEMENT_3D('',#5381,#4450,#4451);
#3641=AXIS2_PLACEMENT_3D('',#5387,#4455,#4456);
#3642=AXIS2_PLACEMENT_3D('',#5390,#4459,#4460);
#3643=AXIS2_PLACEMENT_3D('',#5391,#4461,#4462);
#3644=AXIS2_PLACEMENT_3D('',#5392,#4463,#4464);
#3645=AXIS2_PLACEMENT_3D('',#5401,#4469,#4470);
#3646=AXIS2_PLACEMENT_3D('',#5407,#4474,#4475);
#3647=AXIS2_PLACEMENT_3D('',#5413,#4479,#4480);
#3648=AXIS2_PLACEMENT_3D('',#5416,#4483,#4484);
#3649=AXIS2_PLACEMENT_3D('',#5417,#4485,#4486);
#3650=AXIS2_PLACEMENT_3D('',#5418,#4487,#4488);
#3651=AXIS2_PLACEMENT_3D('',#5427,#4493,#4494);
#3652=AXIS2_PLACEMENT_3D('',#5433,#4498,#4499);
#3653=AXIS2_PLACEMENT_3D('',#5439,#4503,#4504);
#3654=AXIS2_PLACEMENT_3D('',#5442,#4507,#4508);
#3655=AXIS2_PLACEMENT_3D('',#5443,#4509,#4510);
#3656=AXIS2_PLACEMENT_3D('',#5444,#4511,#4512);
#3657=AXIS2_PLACEMENT_3D('',#5453,#4517,#4518);
#3658=AXIS2_PLACEMENT_3D('',#5459,#4522,#4523);
#3659=AXIS2_PLACEMENT_3D('',#5465,#4527,#4528);
#3660=AXIS2_PLACEMENT_3D('',#5468,#4531,#4532);
#3661=AXIS2_PLACEMENT_3D('',#5469,#4533,#4534);
#3662=AXIS2_PLACEMENT_3D('',#5470,#4535,#4536);
#3663=DIRECTION('axis',(0.,0.,1.));
#3664=DIRECTION('refdir',(1.,0.,0.));
#3665=DIRECTION('axis',(0.,0.,1.));
#3666=DIRECTION('refdir',(1.,0.,0.));
#3667=DIRECTION('center_axis',(-0.707106781186547,-0.707106781186548,0.));
#3668=DIRECTION('ref_axis',(0.,0.,1.));
#3669=DIRECTION('',(0.,0.,1.));
#3670=DIRECTION('',(-0.577350269189626,0.577350269189626,0.577350269189626));
#3671=DIRECTION('',(0.,0.,-1.));
#3672=DIRECTION('',(0.577350269189626,-0.577350269189626,0.577350269189626));
#3673=DIRECTION('center_axis',(8.91842888598299E-18,-0.707106781186548,
0.707106781186548));
#3674=DIRECTION('ref_axis',(1.,0.,-1.26125630856171E-17));
#3675=DIRECTION('',(1.,1.26125630856171E-17,0.));
#3676=DIRECTION('',(0.577350269189624,0.577350269189627,0.577350269189626));
#3677=DIRECTION('',(-1.,-1.26125630856171E-17,0.));
#3678=DIRECTION('center_axis',(0.707106781186549,-0.707106781186546,0.));
#3679=DIRECTION('ref_axis',(0.,0.,-1.));
#3680=DIRECTION('',(0.,0.,1.));
#3681=DIRECTION('',(0.,0.,-1.));
#3682=DIRECTION('',(0.577350269189624,0.577350269189627,-0.577350269189626));
#3683=DIRECTION('center_axis',(8.91842888598299E-18,-0.707106781186547,
-0.707106781186548));
#3684=DIRECTION('ref_axis',(-1.,0.,-1.26125630856171E-17));
#3685=DIRECTION('',(-1.,-1.26125630856171E-17,0.));
#3686=DIRECTION('',(1.,1.26125630856171E-17,0.));
#3687=DIRECTION('center_axis',(0.,0.,1.));
#3688=DIRECTION('ref_axis',(1.,0.,0.));
#3689=DIRECTION('',(0.,-1.,0.));
#3690=DIRECTION('',(1.,0.,0.));
#3691=DIRECTION('',(0.,1.,0.));
#3692=DIRECTION('center_axis',(-1.,0.,0.));
#3693=DIRECTION('ref_axis',(0.,-1.,0.));
#3694=DIRECTION('',(0.,1.,0.));
#3695=DIRECTION('',(0.,0.,1.));
#3696=DIRECTION('center_axis',(1.26125630856171E-17,-1.,0.));
#3697=DIRECTION('ref_axis',(1.,1.26125630856171E-17,0.));
#3698=DIRECTION('center_axis',(5.6277430035912E-17,0.707106781186548,0.707106781186548));
#3699=DIRECTION('ref_axis',(1.,0.,-7.95883048122897E-17));
#3700=DIRECTION('',(1.,-7.95883048122897E-17,0.));
#3701=DIRECTION('',(-0.763162548564912,0.456937044059632,-0.456937044059632));
#3702=DIRECTION('',(-1.,7.95883048122897E-17,0.));
#3703=DIRECTION('',(0.763162548564915,0.45693704405963,-0.45693704405963));
#3704=DIRECTION('center_axis',(-0.623300464287468,-0.333910963011143,0.707106781186546));
#3705=DIRECTION('ref_axis',(0.750162652004079,0.,0.661253352005271));
#3706=DIRECTION('',(-0.472221412515419,0.881479970028782,0.));
#3707=DIRECTION('',(-0.38987211831746,-0.651152720703315,-0.651152720703314));
#3708=DIRECTION('',(0.472221412515419,-0.881479970028782,0.));
#3709=DIRECTION('center_axis',(-1.42694862175728E-16,-0.707106781186547,
0.707106781186548));
#3710=DIRECTION('ref_axis',(1.,0.,2.01801009369874E-16));
#3711=DIRECTION('',(-1.,2.01801009369874E-16,0.));
#3712=DIRECTION('',(0.389872118317465,-0.651152720703313,-0.651152720703312));
#3713=DIRECTION('',(1.,-2.01801009369874E-16,0.));
#3714=DIRECTION('center_axis',(0.623300464287466,-0.333910963011143,0.707106781186548));
#3715=DIRECTION('ref_axis',(0.750162652004081,0.,-0.661253352005269));
#3716=DIRECTION('',(0.472221412515419,0.881479970028782,0.));
#3717=DIRECTION('',(-0.472221412515419,-0.881479970028782,0.));
#3718=DIRECTION('center_axis',(0.881479970028782,-0.472221412515419,0.));
#3719=DIRECTION('ref_axis',(0.472221412515419,0.881479970028782,0.));
#3720=DIRECTION('',(0.,0.,1.));
#3721=DIRECTION('',(-0.472221412515419,-0.881479970028782,0.));
#3722=DIRECTION('',(0.,0.,1.));
#3723=DIRECTION('center_axis',(7.95883048122897E-17,1.,0.));
#3724=DIRECTION('ref_axis',(-1.,7.95883048122897E-17,0.));
#3725=DIRECTION('',(0.,0.,1.));
#3726=DIRECTION('',(1.,-7.95883048122897E-17,0.));
#3727=DIRECTION('center_axis',(0.,0.,1.));
#3728=DIRECTION('ref_axis',(1.,0.,0.));
#3729=DIRECTION('',(-1.,1.72258683885609E-34,0.));
#3730=DIRECTION('',(0.472221412515419,-0.881479970028782,0.));
#3731=DIRECTION('',(1.,-1.77635683940025E-16,0.));
#3732=DIRECTION('',(0.472221412515419,0.881479970028782,0.));
#3733=DIRECTION('center_axis',(-1.42694862175728E-16,-0.707106781186547,
-0.707106781186548));
#3734=DIRECTION('ref_axis',(-1.,0.,2.01801009369874E-16));
#3735=DIRECTION('',(-1.,2.01801009369874E-16,0.));
#3736=DIRECTION('',(-0.389872118317466,0.651152720703313,-0.651152720703312));
#3737=DIRECTION('',(1.,-2.01801009369874E-16,0.));
#3738=DIRECTION('',(-0.389872118317465,-0.651152720703313,0.651152720703312));
#3739=DIRECTION('center_axis',(0.623300464287465,-0.333910963011142,-0.707106781186549));
#3740=DIRECTION('ref_axis',(-0.750162652004082,0.,-0.661253352005268));
#3741=DIRECTION('',(0.472221412515419,0.881479970028782,0.));
#3742=DIRECTION('',(0.763162548564915,0.456937044059631,0.456937044059629));
#3743=DIRECTION('center_axis',(-0.623300464287468,-0.333910963011143,-0.707106781186546));
#3744=DIRECTION('ref_axis',(-0.75016265200408,0.,0.66125335200527));
#3745=DIRECTION('',(-0.472221412515419,0.881479970028782,0.));
#3746=DIRECTION('',(0.472221412515419,-0.881479970028782,0.));
#3747=DIRECTION('',(-0.763162548564913,0.456937044059631,0.456937044059631));
#3748=DIRECTION('center_axis',(5.6277430035912E-17,0.707106781186547,-0.707106781186548));
#3749=DIRECTION('ref_axis',(-1.,0.,-7.95883048122897E-17));
#3750=DIRECTION('',(-1.,7.95883048122897E-17,0.));
#3751=DIRECTION('center_axis',(-2.01801009369874E-16,-1.,0.));
#3752=DIRECTION('ref_axis',(1.,-2.01801009369874E-16,0.));
#3753=DIRECTION('',(0.,0.,1.));
#3754=DIRECTION('center_axis',(0.,0.,1.));
#3755=DIRECTION('ref_axis',(1.,0.,0.));
#3756=DIRECTION('',(-1.,1.77635683940025E-16,0.));
#3757=DIRECTION('',(-0.472221412515419,0.881479970028782,0.));
#3758=DIRECTION('',(1.,-1.72258683885609E-34,0.));
#3759=DIRECTION('',(-0.472221412515419,-0.881479970028782,0.));
#3760=DIRECTION('center_axis',(0.430347256734189,0.718753083136598,0.546072563038093));
#3761=DIRECTION('ref_axis',(0.785415967244813,0.,-0.618968301609133));
#3762=DIRECTION('',(-0.728527880804951,-0.0806238479541129,0.680255041900403));
#3763=DIRECTION('',(0.85796894247852,-0.513701560969295,0.));
#3764=DIRECTION('',(-0.272958157852391,0.680255041900402,-0.680255041900398));
#3765=DIRECTION('center_axis',(0.430347256734189,0.718753083136598,-0.546072563038094));
#3766=DIRECTION('ref_axis',(-0.785415967244813,0.,-0.618968301609133));
#3767=DIRECTION('',(-0.85796894247852,0.513701560969295,0.));
#3768=DIRECTION('',(0.728527880804951,0.0806238479541144,0.680255041900403));
#3769=DIRECTION('',(0.27295815785239,-0.680255041900402,-0.680255041900397));
#3770=DIRECTION('center_axis',(-0.430347256734188,0.718753083136601,0.546072563038091));
#3771=DIRECTION('ref_axis',(0.785415967244813,0.,0.618968301609134));
#3772=DIRECTION('',(-0.272958157852394,-0.6802550419004,0.680255041900399));
#3773=DIRECTION('',(0.857968942478521,0.513701560969293,0.));
#3774=DIRECTION('',(-0.728527880804952,0.0806238479541112,-0.680255041900402));
#3775=DIRECTION('center_axis',(0.580392965843634,-0.347505320726616,0.736467281870635));
#3776=DIRECTION('ref_axis',(0.785415967244812,0.,-0.618968301609135));
#3777=DIRECTION('',(-0.428232143640908,0.638990309454186,0.638990309454186));
#3778=DIRECTION('',(-0.513701560969295,-0.85796894247852,0.));
#3779=DIRECTION('',(0.765477546580973,-0.0757331506278298,-0.638990309454186));
#3780=DIRECTION('center_axis',(-0.430347256734186,0.718753083136601,-0.546072563038092));
#3781=DIRECTION('ref_axis',(-0.785415967244814,0.,0.618968301609132));
#3782=DIRECTION('',(-0.857968942478521,-0.513701560969293,0.));
#3783=DIRECTION('',(0.272958157852396,0.6802550419004,0.680255041900398));
#3784=DIRECTION('',(0.728527880804951,-0.0806238479541143,-0.680255041900403));
#3785=DIRECTION('center_axis',(1.25607396694702E-16,0.707106781186546,-0.707106781186549));
#3786=DIRECTION('ref_axis',(-1.,0.,-1.77635683940024E-16));
#3787=DIRECTION('',(1.,-1.77635683940025E-16,0.));
#3788=DIRECTION('center_axis',(0.580392965843633,-0.347505320726617,-0.736467281870636));
#3789=DIRECTION('ref_axis',(-0.785415967244813,0.,-0.618968301609134));
#3790=DIRECTION('',(0.513701560969295,0.85796894247852,0.));
#3791=DIRECTION('',(0.428232143640908,-0.638990309454186,0.638990309454186));
#3792=DIRECTION('',(-0.765477546580973,0.0757331506278326,-0.638990309454186));
#3793=DIRECTION('center_axis',(-0.580392965843634,-0.347505320726616,0.736467281870636));
#3794=DIRECTION('ref_axis',(0.785415967244812,0.,0.618968301609134));
#3795=DIRECTION('',(0.765477546580974,0.075733150627834,0.638990309454185));
#3796=DIRECTION('',(-0.513701560969295,0.85796894247852,0.));
#3797=DIRECTION('',(-0.428232143640909,-0.638990309454186,-0.638990309454186));
#3798=DIRECTION('center_axis',(-0.580392965843632,-0.347505320726618,-0.736467281870636));
#3799=DIRECTION('ref_axis',(-0.785415967244813,0.,0.618968301609133));
#3800=DIRECTION('',(0.513701560969295,-0.85796894247852,0.));
#3801=DIRECTION('',(-0.765477546580973,-0.075733150627834,0.638990309454185));
#3802=DIRECTION('',(0.428232143640909,0.638990309454186,-0.638990309454186));
#3803=DIRECTION('center_axis',(-0.623300464287468,0.333910963011143,-0.707106781186547));
#3804=DIRECTION('ref_axis',(-0.75016265200408,0.,0.66125335200527));
#3805=DIRECTION('',(0.472221412515419,0.881479970028782,0.));
#3806=DIRECTION('center_axis',(-1.21805283493784E-34,-0.707106781186547,
-0.707106781186548));
#3807=DIRECTION('ref_axis',(-1.,0.,1.72258683885609E-34));
#3808=DIRECTION('',(-1.,1.72258683885609E-34,0.));
#3809=DIRECTION('center_axis',(-0.85796894247852,-0.513701560969295,0.));
#3810=DIRECTION('ref_axis',(0.,0.,1.));
#3811=DIRECTION('',(0.,0.,-1.));
#3812=DIRECTION('',(0.,0.,1.));
#3813=DIRECTION('center_axis',(-1.21805283493784E-34,-0.707106781186548,
0.707106781186548));
#3814=DIRECTION('ref_axis',(1.,0.,1.72258683885609E-34));
#3815=DIRECTION('',(1.,-1.72258683885609E-34,0.));
#3816=DIRECTION('center_axis',(-0.623300464287467,0.333910963011143,0.707106781186547));
#3817=DIRECTION('ref_axis',(0.75016265200408,0.,0.66125335200527));
#3818=DIRECTION('',(-0.472221412515419,-0.881479970028782,0.));
#3819=DIRECTION('center_axis',(0.623300464287468,0.333910963011144,-0.707106781186546));
#3820=DIRECTION('ref_axis',(-0.75016265200408,0.,-0.66125335200527));
#3821=DIRECTION('',(0.472221412515419,-0.881479970028782,0.));
#3822=DIRECTION('center_axis',(0.85796894247852,-0.513701560969295,0.));
#3823=DIRECTION('ref_axis',(0.,0.,-1.));
#3824=DIRECTION('',(0.,0.,-1.));
#3825=DIRECTION('',(0.,0.,1.));
#3826=DIRECTION('center_axis',(-0.513701560969293,0.857968942478521,0.));
#3827=DIRECTION('ref_axis',(0.,0.,1.));
#3828=DIRECTION('',(0.,0.,-1.));
#3829=DIRECTION('',(0.,0.,1.));
#3830=DIRECTION('center_axis',(0.623300464287467,0.333910963011143,0.707106781186546));
#3831=DIRECTION('ref_axis',(0.75016265200408,0.,-0.66125335200527));
#3832=DIRECTION('',(-0.472221412515419,0.881479970028782,0.));
#3833=DIRECTION('center_axis',(1.25607396694702E-16,0.707106781186546,0.707106781186549));
#3834=DIRECTION('ref_axis',(1.,0.,-1.77635683940024E-16));
#3835=DIRECTION('',(-1.,1.77635683940025E-16,0.));
#3836=DIRECTION('center_axis',(0.513701560969295,0.85796894247852,0.));
#3837=DIRECTION('ref_axis',(0.,0.,-1.));
#3838=DIRECTION('',(0.,0.,-1.));
#3839=DIRECTION('',(0.,0.,1.));
#3840=DIRECTION('center_axis',(1.77635683940025E-16,1.,0.));
#3841=DIRECTION('ref_axis',(-1.,1.77635683940025E-16,0.));
#3842=DIRECTION('center_axis',(-0.881479970028782,0.472221412515419,0.));
#3843=DIRECTION('ref_axis',(-0.472221412515419,-0.881479970028782,0.));
#3844=DIRECTION('',(0.00637038458534872,0.0118913845593176,0.999909002446471));
#3845=DIRECTION('',(-0.455124346690403,-0.849565447155419,0.266646545166532));
#3846=DIRECTION('',(-0.456051942975587,-0.851296960221096,-0.259441921875617));
#3847=DIRECTION('',(-0.00637038458535027,-0.0118913845593205,-0.999909002446471));
#3848=DIRECTION('',(0.455124346690403,0.849565447155419,-0.266646545166532));
#3849=DIRECTION('',(0.456051942975587,0.851296960221096,0.259441921875617));
#3850=DIRECTION('center_axis',(-1.72258683885609E-34,-1.,0.));
#3851=DIRECTION('ref_axis',(1.,-1.72258683885609E-34,0.));
#3852=DIRECTION('center_axis',(1.72258683885609E-34,1.,0.));
#3853=DIRECTION('ref_axis',(-1.,0.,0.));
#3854=DIRECTION('center_axis',(1.72258683885609E-34,1.,0.));
#3855=DIRECTION('ref_axis',(-1.,0.,0.));
#3856=DIRECTION('',(0.,0.,-1.));
#3857=DIRECTION('',(-1.,0.,0.));
#3858=DIRECTION('center_axis',(0.881479970028782,0.472221412515419,0.));
#3859=DIRECTION('ref_axis',(-0.472221412515419,0.881479970028782,0.));
#3860=DIRECTION('',(-0.456051942975587,0.851296960221096,0.259441921875617));
#3861=DIRECTION('',(-0.455124346690403,0.849565447155418,-0.266646545166533));
#3862=DIRECTION('',(0.00637038458534796,-0.0118913845593162,-0.999909002446471));
#3863=DIRECTION('',(0.456051942975587,-0.851296960221096,-0.259441921875617));
#3864=DIRECTION('',(0.455124346690403,-0.849565447155419,0.266646545166532));
#3865=DIRECTION('',(-0.00637038458535104,0.0118913845593219,0.999909002446471));
#3866=DIRECTION('center_axis',(-0.999979706024554,0.,0.00637083503532406));
#3867=DIRECTION('ref_axis',(-0.00637083503532406,0.,-0.999979706024554));
#3868=DIRECTION('',(0.,-1.,0.));
#3869=DIRECTION('',(-0.00637083503532406,0.,-0.999979706024554));
#3870=DIRECTION('',(0.,-1.,0.));
#3871=DIRECTION('center_axis',(-0.505507157996187,0.,-0.862822411168497));
#3872=DIRECTION('ref_axis',(0.862822411168497,0.,-0.505507157996187));
#3873=DIRECTION('',(0.862822411168497,0.,-0.505507157996186));
#3874=DIRECTION('',(0.,-1.,0.));
#3875=DIRECTION('center_axis',(0.494472548028366,0.,-0.869193246203821));
#3876=DIRECTION('ref_axis',(0.86919324620382,0.,0.494472548028366));
#3877=DIRECTION('',(0.86919324620382,0.,0.494472548028366));
#3878=DIRECTION('',(0.,-1.,0.));
#3879=DIRECTION('center_axis',(0.999979706024554,0.,-0.00637083503532252));
#3880=DIRECTION('ref_axis',(0.00637083503532251,0.,0.999979706024554));
#3881=DIRECTION('',(0.00637083503532252,0.,0.999979706024554));
#3882=DIRECTION('',(0.,-1.,0.));
#3883=DIRECTION('center_axis',(-0.494472548028366,0.,0.86919324620382));
#3884=DIRECTION('ref_axis',(-0.86919324620382,0.,-0.494472548028366));
#3885=DIRECTION('',(0.,-1.,0.));
#3886=DIRECTION('',(-0.86919324620382,0.,-0.494472548028366));
#3887=DIRECTION('center_axis',(0.505507157996187,0.,0.862822411168497));
#3888=DIRECTION('ref_axis',(-0.862822411168497,0.,0.505507157996187));
#3889=DIRECTION('',(-0.862822411168497,0.,0.505507157996187));
#3890=DIRECTION('center_axis',(0.,1.,0.));
#3891=DIRECTION('ref_axis',(-1.,0.,0.));
#3892=DIRECTION('center_axis',(0.,1.,0.));
#3893=DIRECTION('ref_axis',(-1.,0.,0.));
#3894=DIRECTION('center_axis',(-0.494472548028366,0.,-0.869193246203821));
#3895=DIRECTION('ref_axis',(0.86919324620382,0.,-0.494472548028366));
#3896=DIRECTION('',(0.,-1.,0.));
#3897=DIRECTION('',(0.86919324620382,0.,-0.494472548028366));
#3898=DIRECTION('',(0.,-1.,0.));
#3899=DIRECTION('center_axis',(0.505507157996187,0.,-0.862822411168497));
#3900=DIRECTION('ref_axis',(0.862822411168496,0.,0.505507157996187));
#3901=DIRECTION('',(0.862822411168496,0.,0.505507157996187));
#3902=DIRECTION('',(0.,-1.,0.));
#3903=DIRECTION('center_axis',(0.999979706024554,0.,0.00637083503532483));
#3904=DIRECTION('ref_axis',(-0.00637083503532483,0.,0.999979706024554));
#3905=DIRECTION('',(-0.00637083503532483,0.,0.999979706024554));
#3906=DIRECTION('',(0.,-1.,0.));
#3907=DIRECTION('center_axis',(0.494472548028366,0.,0.869193246203821));
#3908=DIRECTION('ref_axis',(-0.869193246203821,0.,0.494472548028366));
#3909=DIRECTION('',(-0.869193246203821,0.,0.494472548028366));
#3910=DIRECTION('',(0.,-1.,0.));
#3911=DIRECTION('center_axis',(-0.999979706024554,0.,-0.00637083503532175));
#3912=DIRECTION('ref_axis',(0.00637083503532175,0.,-0.999979706024554));
#3913=DIRECTION('',(0.,-1.,0.));
#3914=DIRECTION('',(0.00637083503532175,0.,-0.999979706024554));
#3915=DIRECTION('center_axis',(-0.505507157996189,0.,0.862822411168496));
#3916=DIRECTION('ref_axis',(-0.862822411168496,0.,-0.505507157996189));
#3917=DIRECTION('',(-0.862822411168496,0.,-0.505507157996189));
#3918=DIRECTION('center_axis',(0.,1.,0.));
#3919=DIRECTION('ref_axis',(-1.,0.,0.));
#3920=DIRECTION('center_axis',(0.,1.,0.));
#3921=DIRECTION('ref_axis',(-1.,0.,0.));
#3922=DIRECTION('center_axis',(0.,0.,-1.));
#3923=DIRECTION('ref_axis',(-1.,0.,0.));
#3924=DIRECTION('',(0.,-1.,0.));
#3925=DIRECTION('center_axis',(1.,0.,0.));
#3926=DIRECTION('ref_axis',(0.,1.,0.));
#3927=DIRECTION('center_axis',(0.,-1.,0.));
#3928=DIRECTION('ref_axis',(-1.,0.,0.));
#3929=DIRECTION('',(0.,-1.,0.));
#3930=DIRECTION('center_axis',(0.,-1.,0.));
#3931=DIRECTION('ref_axis',(-1.,0.,0.));
#3932=DIRECTION('',(0.,-1.,0.));
#3933=DIRECTION('center_axis',(-0.881479970028782,-0.472221412515419,0.));
#3934=DIRECTION('ref_axis',(0.472221412515419,-0.881479970028782,0.));
#3935=DIRECTION('center_axis',(0.,1.,0.));
#3936=DIRECTION('ref_axis',(1.,0.,0.));
#3937=DIRECTION('',(1.,0.,0.));
#3938=DIRECTION('',(0.,0.,-1.));
#3939=DIRECTION('',(-1.,0.,0.));
#3940=DIRECTION('',(0.,0.,-1.));
#3941=DIRECTION('center_axis',(-1.,1.64477485129653E-15,0.));
#3942=DIRECTION('ref_axis',(1.64477485129653E-15,1.,0.));
#3943=DIRECTION('',(1.64477485129653E-15,1.,0.));
#3944=DIRECTION('',(0.,0.,-1.));
#3945=DIRECTION('',(-1.64477485129653E-15,-1.,0.));
#3946=DIRECTION('center_axis',(0.,-1.,0.));
#3947=DIRECTION('ref_axis',(-1.,0.,0.));
#3948=DIRECTION('',(-1.,0.,0.));
#3949=DIRECTION('',(0.,0.,-1.));
#3950=DIRECTION('',(1.,0.,0.));
#3951=DIRECTION('center_axis',(1.,1.64477485129653E-15,0.));
#3952=DIRECTION('ref_axis',(1.64477485129653E-15,-1.,0.));
#3953=DIRECTION('',(1.64477485129653E-15,-1.,0.));
#3954=DIRECTION('',(-1.64477485129653E-15,1.,0.));
#3955=DIRECTION('center_axis',(0.,0.,-1.));
#3956=DIRECTION('ref_axis',(1.,0.,0.));
#3957=DIRECTION('center_axis',(0.,0.,1.));
#3958=DIRECTION('ref_axis',(1.,0.,0.));
#3959=DIRECTION('center_axis',(0.,1.,0.));
#3960=DIRECTION('ref_axis',(1.,0.,0.));
#3961=DIRECTION('',(1.,0.,0.));
#3962=DIRECTION('',(0.,0.,-1.));
#3963=DIRECTION('',(-1.,0.,0.));
#3964=DIRECTION('',(0.,0.,-1.));
#3965=DIRECTION('center_axis',(-1.,1.64477485129653E-15,0.));
#3966=DIRECTION('ref_axis',(1.64477485129653E-15,1.,0.));
#3967=DIRECTION('',(1.64477485129653E-15,1.,0.));
#3968=DIRECTION('',(0.,0.,-1.));
#3969=DIRECTION('',(-1.64477485129653E-15,-1.,0.));
#3970=DIRECTION('center_axis',(0.,-1.,0.));
#3971=DIRECTION('ref_axis',(-1.,0.,0.));
#3972=DIRECTION('',(-1.,0.,0.));
#3973=DIRECTION('',(0.,0.,-1.));
#3974=DIRECTION('',(1.,0.,0.));
#3975=DIRECTION('center_axis',(1.,1.64477485129653E-15,0.));
#3976=DIRECTION('ref_axis',(1.64477485129653E-15,-1.,0.));
#3977=DIRECTION('',(1.64477485129653E-15,-1.,0.));
#3978=DIRECTION('',(-1.64477485129653E-15,1.,0.));
#3979=DIRECTION('center_axis',(0.,0.,-1.));
#3980=DIRECTION('ref_axis',(1.,0.,0.));
#3981=DIRECTION('center_axis',(0.,0.,1.));
#3982=DIRECTION('ref_axis',(1.,0.,0.));
#3983=DIRECTION('center_axis',(0.,1.,0.));
#3984=DIRECTION('ref_axis',(1.,0.,0.));
#3985=DIRECTION('',(1.,0.,0.));
#3986=DIRECTION('',(0.,0.,-1.));
#3987=DIRECTION('',(-1.,0.,0.));
#3988=DIRECTION('',(0.,0.,-1.));
#3989=DIRECTION('center_axis',(-1.,1.64477485129653E-15,0.));
#3990=DIRECTION('ref_axis',(1.64477485129653E-15,1.,0.));
#3991=DIRECTION('',(1.64477485129653E-15,1.,0.));
#3992=DIRECTION('',(0.,0.,-1.));
#3993=DIRECTION('',(-1.64477485129653E-15,-1.,0.));
#3994=DIRECTION('center_axis',(0.,-1.,0.));
#3995=DIRECTION('ref_axis',(-1.,0.,0.));
#3996=DIRECTION('',(-1.,0.,0.));
#3997=DIRECTION('',(0.,0.,-1.));
#3998=DIRECTION('',(1.,0.,0.));
#3999=DIRECTION('center_axis',(1.,1.64477485129653E-15,0.));
#4000=DIRECTION('ref_axis',(1.64477485129653E-15,-1.,0.));
#4001=DIRECTION('',(1.64477485129653E-15,-1.,0.));
#4002=DIRECTION('',(-1.64477485129653E-15,1.,0.));
#4003=DIRECTION('center_axis',(0.,0.,-1.));
#4004=DIRECTION('ref_axis',(1.,0.,0.));
#4005=DIRECTION('center_axis',(0.,0.,1.));
#4006=DIRECTION('ref_axis',(1.,0.,0.));
#4007=DIRECTION('center_axis',(0.,1.,0.));
#4008=DIRECTION('ref_axis',(1.,0.,0.));
#4009=DIRECTION('',(1.,0.,0.));
#4010=DIRECTION('',(0.,0.,-1.));
#4011=DIRECTION('',(-1.,0.,0.));
#4012=DIRECTION('',(0.,0.,-1.));
#4013=DIRECTION('center_axis',(-1.,1.64477485129653E-15,0.));
#4014=DIRECTION('ref_axis',(1.64477485129653E-15,1.,0.));
#4015=DIRECTION('',(1.64477485129653E-15,1.,0.));
#4016=DIRECTION('',(0.,0.,-1.));
#4017=DIRECTION('',(-1.64477485129653E-15,-1.,0.));
#4018=DIRECTION('center_axis',(0.,-1.,0.));
#4019=DIRECTION('ref_axis',(-1.,0.,0.));
#4020=DIRECTION('',(-1.,0.,0.));
#4021=DIRECTION('',(0.,0.,-1.));
#4022=DIRECTION('',(1.,0.,0.));
#4023=DIRECTION('center_axis',(1.,1.64477485129653E-15,0.));
#4024=DIRECTION('ref_axis',(1.64477485129653E-15,-1.,0.));
#4025=DIRECTION('',(1.64477485129653E-15,-1.,0.));
#4026=DIRECTION('',(-1.64477485129653E-15,1.,0.));
#4027=DIRECTION('center_axis',(0.,0.,-1.));
#4028=DIRECTION('ref_axis',(1.,0.,0.));
#4029=DIRECTION('center_axis',(0.,0.,1.));
#4030=DIRECTION('ref_axis',(1.,0.,0.));
#4031=DIRECTION('center_axis',(0.,1.,0.));
#4032=DIRECTION('ref_axis',(1.,0.,0.));
#4033=DIRECTION('',(1.,0.,0.));
#4034=DIRECTION('',(0.,0.,-1.));
#4035=DIRECTION('',(-1.,0.,0.));
#4036=DIRECTION('',(0.,0.,-1.));
#4037=DIRECTION('center_axis',(-1.,1.64477485129653E-15,0.));
#4038=DIRECTION('ref_axis',(1.64477485129653E-15,1.,0.));
#4039=DIRECTION('',(1.64477485129653E-15,1.,0.));
#4040=DIRECTION('',(0.,0.,-1.));
#4041=DIRECTION('',(-1.64477485129653E-15,-1.,0.));
#4042=DIRECTION('center_axis',(0.,-1.,0.));
#4043=DIRECTION('ref_axis',(-1.,0.,0.));
#4044=DIRECTION('',(-1.,0.,0.));
#4045=DIRECTION('',(0.,0.,-1.));
#4046=DIRECTION('',(1.,0.,0.));
#4047=DIRECTION('center_axis',(1.,1.64477485129653E-15,0.));
#4048=DIRECTION('ref_axis',(1.64477485129653E-15,-1.,0.));
#4049=DIRECTION('',(1.64477485129653E-15,-1.,0.));
#4050=DIRECTION('',(-1.64477485129653E-15,1.,0.));
#4051=DIRECTION('center_axis',(0.,0.,-1.));
#4052=DIRECTION('ref_axis',(1.,0.,0.));
#4053=DIRECTION('center_axis',(0.,0.,1.));
#4054=DIRECTION('ref_axis',(1.,0.,0.));
#4055=DIRECTION('center_axis',(0.,1.,0.));
#4056=DIRECTION('ref_axis',(1.,0.,0.));
#4057=DIRECTION('',(1.,0.,0.));
#4058=DIRECTION('',(0.,0.,-1.));
#4059=DIRECTION('',(-1.,0.,0.));
#4060=DIRECTION('',(0.,0.,-1.));
#4061=DIRECTION('center_axis',(-1.,1.64477485129653E-15,0.));
#4062=DIRECTION('ref_axis',(1.64477485129653E-15,1.,0.));
#4063=DIRECTION('',(1.64477485129653E-15,1.,0.));
#4064=DIRECTION('',(0.,0.,-1.));
#4065=DIRECTION('',(-1.64477485129653E-15,-1.,0.));
#4066=DIRECTION('center_axis',(0.,-1.,0.));
#4067=DIRECTION('ref_axis',(-1.,0.,0.));
#4068=DIRECTION('',(-1.,0.,0.));
#4069=DIRECTION('',(0.,0.,-1.));
#4070=DIRECTION('',(1.,0.,0.));
#4071=DIRECTION('center_axis',(1.,1.64477485129653E-15,0.));
#4072=DIRECTION('ref_axis',(1.64477485129653E-15,-1.,0.));
#4073=DIRECTION('',(1.64477485129653E-15,-1.,0.));
#4074=DIRECTION('',(-1.64477485129653E-15,1.,0.));
#4075=DIRECTION('center_axis',(0.,0.,-1.));
#4076=DIRECTION('ref_axis',(1.,0.,0.));
#4077=DIRECTION('center_axis',(0.,0.,1.));
#4078=DIRECTION('ref_axis',(1.,0.,0.));
#4079=DIRECTION('center_axis',(0.,1.,0.));
#4080=DIRECTION('ref_axis',(1.,0.,0.));
#4081=DIRECTION('',(1.,0.,0.));
#4082=DIRECTION('',(0.,0.,-1.));
#4083=DIRECTION('',(-1.,0.,0.));
#4084=DIRECTION('',(0.,0.,-1.));
#4085=DIRECTION('center_axis',(-1.,1.64477485129653E-15,0.));
#4086=DIRECTION('ref_axis',(1.64477485129653E-15,1.,0.));
#4087=DIRECTION('',(1.64477485129653E-15,1.,0.));
#4088=DIRECTION('',(0.,0.,-1.));
#4089=DIRECTION('',(-1.64477485129653E-15,-1.,0.));
#4090=DIRECTION('center_axis',(0.,-1.,0.));
#4091=DIRECTION('ref_axis',(-1.,0.,0.));
#4092=DIRECTION('',(-1.,0.,0.));
#4093=DIRECTION('',(0.,0.,-1.));
#4094=DIRECTION('',(1.,0.,0.));
#4095=DIRECTION('center_axis',(1.,1.64477485129653E-15,0.));
#4096=DIRECTION('ref_axis',(1.64477485129653E-15,-1.,0.));
#4097=DIRECTION('',(1.64477485129653E-15,-1.,0.));
#4098=DIRECTION('',(-1.64477485129653E-15,1.,0.));
#4099=DIRECTION('center_axis',(0.,0.,-1.));
#4100=DIRECTION('ref_axis',(1.,0.,0.));
#4101=DIRECTION('center_axis',(0.,0.,1.));
#4102=DIRECTION('ref_axis',(1.,0.,0.));
#4103=DIRECTION('center_axis',(0.,1.,0.));
#4104=DIRECTION('ref_axis',(1.,0.,0.));
#4105=DIRECTION('',(1.,0.,0.));
#4106=DIRECTION('',(0.,0.,-1.));
#4107=DIRECTION('',(-1.,0.,0.));
#4108=DIRECTION('',(0.,0.,-1.));
#4109=DIRECTION('center_axis',(-1.,1.64477485129653E-15,0.));
#4110=DIRECTION('ref_axis',(1.64477485129653E-15,1.,0.));
#4111=DIRECTION('',(1.64477485129653E-15,1.,0.));
#4112=DIRECTION('',(0.,0.,-1.));
#4113=DIRECTION('',(-1.64477485129653E-15,-1.,0.));
#4114=DIRECTION('center_axis',(0.,-1.,0.));
#4115=DIRECTION('ref_axis',(-1.,0.,0.));
#4116=DIRECTION('',(-1.,0.,0.));
#4117=DIRECTION('',(0.,0.,-1.));
#4118=DIRECTION('',(1.,0.,0.));
#4119=DIRECTION('center_axis',(1.,1.64477485129653E-15,0.));
#4120=DIRECTION('ref_axis',(1.64477485129653E-15,-1.,0.));
#4121=DIRECTION('',(1.64477485129653E-15,-1.,0.));
#4122=DIRECTION('',(-1.64477485129653E-15,1.,0.));
#4123=DIRECTION('center_axis',(0.,0.,-1.));
#4124=DIRECTION('ref_axis',(1.,0.,0.));
#4125=DIRECTION('center_axis',(0.,0.,1.));
#4126=DIRECTION('ref_axis',(1.,0.,0.));
#4127=DIRECTION('center_axis',(0.,1.,0.));
#4128=DIRECTION('ref_axis',(1.,0.,0.));
#4129=DIRECTION('',(1.,0.,0.));
#4130=DIRECTION('',(0.,0.,-1.));
#4131=DIRECTION('',(-1.,0.,0.));
#4132=DIRECTION('',(0.,0.,-1.));
#4133=DIRECTION('center_axis',(-1.,1.64477485129653E-15,0.));
#4134=DIRECTION('ref_axis',(1.64477485129653E-15,1.,0.));
#4135=DIRECTION('',(1.64477485129653E-15,1.,0.));
#4136=DIRECTION('',(0.,0.,-1.));
#4137=DIRECTION('',(-1.64477485129653E-15,-1.,0.));
#4138=DIRECTION('center_axis',(0.,-1.,0.));
#4139=DIRECTION('ref_axis',(-1.,0.,0.));
#4140=DIRECTION('',(-1.,0.,0.));
#4141=DIRECTION('',(0.,0.,-1.));
#4142=DIRECTION('',(1.,0.,0.));
#4143=DIRECTION('center_axis',(1.,1.64477485129653E-15,0.));
#4144=DIRECTION('ref_axis',(1.64477485129653E-15,-1.,0.));
#4145=DIRECTION('',(1.64477485129653E-15,-1.,0.));
#4146=DIRECTION('',(-1.64477485129653E-15,1.,0.));
#4147=DIRECTION('center_axis',(0.,0.,-1.));
#4148=DIRECTION('ref_axis',(1.,0.,0.));
#4149=DIRECTION('center_axis',(0.,0.,1.));
#4150=DIRECTION('ref_axis',(1.,0.,0.));
#4151=DIRECTION('center_axis',(0.,1.,0.));
#4152=DIRECTION('ref_axis',(1.,0.,0.));
#4153=DIRECTION('',(1.,0.,0.));
#4154=DIRECTION('',(0.,0.,-1.));
#4155=DIRECTION('',(-1.,0.,0.));
#4156=DIRECTION('',(0.,0.,-1.));
#4157=DIRECTION('center_axis',(-1.,1.64477485129653E-15,0.));
#4158=DIRECTION('ref_axis',(1.64477485129653E-15,1.,0.));
#4159=DIRECTION('',(1.64477485129653E-15,1.,0.));
#4160=DIRECTION('',(0.,0.,-1.));
#4161=DIRECTION('',(-1.64477485129653E-15,-1.,0.));
#4162=DIRECTION('center_axis',(0.,-1.,0.));
#4163=DIRECTION('ref_axis',(-1.,0.,0.));
#4164=DIRECTION('',(-1.,0.,0.));
#4165=DIRECTION('',(0.,0.,-1.));
#4166=DIRECTION('',(1.,0.,0.));
#4167=DIRECTION('center_axis',(1.,1.64477485129653E-15,0.));
#4168=DIRECTION('ref_axis',(1.64477485129653E-15,-1.,0.));
#4169=DIRECTION('',(1.64477485129653E-15,-1.,0.));
#4170=DIRECTION('',(-1.64477485129653E-15,1.,0.));
#4171=DIRECTION('center_axis',(0.,0.,-1.));
#4172=DIRECTION('ref_axis',(1.,0.,0.));
#4173=DIRECTION('center_axis',(0.,0.,1.));
#4174=DIRECTION('ref_axis',(1.,0.,0.));
#4175=DIRECTION('center_axis',(0.,1.,0.));
#4176=DIRECTION('ref_axis',(1.,0.,0.));
#4177=DIRECTION('',(1.,0.,0.));
#4178=DIRECTION('',(0.,0.,-1.));
#4179=DIRECTION('',(-1.,0.,0.));
#4180=DIRECTION('',(0.,0.,-1.));
#4181=DIRECTION('center_axis',(-1.,1.64477485129653E-15,0.));
#4182=DIRECTION('ref_axis',(1.64477485129653E-15,1.,0.));
#4183=DIRECTION('',(1.64477485129653E-15,1.,0.));
#4184=DIRECTION('',(0.,0.,-1.));
#4185=DIRECTION('',(-1.64477485129653E-15,-1.,0.));
#4186=DIRECTION('center_axis',(0.,-1.,0.));
#4187=DIRECTION('ref_axis',(-1.,0.,0.));
#4188=DIRECTION('',(-1.,0.,0.));
#4189=DIRECTION('',(0.,0.,-1.));
#4190=DIRECTION('',(1.,0.,0.));
#4191=DIRECTION('center_axis',(1.,1.64477485129653E-15,0.));
#4192=DIRECTION('ref_axis',(1.64477485129653E-15,-1.,0.));
#4193=DIRECTION('',(1.64477485129653E-15,-1.,0.));
#4194=DIRECTION('',(-1.64477485129653E-15,1.,0.));
#4195=DIRECTION('center_axis',(0.,0.,-1.));
#4196=DIRECTION('ref_axis',(1.,0.,0.));
#4197=DIRECTION('center_axis',(0.,0.,1.));
#4198=DIRECTION('ref_axis',(1.,0.,0.));
#4199=DIRECTION('center_axis',(0.,1.,0.));
#4200=DIRECTION('ref_axis',(1.,0.,0.));
#4201=DIRECTION('',(1.,0.,0.));
#4202=DIRECTION('',(0.,0.,-1.));
#4203=DIRECTION('',(-1.,0.,0.));
#4204=DIRECTION('',(0.,0.,-1.));
#4205=DIRECTION('center_axis',(-1.,1.64477485129653E-15,0.));
#4206=DIRECTION('ref_axis',(1.64477485129653E-15,1.,0.));
#4207=DIRECTION('',(1.64477485129653E-15,1.,0.));
#4208=DIRECTION('',(0.,0.,-1.));
#4209=DIRECTION('',(-1.64477485129653E-15,-1.,0.));
#4210=DIRECTION('center_axis',(0.,-1.,0.));
#4211=DIRECTION('ref_axis',(-1.,0.,0.));
#4212=DIRECTION('',(-1.,0.,0.));
#4213=DIRECTION('',(0.,0.,-1.));
#4214=DIRECTION('',(1.,0.,0.));
#4215=DIRECTION('center_axis',(1.,1.64477485129653E-15,0.));
#4216=DIRECTION('ref_axis',(1.64477485129653E-15,-1.,0.));
#4217=DIRECTION('',(1.64477485129653E-15,-1.,0.));
#4218=DIRECTION('',(-1.64477485129653E-15,1.,0.));
#4219=DIRECTION('center_axis',(0.,0.,-1.));
#4220=DIRECTION('ref_axis',(1.,0.,0.));
#4221=DIRECTION('center_axis',(0.,0.,1.));
#4222=DIRECTION('ref_axis',(1.,0.,0.));
#4223=DIRECTION('center_axis',(0.,1.,0.));
#4224=DIRECTION('ref_axis',(1.,0.,0.));
#4225=DIRECTION('',(1.,0.,0.));
#4226=DIRECTION('',(0.,0.,-1.));
#4227=DIRECTION('',(-1.,0.,0.));
#4228=DIRECTION('',(0.,0.,-1.));
#4229=DIRECTION('center_axis',(-1.,1.64477485129653E-15,0.));
#4230=DIRECTION('ref_axis',(1.64477485129653E-15,1.,0.));
#4231=DIRECTION('',(1.64477485129653E-15,1.,0.));
#4232=DIRECTION('',(0.,0.,-1.));
#4233=DIRECTION('',(-1.64477485129653E-15,-1.,0.));
#4234=DIRECTION('center_axis',(0.,-1.,0.));
#4235=DIRECTION('ref_axis',(-1.,0.,0.));
#4236=DIRECTION('',(-1.,0.,0.));
#4237=DIRECTION('',(0.,0.,-1.));
#4238=DIRECTION('',(1.,0.,0.));
#4239=DIRECTION('center_axis',(1.,1.64477485129653E-15,0.));
#4240=DIRECTION('ref_axis',(1.64477485129653E-15,-1.,0.));
#4241=DIRECTION('',(1.64477485129653E-15,-1.,0.));
#4242=DIRECTION('',(-1.64477485129653E-15,1.,0.));
#4243=DIRECTION('center_axis',(0.,0.,-1.));
#4244=DIRECTION('ref_axis',(1.,0.,0.));
#4245=DIRECTION('center_axis',(0.,0.,1.));
#4246=DIRECTION('ref_axis',(1.,0.,0.));
#4247=DIRECTION('center_axis',(0.,1.,0.));
#4248=DIRECTION('ref_axis',(1.,0.,0.));
#4249=DIRECTION('',(1.,0.,0.));
#4250=DIRECTION('',(0.,0.,-1.));
#4251=DIRECTION('',(-1.,0.,0.));
#4252=DIRECTION('',(0.,0.,-1.));
#4253=DIRECTION('center_axis',(-1.,1.64477485129653E-15,0.));
#4254=DIRECTION('ref_axis',(1.64477485129653E-15,1.,0.));
#4255=DIRECTION('',(1.64477485129653E-15,1.,0.));
#4256=DIRECTION('',(0.,0.,-1.));
#4257=DIRECTION('',(-1.64477485129653E-15,-1.,0.));
#4258=DIRECTION('center_axis',(0.,-1.,0.));
#4259=DIRECTION('ref_axis',(-1.,0.,0.));
#4260=DIRECTION('',(-1.,0.,0.));
#4261=DIRECTION('',(0.,0.,-1.));
#4262=DIRECTION('',(1.,0.,0.));
#4263=DIRECTION('center_axis',(1.,1.64477485129653E-15,0.));
#4264=DIRECTION('ref_axis',(1.64477485129653E-15,-1.,0.));
#4265=DIRECTION('',(1.64477485129653E-15,-1.,0.));
#4266=DIRECTION('',(-1.64477485129653E-15,1.,0.));
#4267=DIRECTION('center_axis',(0.,0.,-1.));
#4268=DIRECTION('ref_axis',(1.,0.,0.));
#4269=DIRECTION('center_axis',(0.,0.,1.));
#4270=DIRECTION('ref_axis',(1.,0.,0.));
#4271=DIRECTION('center_axis',(0.,1.,0.));
#4272=DIRECTION('ref_axis',(1.,0.,0.));
#4273=DIRECTION('',(1.,0.,0.));
#4274=DIRECTION('',(0.,0.,-1.));
#4275=DIRECTION('',(-1.,0.,0.));
#4276=DIRECTION('',(0.,0.,-1.));
#4277=DIRECTION('center_axis',(-1.,1.64477485129653E-15,0.));
#4278=DIRECTION('ref_axis',(1.64477485129653E-15,1.,0.));
#4279=DIRECTION('',(1.64477485129653E-15,1.,0.));
#4280=DIRECTION('',(0.,0.,-1.));
#4281=DIRECTION('',(-1.64477485129653E-15,-1.,0.));
#4282=DIRECTION('center_axis',(0.,-1.,0.));
#4283=DIRECTION('ref_axis',(-1.,0.,0.));
#4284=DIRECTION('',(-1.,0.,0.));
#4285=DIRECTION('',(0.,0.,-1.));
#4286=DIRECTION('',(1.,0.,0.));
#4287=DIRECTION('center_axis',(1.,1.64477485129653E-15,0.));
#4288=DIRECTION('ref_axis',(1.64477485129653E-15,-1.,0.));
#4289=DIRECTION('',(1.64477485129653E-15,-1.,0.));
#4290=DIRECTION('',(-1.64477485129653E-15,1.,0.));
#4291=DIRECTION('center_axis',(0.,0.,-1.));
#4292=DIRECTION('ref_axis',(1.,0.,0.));
#4293=DIRECTION('center_axis',(0.,0.,1.));
#4294=DIRECTION('ref_axis',(1.,0.,0.));
#4295=DIRECTION('center_axis',(0.,1.,0.));
#4296=DIRECTION('ref_axis',(1.,0.,0.));
#4297=DIRECTION('',(1.,0.,0.));
#4298=DIRECTION('',(0.,0.,-1.));
#4299=DIRECTION('',(-1.,0.,0.));
#4300=DIRECTION('',(0.,0.,-1.));
#4301=DIRECTION('center_axis',(-1.,1.64477485129653E-15,0.));
#4302=DIRECTION('ref_axis',(1.64477485129653E-15,1.,0.));
#4303=DIRECTION('',(1.64477485129653E-15,1.,0.));
#4304=DIRECTION('',(0.,0.,-1.));
#4305=DIRECTION('',(-1.64477485129653E-15,-1.,0.));
#4306=DIRECTION('center_axis',(0.,-1.,0.));
#4307=DIRECTION('ref_axis',(-1.,0.,0.));
#4308=DIRECTION('',(-1.,0.,0.));
#4309=DIRECTION('',(0.,0.,-1.));
#4310=DIRECTION('',(1.,0.,0.));
#4311=DIRECTION('center_axis',(1.,1.64477485129653E-15,0.));
#4312=DIRECTION('ref_axis',(1.64477485129653E-15,-1.,0.));
#4313=DIRECTION('',(1.64477485129653E-15,-1.,0.));
#4314=DIRECTION('',(-1.64477485129653E-15,1.,0.));
#4315=DIRECTION('center_axis',(0.,0.,-1.));
#4316=DIRECTION('ref_axis',(1.,0.,0.));
#4317=DIRECTION('center_axis',(0.,0.,1.));
#4318=DIRECTION('ref_axis',(1.,0.,0.));
#4319=DIRECTION('center_axis',(0.,1.,0.));
#4320=DIRECTION('ref_axis',(1.,0.,0.));
#4321=DIRECTION('',(1.,0.,0.));
#4322=DIRECTION('',(0.,0.,-1.));
#4323=DIRECTION('',(-1.,0.,0.));
#4324=DIRECTION('',(0.,0.,-1.));
#4325=DIRECTION('center_axis',(-1.,1.64477485129653E-15,0.));
#4326=DIRECTION('ref_axis',(1.64477485129653E-15,1.,0.));
#4327=DIRECTION('',(1.64477485129653E-15,1.,0.));
#4328=DIRECTION('',(0.,0.,-1.));
#4329=DIRECTION('',(-1.64477485129653E-15,-1.,0.));
#4330=DIRECTION('center_axis',(0.,-1.,0.));
#4331=DIRECTION('ref_axis',(-1.,0.,0.));
#4332=DIRECTION('',(-1.,0.,0.));
#4333=DIRECTION('',(0.,0.,-1.));
#4334=DIRECTION('',(1.,0.,0.));
#4335=DIRECTION('center_axis',(1.,1.64477485129653E-15,0.));
#4336=DIRECTION('ref_axis',(1.64477485129653E-15,-1.,0.));
#4337=DIRECTION('',(1.64477485129653E-15,-1.,0.));
#4338=DIRECTION('',(-1.64477485129653E-15,1.,0.));
#4339=DIRECTION('center_axis',(0.,0.,-1.));
#4340=DIRECTION('ref_axis',(1.,0.,0.));
#4341=DIRECTION('center_axis',(0.,0.,1.));
#4342=DIRECTION('ref_axis',(1.,0.,0.));
#4343=DIRECTION('center_axis',(0.,1.,0.));
#4344=DIRECTION('ref_axis',(1.,0.,0.));
#4345=DIRECTION('',(1.,0.,0.));
#4346=DIRECTION('',(0.,0.,-1.));
#4347=DIRECTION('',(-1.,0.,0.));
#4348=DIRECTION('',(0.,0.,-1.));
#4349=DIRECTION('center_axis',(-1.,1.64477485129653E-15,0.));
#4350=DIRECTION('ref_axis',(1.64477485129653E-15,1.,0.));
#4351=DIRECTION('',(1.64477485129653E-15,1.,0.));
#4352=DIRECTION('',(0.,0.,-1.));
#4353=DIRECTION('',(-1.64477485129653E-15,-1.,0.));
#4354=DIRECTION('center_axis',(0.,-1.,0.));
#4355=DIRECTION('ref_axis',(-1.,0.,0.));
#4356=DIRECTION('',(-1.,0.,0.));
#4357=DIRECTION('',(0.,0.,-1.));
#4358=DIRECTION('',(1.,0.,0.));
#4359=DIRECTION('center_axis',(1.,1.64477485129653E-15,0.));
#4360=DIRECTION('ref_axis',(1.64477485129653E-15,-1.,0.));
#4361=DIRECTION('',(1.64477485129653E-15,-1.,0.));
#4362=DIRECTION('',(-1.64477485129653E-15,1.,0.));
#4363=DIRECTION('center_axis',(0.,0.,-1.));
#4364=DIRECTION('ref_axis',(1.,0.,0.));
#4365=DIRECTION('center_axis',(0.,0.,1.));
#4366=DIRECTION('ref_axis',(1.,0.,0.));
#4367=DIRECTION('center_axis',(0.,1.,0.));
#4368=DIRECTION('ref_axis',(1.,0.,0.));
#4369=DIRECTION('',(1.,0.,0.));
#4370=DIRECTION('',(0.,0.,-1.));
#4371=DIRECTION('',(-1.,0.,0.));
#4372=DIRECTION('',(0.,0.,-1.));
#4373=DIRECTION('center_axis',(-1.,1.64477485129653E-15,0.));
#4374=DIRECTION('ref_axis',(1.64477485129653E-15,1.,0.));
#4375=DIRECTION('',(1.64477485129653E-15,1.,0.));
#4376=DIRECTION('',(0.,0.,-1.));
#4377=DIRECTION('',(-1.64477485129653E-15,-1.,0.));
#4378=DIRECTION('center_axis',(0.,-1.,0.));
#4379=DIRECTION('ref_axis',(-1.,0.,0.));
#4380=DIRECTION('',(-1.,0.,0.));
#4381=DIRECTION('',(0.,0.,-1.));
#4382=DIRECTION('',(1.,0.,0.));
#4383=DIRECTION('center_axis',(1.,1.64477485129653E-15,0.));
#4384=DIRECTION('ref_axis',(1.64477485129653E-15,-1.,0.));
#4385=DIRECTION('',(1.64477485129653E-15,-1.,0.));
#4386=DIRECTION('',(-1.64477485129653E-15,1.,0.));
#4387=DIRECTION('center_axis',(0.,0.,-1.));
#4388=DIRECTION('ref_axis',(1.,0.,0.));
#4389=DIRECTION('center_axis',(0.,0.,1.));
#4390=DIRECTION('ref_axis',(1.,0.,0.));
#4391=DIRECTION('center_axis',(0.,1.,0.));
#4392=DIRECTION('ref_axis',(1.,0.,0.));
#4393=DIRECTION('',(1.,0.,0.));
#4394=DIRECTION('',(0.,0.,-1.));
#4395=DIRECTION('',(-1.,0.,0.));
#4396=DIRECTION('',(0.,0.,-1.));
#4397=DIRECTION('center_axis',(-1.,1.64477485129653E-15,0.));
#4398=DIRECTION('ref_axis',(1.64477485129653E-15,1.,0.));
#4399=DIRECTION('',(1.64477485129653E-15,1.,0.));
#4400=DIRECTION('',(0.,0.,-1.));
#4401=DIRECTION('',(-1.64477485129653E-15,-1.,0.));
#4402=DIRECTION('center_axis',(0.,-1.,0.));
#4403=DIRECTION('ref_axis',(-1.,0.,0.));
#4404=DIRECTION('',(-1.,0.,0.));
#4405=DIRECTION('',(0.,0.,-1.));
#4406=DIRECTION('',(1.,0.,0.));
#4407=DIRECTION('center_axis',(1.,1.64477485129653E-15,0.));
#4408=DIRECTION('ref_axis',(1.64477485129653E-15,-1.,0.));
#4409=DIRECTION('',(1.64477485129653E-15,-1.,0.));
#4410=DIRECTION('',(-1.64477485129653E-15,1.,0.));
#4411=DIRECTION('center_axis',(0.,0.,-1.));
#4412=DIRECTION('ref_axis',(1.,0.,0.));
#4413=DIRECTION('center_axis',(0.,0.,1.));
#4414=DIRECTION('ref_axis',(1.,0.,0.));
#4415=DIRECTION('center_axis',(0.,1.,0.));
#4416=DIRECTION('ref_axis',(1.,0.,0.));
#4417=DIRECTION('',(1.,0.,0.));
#4418=DIRECTION('',(0.,0.,-1.));
#4419=DIRECTION('',(-1.,0.,0.));
#4420=DIRECTION('',(0.,0.,-1.));
#4421=DIRECTION('center_axis',(-1.,1.64477485129653E-15,0.));
#4422=DIRECTION('ref_axis',(1.64477485129653E-15,1.,0.));
#4423=DIRECTION('',(1.64477485129653E-15,1.,0.));
#4424=DIRECTION('',(0.,0.,-1.));
#4425=DIRECTION('',(-1.64477485129653E-15,-1.,0.));
#4426=DIRECTION('center_axis',(0.,-1.,0.));
#4427=DIRECTION('ref_axis',(-1.,0.,0.));
#4428=DIRECTION('',(-1.,0.,0.));
#4429=DIRECTION('',(0.,0.,-1.));
#4430=DIRECTION('',(1.,0.,0.));
#4431=DIRECTION('center_axis',(1.,1.64477485129653E-15,0.));
#4432=DIRECTION('ref_axis',(1.64477485129653E-15,-1.,0.));
#4433=DIRECTION('',(1.64477485129653E-15,-1.,0.));
#4434=DIRECTION('',(-1.64477485129653E-15,1.,0.));
#4435=DIRECTION('center_axis',(0.,0.,-1.));
#4436=DIRECTION('ref_axis',(1.,0.,0.));
#4437=DIRECTION('center_axis',(0.,0.,1.));
#4438=DIRECTION('ref_axis',(1.,0.,0.));
#4439=DIRECTION('center_axis',(0.,1.,0.));
#4440=DIRECTION('ref_axis',(1.,0.,0.));
#4441=DIRECTION('',(1.,0.,0.));
#4442=DIRECTION('',(0.,0.,-1.));
#4443=DIRECTION('',(-1.,0.,0.));
#4444=DIRECTION('',(0.,0.,-1.));
#4445=DIRECTION('center_axis',(-1.,1.64477485129653E-15,0.));
#4446=DIRECTION('ref_axis',(1.64477485129653E-15,1.,0.));
#4447=DIRECTION('',(1.64477485129653E-15,1.,0.));
#4448=DIRECTION('',(0.,0.,-1.));
#4449=DIRECTION('',(-1.64477485129653E-15,-1.,0.));
#4450=DIRECTION('center_axis',(0.,-1.,0.));
#4451=DIRECTION('ref_axis',(-1.,0.,0.));
#4452=DIRECTION('',(-1.,0.,0.));
#4453=DIRECTION('',(0.,0.,-1.));
#4454=DIRECTION('',(1.,0.,0.));
#4455=DIRECTION('center_axis',(1.,1.64477485129653E-15,0.));
#4456=DIRECTION('ref_axis',(1.64477485129653E-15,-1.,0.));
#4457=DIRECTION('',(1.64477485129653E-15,-1.,0.));
#4458=DIRECTION('',(-1.64477485129653E-15,1.,0.));
#4459=DIRECTION('center_axis',(0.,0.,-1.));
#4460=DIRECTION('ref_axis',(1.,0.,0.));
#4461=DIRECTION('center_axis',(0.,0.,1.));
#4462=DIRECTION('ref_axis',(1.,0.,0.));
#4463=DIRECTION('center_axis',(0.,1.,0.));
#4464=DIRECTION('ref_axis',(1.,0.,0.));
#4465=DIRECTION('',(1.,0.,0.));
#4466=DIRECTION('',(0.,0.,-1.));
#4467=DIRECTION('',(-1.,0.,0.));
#4468=DIRECTION('',(0.,0.,-1.));
#4469=DIRECTION('center_axis',(-1.,1.64477485129653E-15,0.));
#4470=DIRECTION('ref_axis',(1.64477485129653E-15,1.,0.));
#4471=DIRECTION('',(1.64477485129653E-15,1.,0.));
#4472=DIRECTION('',(0.,0.,-1.));
#4473=DIRECTION('',(-1.64477485129653E-15,-1.,0.));
#4474=DIRECTION('center_axis',(0.,-1.,0.));
#4475=DIRECTION('ref_axis',(-1.,0.,0.));
#4476=DIRECTION('',(-1.,0.,0.));
#4477=DIRECTION('',(0.,0.,-1.));
#4478=DIRECTION('',(1.,0.,0.));
#4479=DIRECTION('center_axis',(1.,1.64477485129653E-15,0.));
#4480=DIRECTION('ref_axis',(1.64477485129653E-15,-1.,0.));
#4481=DIRECTION('',(1.64477485129653E-15,-1.,0.));
#4482=DIRECTION('',(-1.64477485129653E-15,1.,0.));
#4483=DIRECTION('center_axis',(0.,0.,-1.));
#4484=DIRECTION('ref_axis',(1.,0.,0.));
#4485=DIRECTION('center_axis',(0.,0.,1.));
#4486=DIRECTION('ref_axis',(1.,0.,0.));
#4487=DIRECTION('center_axis',(0.,1.,0.));
#4488=DIRECTION('ref_axis',(1.,0.,0.));
#4489=DIRECTION('',(1.,0.,0.));
#4490=DIRECTION('',(0.,0.,-1.));
#4491=DIRECTION('',(-1.,0.,0.));
#4492=DIRECTION('',(0.,0.,-1.));
#4493=DIRECTION('center_axis',(-1.,1.64477485129653E-15,0.));
#4494=DIRECTION('ref_axis',(1.64477485129653E-15,1.,0.));
#4495=DIRECTION('',(1.64477485129653E-15,1.,0.));
#4496=DIRECTION('',(0.,0.,-1.));
#4497=DIRECTION('',(-1.64477485129653E-15,-1.,0.));
#4498=DIRECTION('center_axis',(0.,-1.,0.));
#4499=DIRECTION('ref_axis',(-1.,0.,0.));
#4500=DIRECTION('',(-1.,0.,0.));
#4501=DIRECTION('',(0.,0.,-1.));
#4502=DIRECTION('',(1.,0.,0.));
#4503=DIRECTION('center_axis',(1.,1.64477485129653E-15,0.));
#4504=DIRECTION('ref_axis',(1.64477485129653E-15,-1.,0.));
#4505=DIRECTION('',(1.64477485129653E-15,-1.,0.));
#4506=DIRECTION('',(-1.64477485129653E-15,1.,0.));
#4507=DIRECTION('center_axis',(0.,0.,-1.));
#4508=DIRECTION('ref_axis',(1.,0.,0.));
#4509=DIRECTION('center_axis',(0.,0.,1.));
#4510=DIRECTION('ref_axis',(1.,0.,0.));
#4511=DIRECTION('center_axis',(0.,1.,0.));
#4512=DIRECTION('ref_axis',(1.,0.,0.));
#4513=DIRECTION('',(1.,0.,0.));
#4514=DIRECTION('',(0.,0.,-1.));
#4515=DIRECTION('',(-1.,0.,0.));
#4516=DIRECTION('',(0.,0.,-1.));
#4517=DIRECTION('center_axis',(-1.,1.64477485129653E-15,0.));
#4518=DIRECTION('ref_axis',(1.64477485129653E-15,1.,0.));
#4519=DIRECTION('',(1.64477485129653E-15,1.,0.));
#4520=DIRECTION('',(0.,0.,-1.));
#4521=DIRECTION('',(-1.64477485129653E-15,-1.,0.));
#4522=DIRECTION('center_axis',(0.,-1.,0.));
#4523=DIRECTION('ref_axis',(-1.,0.,0.));
#4524=DIRECTION('',(-1.,0.,0.));
#4525=DIRECTION('',(0.,0.,-1.));
#4526=DIRECTION('',(1.,0.,0.));
#4527=DIRECTION('center_axis',(1.,1.64477485129653E-15,0.));
#4528=DIRECTION('ref_axis',(1.64477485129653E-15,-1.,0.));
#4529=DIRECTION('',(1.64477485129653E-15,-1.,0.));
#4530=DIRECTION('',(-1.64477485129653E-15,1.,0.));
#4531=DIRECTION('center_axis',(0.,0.,-1.));
#4532=DIRECTION('ref_axis',(1.,0.,0.));
#4533=DIRECTION('center_axis',(0.,0.,1.));
#4534=DIRECTION('ref_axis',(1.,0.,0.));
#4535=DIRECTION('',(0.,0.,1.));
#4536=DIRECTION('',(1.,0.,0.));
#4537=CARTESIAN_POINT('',(0.,0.,0.));
#4538=CARTESIAN_POINT('',(0.,0.,0.));
#4539=CARTESIAN_POINT('Origin',(29.4874144101918,-4.,0.));
#4540=CARTESIAN_POINT('',(30.4874144101918,-5.,9.5));
#4541=CARTESIAN_POINT('',(30.4874144101918,-5.,10.5));
#4542=CARTESIAN_POINT('',(30.4874144101918,-5.,0.));
#4543=CARTESIAN_POINT('',(28.4874144101918,-3.,12.5));
#4544=CARTESIAN_POINT('',(30.4874144101918,-5.,10.5));
#4545=CARTESIAN_POINT('',(28.4874144101918,-3.,7.5));
#4546=CARTESIAN_POINT('',(28.4874144101918,-3.,0.));
#4547=CARTESIAN_POINT('',(28.4874144101918,-3.,7.5));
#4548=CARTESIAN_POINT('Origin',(72.5,-4.,11.5));
#4549=CARTESIAN_POINT('',(114.512585589808,-5.,10.5));
#4550=CARTESIAN_POINT('',(72.5,-5.,10.5));
#4551=CARTESIAN_POINT('',(116.512585589808,-3.,12.5));
#4552=CARTESIAN_POINT('',(114.512585589808,-5.,10.5));
#4553=CARTESIAN_POINT('',(72.5,-3.,12.5));
#4554=CARTESIAN_POINT('Origin',(115.512585589808,-4.,0.));
#4555=CARTESIAN_POINT('',(116.512585589808,-3.,7.5));
#4556=CARTESIAN_POINT('',(116.512585589808,-3.,0.));
#4557=CARTESIAN_POINT('',(114.512585589808,-5.,9.5));
#4558=CARTESIAN_POINT('',(114.512585589808,-5.,0.));
#4559=CARTESIAN_POINT('',(114.512585589808,-5.,9.5));
#4560=CARTESIAN_POINT('Origin',(28.4874144101918,-4.,8.5));
#4561=CARTESIAN_POINT('',(28.4874144101918,-5.,9.5));
#4562=CARTESIAN_POINT('',(28.4874144101918,-3.,7.5));
#4563=CARTESIAN_POINT('Origin',(28.4874144101918,-5.,7.5));
#4564=CARTESIAN_POINT('',(28.4874144101918,0.,7.5));
#4565=CARTESIAN_POINT('',(28.4874144101918,-2.5,7.5));
#4566=CARTESIAN_POINT('',(116.512585589808,0.,7.5));
#4567=CARTESIAN_POINT('',(172.5,0.,7.5));
#4568=CARTESIAN_POINT('',(116.512585589808,-5.,7.5));
#4569=CARTESIAN_POINT('Origin',(28.4874144101918,0.,0.));
#4570=CARTESIAN_POINT('',(28.4874144101918,0.,12.5));
#4571=CARTESIAN_POINT('',(28.4874144101918,-2.5,12.5));
#4572=CARTESIAN_POINT('',(28.4874144101918,-4.84323441908206E-32,0.));
#4573=CARTESIAN_POINT('Origin',(28.4874144101918,-5.,0.));
#4574=CARTESIAN_POINT('Origin',(100.399149937761,9.,19.));
#4575=CARTESIAN_POINT('',(13.361360099582,8.00000000000001,20.));
#4576=CARTESIAN_POINT('',(131.638639900418,7.99999999999999,20.));
#4577=CARTESIAN_POINT('',(100.399149937761,8.,20.));
#4578=CARTESIAN_POINT('',(128.298299875522,10.,18.));
#4579=CARTESIAN_POINT('',(131.638639900418,8.,20.));
#4580=CARTESIAN_POINT('',(16.7017001244775,10.,18.));
#4581=CARTESIAN_POINT('',(100.399149937761,10.,18.));
#4582=CARTESIAN_POINT('',(13.361360099582,8.00000000000001,20.));
#4583=CARTESIAN_POINT('Origin',(114.776210377623,37.3588844193139,19.));
#4584=CARTESIAN_POINT('',(117.710068471846,34.,20.));
#4585=CARTESIAN_POINT('',(115.657690347652,37.8311058318293,20.));
#4586=CARTESIAN_POINT('',(116.512585589808,32.,18.));
#4587=CARTESIAN_POINT('',(117.710068471846,34.,20.));
#4588=CARTESIAN_POINT('',(113.894730407595,36.8866630067985,18.));
#4589=CARTESIAN_POINT('Origin',(50.4937072050959,33.,19.));
#4590=CARTESIAN_POINT('',(27.2899315281535,34.,20.));
#4591=CARTESIAN_POINT('',(50.4937072050959,34.,20.));
#4592=CARTESIAN_POINT('',(28.4874144101918,32.,18.));
#4593=CARTESIAN_POINT('',(27.2899315281535,34.,20.));
#4594=CARTESIAN_POINT('',(50.4937072050959,32.,18.));
#4595=CARTESIAN_POINT('Origin',(24.3309324795194,26.358884419314,19.));
#4596=CARTESIAN_POINT('',(25.2124124495482,25.8866630067985,18.));
#4597=CARTESIAN_POINT('',(23.4494525094906,26.8311058318294,20.));
#4598=CARTESIAN_POINT('Origin',(16.7017001244775,10.,0.));
#4599=CARTESIAN_POINT('',(16.7017001244775,10.,2.));
#4600=CARTESIAN_POINT('',(16.7017001244775,10.,0.));
#4601=CARTESIAN_POINT('',(28.4874144101918,32.,2.));
#4602=CARTESIAN_POINT('',(25.2124124495482,25.8866630067985,2.));
#4603=CARTESIAN_POINT('',(28.4874144101918,32.,0.));
#4604=CARTESIAN_POINT('Origin',(128.298299875522,10.,0.));
#4605=CARTESIAN_POINT('',(128.298299875522,10.,2.));
#4606=CARTESIAN_POINT('',(128.298299875522,10.,0.));
#4607=CARTESIAN_POINT('',(100.399149937761,10.,2.));
#4608=CARTESIAN_POINT('Origin',(72.5,21.,20.));
#4609=CARTESIAN_POINT('',(141.659659975104,2.,20.));
#4610=CARTESIAN_POINT('',(3.34034002489551,2.,20.));
#4611=CARTESIAN_POINT('',(36.25,2.,20.));
#4612=CARTESIAN_POINT('',(121.302517117962,40.,20.));
#4613=CARTESIAN_POINT('',(130.782877522777,22.3033272443448,20.));
#4614=CARTESIAN_POINT('',(23.6974828820383,40.,20.));
#4615=CARTESIAN_POINT('',(97.5,40.,20.));
#4616=CARTESIAN_POINT('',(25.4671224772231,43.3033272443448,20.));
#4617=CARTESIAN_POINT('Origin',(50.4937072050959,33.,1.));
#4618=CARTESIAN_POINT('',(116.512585589808,32.,2.));
#4619=CARTESIAN_POINT('',(50.4937072050959,32.,2.));
#4620=CARTESIAN_POINT('',(27.2899315281534,34.,0.));
#4621=CARTESIAN_POINT('',(28.4874144101918,32.,2.));
#4622=CARTESIAN_POINT('',(117.710068471846,34.,0.));
#4623=CARTESIAN_POINT('',(50.4937072050959,34.,0.));
#4624=CARTESIAN_POINT('',(117.710068471846,34.,0.));
#4625=CARTESIAN_POINT('Origin',(24.3309324795194,26.358884419314,1.));
#4626=CARTESIAN_POINT('',(13.361360099582,7.99999999999999,0.));
#4627=CARTESIAN_POINT('',(23.4494525094906,26.8311058318294,0.));
#4628=CARTESIAN_POINT('',(13.361360099582,8.,0.));
#4629=CARTESIAN_POINT('Origin',(114.776210377623,37.3588844193139,1.));
#4630=CARTESIAN_POINT('',(113.894730407595,36.8866630067985,2.));
#4631=CARTESIAN_POINT('',(131.638639900418,7.99999999999999,0.));
#4632=CARTESIAN_POINT('',(115.657690347652,37.8311058318293,0.));
#4633=CARTESIAN_POINT('',(131.638639900418,7.99999999999999,0.));
#4634=CARTESIAN_POINT('Origin',(100.399149937761,9.,1.));
#4635=CARTESIAN_POINT('',(100.399149937761,8.,0.));
#4636=CARTESIAN_POINT('Origin',(28.4874144101918,32.,0.));
#4637=CARTESIAN_POINT('',(116.512585589808,32.,0.));
#4638=CARTESIAN_POINT('Origin',(72.5,21.,0.));
#4639=CARTESIAN_POINT('',(121.302517117962,40.,0.));
#4640=CARTESIAN_POINT('',(23.6974828820383,40.,0.));
#4641=CARTESIAN_POINT('',(97.5,40.,0.));
#4642=CARTESIAN_POINT('',(141.659659975104,2.,0.));
#4643=CARTESIAN_POINT('',(130.782877522777,22.3033272443448,0.));
#4644=CARTESIAN_POINT('',(3.34034002489551,2.,0.));
#4645=CARTESIAN_POINT('',(36.25,2.,0.));
#4646=CARTESIAN_POINT('',(25.4671224772231,43.3033272443448,0.));
#4647=CARTESIAN_POINT('Origin',(120.5,42.,18.));
#4648=CARTESIAN_POINT('',(123.444442825031,40.2370400599424,18.));
#4649=CARTESIAN_POINT('',(123.444442825031,40.2370400599424,18.));
#4650=CARTESIAN_POINT('',(120.5,42.,18.));
#4651=CARTESIAN_POINT('',(120.5,42.,18.));
#4652=CARTESIAN_POINT('',(121.302517117962,40.,20.));
#4653=CARTESIAN_POINT('Origin',(121.302517117962,40.,0.));
#4654=CARTESIAN_POINT('',(123.444442825031,40.2370400599424,2.));
#4655=CARTESIAN_POINT('',(120.5,42.,2.));
#4656=CARTESIAN_POINT('',(123.444442825031,40.2370400599424,2.));
#4657=CARTESIAN_POINT('',(121.302517117962,40.,0.));
#4658=CARTESIAN_POINT('',(120.5,42.,2.));
#4659=CARTESIAN_POINT('Origin',(21.5555571749691,40.2370400599424,18.));
#4660=CARTESIAN_POINT('',(24.5,42.,18.));
#4661=CARTESIAN_POINT('',(24.5,42.,18.));
#4662=CARTESIAN_POINT('',(21.5555571749691,40.2370400599424,18.));
#4663=CARTESIAN_POINT('',(21.5555571749691,40.2370400599424,18.));
#4664=CARTESIAN_POINT('',(23.6974828820383,40.,20.));
#4665=CARTESIAN_POINT('Origin',(144.055557174969,1.76295994005756,18.));
#4666=CARTESIAN_POINT('',(143.,0.,18.));
#4667=CARTESIAN_POINT('',(143.,-1.83886145047888E-32,18.));
#4668=CARTESIAN_POINT('',(144.055557174969,1.76295994005756,18.));
#4669=CARTESIAN_POINT('',(144.055557174969,1.76295994005756,18.));
#4670=CARTESIAN_POINT('',(141.659659975104,2.,20.));
#4671=CARTESIAN_POINT('Origin',(23.6974828820383,40.,0.));
#4672=CARTESIAN_POINT('',(24.5,42.,2.));
#4673=CARTESIAN_POINT('',(21.5555571749691,40.2370400599424,2.));
#4674=CARTESIAN_POINT('',(24.5,42.,2.));
#4675=CARTESIAN_POINT('',(23.6974828820383,40.,0.));
#4676=CARTESIAN_POINT('',(21.5555571749691,40.2370400599424,2.));
#4677=CARTESIAN_POINT('Origin',(97.5,41.,1.));
#4678=CARTESIAN_POINT('',(97.5,42.,2.));
#4679=CARTESIAN_POINT('Origin',(141.659659975104,2.,0.));
#4680=CARTESIAN_POINT('',(143.,-1.83886145047888E-32,2.));
#4681=CARTESIAN_POINT('',(144.055557174969,1.76295994005756,2.));
#4682=CARTESIAN_POINT('',(143.,0.,2.));
#4683=CARTESIAN_POINT('',(141.659659975104,2.,0.));
#4684=CARTESIAN_POINT('',(144.055557174969,1.76295994005755,2.));
#4685=CARTESIAN_POINT('Origin',(2.,0.,18.));
#4686=CARTESIAN_POINT('',(0.944442825030837,1.76295994005756,18.));
#4687=CARTESIAN_POINT('',(0.944442825030829,1.76295994005755,18.));
#4688=CARTESIAN_POINT('',(1.99999999999999,5.89985992308212E-33,18.));
#4689=CARTESIAN_POINT('',(2.,0.,18.));
#4690=CARTESIAN_POINT('',(3.34034002489551,2.,20.));
#4691=CARTESIAN_POINT('Origin',(3.34034002489551,2.,0.));
#4692=CARTESIAN_POINT('',(0.944442825030829,1.76295994005755,2.));
#4693=CARTESIAN_POINT('',(2.,0.,2.));
#4694=CARTESIAN_POINT('',(0.944442825030837,1.76295994005756,2.));
#4695=CARTESIAN_POINT('',(3.34034002489551,2.,0.));
#4696=CARTESIAN_POINT('',(1.99999999999999,5.89985992308212E-33,2.));
#4697=CARTESIAN_POINT('Origin',(24.5856425071943,43.7755486568602,1.));
#4698=CARTESIAN_POINT('',(23.7041625371655,44.2477700693756,2.));
#4699=CARTESIAN_POINT('Origin',(36.25,1.,1.));
#4700=CARTESIAN_POINT('',(36.25,0.,2.));
#4701=CARTESIAN_POINT('Origin',(1.47222141251542,0.88147997002878,0.));
#4702=CARTESIAN_POINT('',(0.944442825030837,1.76295994005756,0.));
#4703=CARTESIAN_POINT('',(2.,0.,0.));
#4704=CARTESIAN_POINT('Origin',(36.25,1.,19.));
#4705=CARTESIAN_POINT('',(36.25,0.,18.));
#4706=CARTESIAN_POINT('Origin',(24.5856425071943,43.7755486568602,19.));
#4707=CARTESIAN_POINT('',(23.7041625371655,44.2477700693756,18.));
#4708=CARTESIAN_POINT('Origin',(131.664357492806,22.7755486568602,1.));
#4709=CARTESIAN_POINT('',(132.545837462834,23.2477700693756,2.));
#4710=CARTESIAN_POINT('Origin',(143.527778587485,0.88147997002878,0.));
#4711=CARTESIAN_POINT('',(143.,0.,0.));
#4712=CARTESIAN_POINT('',(144.055557174969,1.76295994005756,0.));
#4713=CARTESIAN_POINT('Origin',(23.0277785874846,41.1185200299712,0.));
#4714=CARTESIAN_POINT('',(24.5,42.,0.));
#4715=CARTESIAN_POINT('',(21.5555571749691,40.2370400599424,0.));
#4716=CARTESIAN_POINT('Origin',(131.664357492806,22.7755486568602,19.));
#4717=CARTESIAN_POINT('',(132.545837462834,23.2477700693756,18.));
#4718=CARTESIAN_POINT('Origin',(97.5,41.,19.));
#4719=CARTESIAN_POINT('',(97.5,42.,18.));
#4720=CARTESIAN_POINT('Origin',(121.972221412515,41.1185200299712,0.));
#4721=CARTESIAN_POINT('',(123.444442825031,40.2370400599424,0.));
#4722=CARTESIAN_POINT('',(120.5,42.,0.));
#4723=CARTESIAN_POINT('Origin',(122.5,42.,0.));
#4724=CARTESIAN_POINT('Origin',(22.5,42.,0.));
#4725=CARTESIAN_POINT('',(14.9815075135097,27.9654806918849,7.08145306253619));
#4726=CARTESIAN_POINT('',(15.0182895467358,28.0341404872402,12.8548385871106));
#4727=CARTESIAN_POINT('',(14.9601694859251,27.9256497070602,3.73219124160672));
#4728=CARTESIAN_POINT('',(10.0367820332261,18.735326462022,15.7733855245744));
#4729=CARTESIAN_POINT('',(21.9731881081676,41.0166178019129,8.78012870425085));
#4730=CARTESIAN_POINT('',(5.01849248649026,9.3678526414485,12.9185469374638));
#4731=CARTESIAN_POINT('',(19.4318828090073,36.2728479101469,21.1181341634685));
#4732=CARTESIAN_POINT('',(4.98171045326419,9.29919284609316,7.14516141288943));
#4733=CARTESIAN_POINT('',(4.98017486328105,9.29632641145797,6.90413196990364));
#4734=CARTESIAN_POINT('',(9.96321796677394,18.5980068713114,4.22661447542562));
#4735=CARTESIAN_POINT('',(19.8736486003833,37.0974773873823,-1.57967145232354));
#4736=CARTESIAN_POINT('',(20.1023823110753,37.5244469806739,9.99465104278455));
#4737=CARTESIAN_POINT('Origin',(0.,-4.3525139677217E-32,0.));
#4738=CARTESIAN_POINT('',(138.,0.,10.));
#4739=CARTESIAN_POINT('Origin',(135.,0.,10.));
#4740=CARTESIAN_POINT('',(13.,0.,10.));
#4741=CARTESIAN_POINT('Origin',(10.,0.,10.));
#4742=CARTESIAN_POINT('',(116.512585589808,0.,12.5));
#4743=CARTESIAN_POINT('',(116.512585589808,0.,0.));
#4744=CARTESIAN_POINT('',(-27.5,0.,12.5));
#4745=CARTESIAN_POINT('Origin',(145.,-2.46519032881566E-31,0.));
#4746=CARTESIAN_POINT('',(139.98150751351,9.3678526414485,12.9185469374638));
#4747=CARTESIAN_POINT('',(134.963217966774,18.735326462022,15.7733855245744));
#4748=CARTESIAN_POINT('',(136.751629654525,15.3969579782201,14.7559817561625));
#4749=CARTESIAN_POINT('',(129.981710453264,28.0341404872401,12.8548385871106));
#4750=CARTESIAN_POINT('',(134.169956332455,20.2160815127512,15.3086323736113));
#4751=CARTESIAN_POINT('',(130.01849248649,27.9654806918848,7.08145306253619));
#4752=CARTESIAN_POINT('',(130.023489449842,27.9561530269611,6.2971191540267));
#4753=CARTESIAN_POINT('',(135.036782033226,18.5980068713113,4.22661447542561));
#4754=CARTESIAN_POINT('',(134.699627731796,19.2273615673144,4.4184171007164));
#4755=CARTESIAN_POINT('',(140.018289546736,9.29919284609315,7.14516141288942));
#4756=CARTESIAN_POINT('',(134.883448407886,18.8842296386123,4.13677994613262));
#4757=CARTESIAN_POINT('',(140.040260904548,9.25817964484382,3.69649074348363));
#4758=CARTESIAN_POINT('Origin',(5.01849248649026,42.,12.9185469374638));
#4759=CARTESIAN_POINT('',(5.01849248649026,9.,12.9185469374638));
#4760=CARTESIAN_POINT('',(5.01849248649026,42.,12.9185469374638));
#4761=CARTESIAN_POINT('',(4.98171045326419,9.,7.14516141288943));
#4762=CARTESIAN_POINT('',(5.01849248649026,9.,12.9185469374638));
#4763=CARTESIAN_POINT('',(4.98171045326419,42.,7.14516141288943));
#4764=CARTESIAN_POINT('Origin',(4.98171045326419,42.,7.14516141288943));
#4765=CARTESIAN_POINT('',(9.96321796677394,9.,4.22661447542562));
#4766=CARTESIAN_POINT('',(4.98171045326419,9.,7.14516141288943));
#4767=CARTESIAN_POINT('',(9.96321796677394,42.,4.22661447542562));
#4768=CARTESIAN_POINT('Origin',(9.96321796677394,42.,4.22661447542562));
#4769=CARTESIAN_POINT('',(14.9815075135097,9.,7.08145306253619));
#4770=CARTESIAN_POINT('',(9.96321796677394,9.,4.22661447542562));
#4771=CARTESIAN_POINT('',(14.9815075135097,42.,7.08145306253619));
#4772=CARTESIAN_POINT('Origin',(14.9815075135097,42.,7.08145306253619));
#4773=CARTESIAN_POINT('',(15.0182895467358,9.,12.8548385871106));
#4774=CARTESIAN_POINT('',(14.9815075135097,9.,7.08145306253619));
#4775=CARTESIAN_POINT('',(15.0182895467358,42.,12.8548385871106));
#4776=CARTESIAN_POINT('Origin',(10.0367820332261,42.,15.7733855245744));
#4777=CARTESIAN_POINT('',(10.0367820332261,9.,15.7733855245744));
#4778=CARTESIAN_POINT('',(10.0367820332261,42.,15.7733855245744));
#4779=CARTESIAN_POINT('',(10.0367820332261,9.,15.7733855245744));
#4780=CARTESIAN_POINT('Origin',(15.0182895467358,42.,12.8548385871106));
#4781=CARTESIAN_POINT('',(15.0182895467358,9.,12.8548385871106));
#4782=CARTESIAN_POINT('Origin',(10.,9.,10.));
#4783=CARTESIAN_POINT('',(13.,9.,10.));
#4784=CARTESIAN_POINT('Origin',(10.,9.,10.));
#4785=CARTESIAN_POINT('Origin',(130.01849248649,42.,7.08145306253619));
#4786=CARTESIAN_POINT('',(130.01849248649,9.,7.08145306253619));
#4787=CARTESIAN_POINT('',(130.01849248649,42.,7.08145306253619));
#4788=CARTESIAN_POINT('',(135.036782033226,9.,4.22661447542561));
#4789=CARTESIAN_POINT('',(135.036782033226,9.,4.22661447542561));
#4790=CARTESIAN_POINT('',(135.036782033226,42.,4.22661447542561));
#4791=CARTESIAN_POINT('Origin',(135.036782033226,42.,4.22661447542561));
#4792=CARTESIAN_POINT('',(140.018289546736,9.,7.14516141288942));
#4793=CARTESIAN_POINT('',(140.018289546736,9.,7.14516141288942));
#4794=CARTESIAN_POINT('',(140.018289546736,42.,7.14516141288942));
#4795=CARTESIAN_POINT('Origin',(140.018289546736,42.,7.14516141288943));
#4796=CARTESIAN_POINT('',(139.98150751351,9.,12.9185469374638));
#4797=CARTESIAN_POINT('',(139.98150751351,9.,12.9185469374638));
#4798=CARTESIAN_POINT('',(139.98150751351,42.,12.9185469374638));
#4799=CARTESIAN_POINT('Origin',(139.98150751351,42.,12.9185469374638));
#4800=CARTESIAN_POINT('',(134.963217966774,9.,15.7733855245744));
#4801=CARTESIAN_POINT('',(134.963217966774,9.,15.7733855245744));
#4802=CARTESIAN_POINT('',(134.963217966774,42.,15.7733855245744));
#4803=CARTESIAN_POINT('Origin',(129.981710453264,42.,12.8548385871106));
#4804=CARTESIAN_POINT('',(129.981710453264,9.,12.8548385871106));
#4805=CARTESIAN_POINT('',(129.981710453264,42.,12.8548385871106));
#4806=CARTESIAN_POINT('',(130.01849248649,9.,7.08145306253619));
#4807=CARTESIAN_POINT('Origin',(134.963217966774,42.,15.7733855245744));
#4808=CARTESIAN_POINT('',(129.981710453264,9.,12.8548385871106));
#4809=CARTESIAN_POINT('Origin',(135.,9.,10.));
#4810=CARTESIAN_POINT('',(138.,9.,10.));
#4811=CARTESIAN_POINT('Origin',(135.,9.,10.));
#4812=CARTESIAN_POINT('Origin',(116.512585589808,-5.,12.5));
#4813=CARTESIAN_POINT('',(116.512585589808,-5.,12.5));
#4814=CARTESIAN_POINT('Origin',(116.512585589808,-5.,0.));
#4815=CARTESIAN_POINT('Origin',(135.,42.,10.));
#4816=CARTESIAN_POINT('',(138.,42.,10.));
#4817=CARTESIAN_POINT('Origin',(10.,42.,10.));
#4818=CARTESIAN_POINT('',(13.,42.,10.));
#4819=CARTESIAN_POINT('Origin',(116.512585589808,32.,0.));
#4820=CARTESIAN_POINT('Origin',(28.4874144101918,-0.3,7.3));
#4821=CARTESIAN_POINT('',(28.4874144101918,-0.3,0.));
#4822=CARTESIAN_POINT('',(28.9874144101918,-0.3,0.));
#4823=CARTESIAN_POINT('',(28.6124144101918,-0.3,0.));
#4824=CARTESIAN_POINT('',(28.4874144101918,-0.3,7.3));
#4825=CARTESIAN_POINT('',(28.4874144101918,-0.3,7.3));
#4826=CARTESIAN_POINT('',(28.9874144101918,-0.3,7.3));
#4827=CARTESIAN_POINT('',(28.9874144101918,-0.3,7.3));
#4828=CARTESIAN_POINT('',(28.9874144101918,-0.3,7.3));
#4829=CARTESIAN_POINT('Origin',(28.4874144101918,-3.,7.3));
#4830=CARTESIAN_POINT('',(28.4874144101918,-3.,0.));
#4831=CARTESIAN_POINT('',(28.4874144101918,-2.325,0.));
#4832=CARTESIAN_POINT('',(28.4874144101918,-3.,7.3));
#4833=CARTESIAN_POINT('',(28.4874144101918,-3.,7.3));
#4834=CARTESIAN_POINT('',(28.4874144101918,-0.3,7.3));
#4835=CARTESIAN_POINT('Origin',(28.9874144101918,-3.,7.3));
#4836=CARTESIAN_POINT('',(28.9874144101918,-3.,0.));
#4837=CARTESIAN_POINT('',(28.8624144101918,-3.,0.));
#4838=CARTESIAN_POINT('',(28.9874144101918,-3.,7.3));
#4839=CARTESIAN_POINT('',(28.9874144101918,-3.,7.3));
#4840=CARTESIAN_POINT('',(28.4874144101918,-3.,7.3));
#4841=CARTESIAN_POINT('Origin',(28.9874144101918,-0.3,7.3));
#4842=CARTESIAN_POINT('',(28.9874144101918,-0.975,0.));
#4843=CARTESIAN_POINT('',(28.9874144101918,-3.,7.3));
#4844=CARTESIAN_POINT('Origin',(28.7374144101918,-1.65,7.3));
#4845=CARTESIAN_POINT('Origin',(28.7374144101918,-1.65,0.));
#4846=CARTESIAN_POINT('Origin',(32.6406018183641,-0.3,7.3));
#4847=CARTESIAN_POINT('',(32.6406018183641,-0.3,0.));
#4848=CARTESIAN_POINT('',(33.1406018183641,-0.3,0.));
#4849=CARTESIAN_POINT('',(32.7656018183641,-0.3,0.));
#4850=CARTESIAN_POINT('',(32.6406018183641,-0.3,7.3));
#4851=CARTESIAN_POINT('',(32.6406018183641,-0.3,7.3));
#4852=CARTESIAN_POINT('',(33.1406018183641,-0.3,7.3));
#4853=CARTESIAN_POINT('',(33.1406018183641,-0.3,7.3));
#4854=CARTESIAN_POINT('',(33.1406018183641,-0.3,7.3));
#4855=CARTESIAN_POINT('Origin',(32.6406018183641,-3.,7.3));
#4856=CARTESIAN_POINT('',(32.6406018183641,-3.,0.));
#4857=CARTESIAN_POINT('',(32.6406018183641,-2.325,0.));
#4858=CARTESIAN_POINT('',(32.6406018183641,-3.,7.3));
#4859=CARTESIAN_POINT('',(32.6406018183641,-3.,7.3));
#4860=CARTESIAN_POINT('',(32.6406018183641,-0.3,7.3));
#4861=CARTESIAN_POINT('Origin',(33.1406018183641,-3.,7.3));
#4862=CARTESIAN_POINT('',(33.1406018183641,-3.,0.));
#4863=CARTESIAN_POINT('',(33.0156018183641,-3.,0.));
#4864=CARTESIAN_POINT('',(33.1406018183641,-3.,7.3));
#4865=CARTESIAN_POINT('',(33.1406018183641,-3.,7.3));
#4866=CARTESIAN_POINT('',(32.6406018183641,-3.,7.3));
#4867=CARTESIAN_POINT('Origin',(33.1406018183641,-0.3,7.3));
#4868=CARTESIAN_POINT('',(33.1406018183641,-0.975,0.));
#4869=CARTESIAN_POINT('',(33.1406018183641,-3.,7.3));
#4870=CARTESIAN_POINT('Origin',(32.8906018183641,-1.65,7.3));
#4871=CARTESIAN_POINT('Origin',(32.8906018183641,-1.65,0.));
#4872=CARTESIAN_POINT('Origin',(36.7937892265364,-0.3,7.3));
#4873=CARTESIAN_POINT('',(36.7937892265364,-0.3,0.));
#4874=CARTESIAN_POINT('',(37.2937892265364,-0.3,0.));
#4875=CARTESIAN_POINT('',(36.9187892265364,-0.3,0.));
#4876=CARTESIAN_POINT('',(36.7937892265364,-0.3,7.3));
#4877=CARTESIAN_POINT('',(36.7937892265364,-0.3,7.3));
#4878=CARTESIAN_POINT('',(37.2937892265364,-0.3,7.3));
#4879=CARTESIAN_POINT('',(37.2937892265364,-0.3,7.3));
#4880=CARTESIAN_POINT('',(37.2937892265364,-0.3,7.3));
#4881=CARTESIAN_POINT('Origin',(36.7937892265364,-3.,7.3));
#4882=CARTESIAN_POINT('',(36.7937892265364,-3.,0.));
#4883=CARTESIAN_POINT('',(36.7937892265364,-2.325,0.));
#4884=CARTESIAN_POINT('',(36.7937892265364,-3.,7.3));
#4885=CARTESIAN_POINT('',(36.7937892265364,-3.,7.3));
#4886=CARTESIAN_POINT('',(36.7937892265364,-0.3,7.3));
#4887=CARTESIAN_POINT('Origin',(37.2937892265364,-3.,7.3));
#4888=CARTESIAN_POINT('',(37.2937892265364,-3.,0.));
#4889=CARTESIAN_POINT('',(37.1687892265364,-3.,0.));
#4890=CARTESIAN_POINT('',(37.2937892265364,-3.,7.3));
#4891=CARTESIAN_POINT('',(37.2937892265364,-3.,7.3));
#4892=CARTESIAN_POINT('',(36.7937892265364,-3.,7.3));
#4893=CARTESIAN_POINT('Origin',(37.2937892265364,-0.3,7.3));
#4894=CARTESIAN_POINT('',(37.2937892265364,-0.975,0.));
#4895=CARTESIAN_POINT('',(37.2937892265364,-3.,7.3));
#4896=CARTESIAN_POINT('Origin',(37.0437892265364,-1.65,7.3));
#4897=CARTESIAN_POINT('Origin',(37.0437892265364,-1.65,0.));
#4898=CARTESIAN_POINT('Origin',(40.9469766347087,-0.3,7.3));
#4899=CARTESIAN_POINT('',(40.9469766347087,-0.3,0.));
#4900=CARTESIAN_POINT('',(41.4469766347087,-0.3,0.));
#4901=CARTESIAN_POINT('',(41.0719766347087,-0.3,0.));
#4902=CARTESIAN_POINT('',(40.9469766347087,-0.3,7.3));
#4903=CARTESIAN_POINT('',(40.9469766347087,-0.3,7.3));
#4904=CARTESIAN_POINT('',(41.4469766347087,-0.3,7.3));
#4905=CARTESIAN_POINT('',(41.4469766347087,-0.3,7.3));
#4906=CARTESIAN_POINT('',(41.4469766347087,-0.3,7.3));
#4907=CARTESIAN_POINT('Origin',(40.9469766347087,-3.,7.3));
#4908=CARTESIAN_POINT('',(40.9469766347087,-3.,0.));
#4909=CARTESIAN_POINT('',(40.9469766347087,-2.325,0.));
#4910=CARTESIAN_POINT('',(40.9469766347087,-3.,7.3));
#4911=CARTESIAN_POINT('',(40.9469766347087,-3.,7.3));
#4912=CARTESIAN_POINT('',(40.9469766347087,-0.3,7.3));
#4913=CARTESIAN_POINT('Origin',(41.4469766347087,-3.,7.3));
#4914=CARTESIAN_POINT('',(41.4469766347087,-3.,0.));
#4915=CARTESIAN_POINT('',(41.3219766347087,-3.,0.));
#4916=CARTESIAN_POINT('',(41.4469766347087,-3.,7.3));
#4917=CARTESIAN_POINT('',(41.4469766347087,-3.,7.3));
#4918=CARTESIAN_POINT('',(40.9469766347087,-3.,7.3));
#4919=CARTESIAN_POINT('Origin',(41.4469766347087,-0.3,7.3));
#4920=CARTESIAN_POINT('',(41.4469766347087,-0.975,0.));
#4921=CARTESIAN_POINT('',(41.4469766347087,-3.,7.3));
#4922=CARTESIAN_POINT('Origin',(41.1969766347087,-1.65,7.3));
#4923=CARTESIAN_POINT('Origin',(41.1969766347087,-1.65,0.));
#4924=CARTESIAN_POINT('Origin',(45.100164042881,-0.3,7.3));
#4925=CARTESIAN_POINT('',(45.100164042881,-0.3,0.));
#4926=CARTESIAN_POINT('',(45.600164042881,-0.3,0.));
#4927=CARTESIAN_POINT('',(45.225164042881,-0.3,0.));
#4928=CARTESIAN_POINT('',(45.100164042881,-0.3,7.3));
#4929=CARTESIAN_POINT('',(45.100164042881,-0.3,7.3));
#4930=CARTESIAN_POINT('',(45.600164042881,-0.3,7.3));
#4931=CARTESIAN_POINT('',(45.600164042881,-0.3,7.3));
#4932=CARTESIAN_POINT('',(45.600164042881,-0.3,7.3));
#4933=CARTESIAN_POINT('Origin',(45.100164042881,-3.,7.3));
#4934=CARTESIAN_POINT('',(45.100164042881,-3.,0.));
#4935=CARTESIAN_POINT('',(45.100164042881,-2.325,0.));
#4936=CARTESIAN_POINT('',(45.100164042881,-3.,7.3));
#4937=CARTESIAN_POINT('',(45.100164042881,-3.,7.3));
#4938=CARTESIAN_POINT('',(45.100164042881,-0.3,7.3));
#4939=CARTESIAN_POINT('Origin',(45.600164042881,-3.,7.3));
#4940=CARTESIAN_POINT('',(45.600164042881,-3.,0.));
#4941=CARTESIAN_POINT('',(45.475164042881,-3.,0.));
#4942=CARTESIAN_POINT('',(45.600164042881,-3.,7.3));
#4943=CARTESIAN_POINT('',(45.600164042881,-3.,7.3));
#4944=CARTESIAN_POINT('',(45.100164042881,-3.,7.3));
#4945=CARTESIAN_POINT('Origin',(45.600164042881,-0.3,7.3));
#4946=CARTESIAN_POINT('',(45.600164042881,-0.975,0.));
#4947=CARTESIAN_POINT('',(45.600164042881,-3.,7.3));
#4948=CARTESIAN_POINT('Origin',(45.350164042881,-1.65,7.3));
#4949=CARTESIAN_POINT('Origin',(45.350164042881,-1.65,0.));
#4950=CARTESIAN_POINT('Origin',(49.2533514510533,-0.3,7.3));
#4951=CARTESIAN_POINT('',(49.2533514510533,-0.3,0.));
#4952=CARTESIAN_POINT('',(49.7533514510532,-0.3,0.));
#4953=CARTESIAN_POINT('',(49.3783514510532,-0.3,0.));
#4954=CARTESIAN_POINT('',(49.2533514510533,-0.3,7.3));
#4955=CARTESIAN_POINT('',(49.2533514510533,-0.3,7.3));
#4956=CARTESIAN_POINT('',(49.7533514510532,-0.3,7.3));
#4957=CARTESIAN_POINT('',(49.7533514510532,-0.3,7.3));
#4958=CARTESIAN_POINT('',(49.7533514510532,-0.3,7.3));
#4959=CARTESIAN_POINT('Origin',(49.2533514510533,-3.,7.3));
#4960=CARTESIAN_POINT('',(49.2533514510533,-3.,0.));
#4961=CARTESIAN_POINT('',(49.2533514510533,-2.325,0.));
#4962=CARTESIAN_POINT('',(49.2533514510533,-3.,7.3));
#4963=CARTESIAN_POINT('',(49.2533514510533,-3.,7.3));
#4964=CARTESIAN_POINT('',(49.2533514510533,-0.3,7.3));
#4965=CARTESIAN_POINT('Origin',(49.7533514510532,-3.,7.3));
#4966=CARTESIAN_POINT('',(49.7533514510532,-3.,0.));
#4967=CARTESIAN_POINT('',(49.6283514510532,-3.,0.));
#4968=CARTESIAN_POINT('',(49.7533514510532,-3.,7.3));
#4969=CARTESIAN_POINT('',(49.7533514510532,-3.,7.3));
#4970=CARTESIAN_POINT('',(49.2533514510533,-3.,7.3));
#4971=CARTESIAN_POINT('Origin',(49.7533514510532,-0.3,7.3));
#4972=CARTESIAN_POINT('',(49.7533514510532,-0.975,0.));
#4973=CARTESIAN_POINT('',(49.7533514510532,-3.,7.3));
#4974=CARTESIAN_POINT('Origin',(49.5033514510532,-1.65,7.3));
#4975=CARTESIAN_POINT('Origin',(49.5033514510532,-1.65,0.));
#4976=CARTESIAN_POINT('Origin',(53.4065388592255,-0.3,7.3));
#4977=CARTESIAN_POINT('',(53.4065388592255,-0.3,0.));
#4978=CARTESIAN_POINT('',(53.9065388592255,-0.3,0.));
#4979=CARTESIAN_POINT('',(53.5315388592255,-0.3,0.));
#4980=CARTESIAN_POINT('',(53.4065388592255,-0.3,7.3));
#4981=CARTESIAN_POINT('',(53.4065388592255,-0.3,7.3));
#4982=CARTESIAN_POINT('',(53.9065388592255,-0.3,7.3));
#4983=CARTESIAN_POINT('',(53.9065388592255,-0.3,7.3));
#4984=CARTESIAN_POINT('',(53.9065388592255,-0.3,7.3));
#4985=CARTESIAN_POINT('Origin',(53.4065388592255,-3.,7.3));
#4986=CARTESIAN_POINT('',(53.4065388592255,-3.,0.));
#4987=CARTESIAN_POINT('',(53.4065388592255,-2.325,0.));
#4988=CARTESIAN_POINT('',(53.4065388592255,-3.,7.3));
#4989=CARTESIAN_POINT('',(53.4065388592255,-3.,7.3));
#4990=CARTESIAN_POINT('',(53.4065388592255,-0.3,7.3));
#4991=CARTESIAN_POINT('Origin',(53.9065388592255,-3.,7.3));
#4992=CARTESIAN_POINT('',(53.9065388592255,-3.,0.));
#4993=CARTESIAN_POINT('',(53.7815388592255,-3.,0.));
#4994=CARTESIAN_POINT('',(53.9065388592255,-3.,7.3));
#4995=CARTESIAN_POINT('',(53.9065388592255,-3.,7.3));
#4996=CARTESIAN_POINT('',(53.4065388592255,-3.,7.3));
#4997=CARTESIAN_POINT('Origin',(53.9065388592255,-0.3,7.3));
#4998=CARTESIAN_POINT('',(53.9065388592255,-0.975,0.));
#4999=CARTESIAN_POINT('',(53.9065388592255,-3.,7.3));
#5000=CARTESIAN_POINT('Origin',(53.6565388592255,-1.65,7.3));
#5001=CARTESIAN_POINT('Origin',(53.6565388592255,-1.65,0.));
#5002=CARTESIAN_POINT('Origin',(57.5597262673978,-0.3,7.3));
#5003=CARTESIAN_POINT('',(57.5597262673978,-0.3,0.));
#5004=CARTESIAN_POINT('',(58.0597262673978,-0.3,0.));
#5005=CARTESIAN_POINT('',(57.6847262673978,-0.3,0.));
#5006=CARTESIAN_POINT('',(57.5597262673978,-0.3,7.3));
#5007=CARTESIAN_POINT('',(57.5597262673978,-0.3,7.3));
#5008=CARTESIAN_POINT('',(58.0597262673978,-0.3,7.3));
#5009=CARTESIAN_POINT('',(58.0597262673978,-0.3,7.3));
#5010=CARTESIAN_POINT('',(58.0597262673978,-0.3,7.3));
#5011=CARTESIAN_POINT('Origin',(57.5597262673978,-3.,7.3));
#5012=CARTESIAN_POINT('',(57.5597262673978,-3.,0.));
#5013=CARTESIAN_POINT('',(57.5597262673978,-2.325,0.));
#5014=CARTESIAN_POINT('',(57.5597262673978,-3.,7.3));
#5015=CARTESIAN_POINT('',(57.5597262673978,-3.,7.3));
#5016=CARTESIAN_POINT('',(57.5597262673978,-0.3,7.3));
#5017=CARTESIAN_POINT('Origin',(58.0597262673978,-3.,7.3));
#5018=CARTESIAN_POINT('',(58.0597262673978,-3.,0.));
#5019=CARTESIAN_POINT('',(57.9347262673978,-3.,0.));
#5020=CARTESIAN_POINT('',(58.0597262673978,-3.,7.3));
#5021=CARTESIAN_POINT('',(58.0597262673978,-3.,7.3));
#5022=CARTESIAN_POINT('',(57.5597262673978,-3.,7.3));
#5023=CARTESIAN_POINT('Origin',(58.0597262673978,-0.3,7.3));
#5024=CARTESIAN_POINT('',(58.0597262673978,-0.975,0.));
#5025=CARTESIAN_POINT('',(58.0597262673978,-3.,7.3));
#5026=CARTESIAN_POINT('Origin',(57.8097262673978,-1.65,7.3));
#5027=CARTESIAN_POINT('Origin',(57.8097262673978,-1.65,0.));
#5028=CARTESIAN_POINT('Origin',(61.7129136755701,-0.3,7.3));
#5029=CARTESIAN_POINT('',(61.7129136755701,-0.3,0.));
#5030=CARTESIAN_POINT('',(62.2129136755701,-0.3,0.));
#5031=CARTESIAN_POINT('',(61.8379136755701,-0.3,0.));
#5032=CARTESIAN_POINT('',(61.7129136755701,-0.3,7.3));
#5033=CARTESIAN_POINT('',(61.7129136755701,-0.3,7.3));
#5034=CARTESIAN_POINT('',(62.2129136755701,-0.3,7.3));
#5035=CARTESIAN_POINT('',(62.2129136755701,-0.3,7.3));
#5036=CARTESIAN_POINT('',(62.2129136755701,-0.3,7.3));
#5037=CARTESIAN_POINT('Origin',(61.7129136755701,-3.,7.3));
#5038=CARTESIAN_POINT('',(61.7129136755701,-3.,0.));
#5039=CARTESIAN_POINT('',(61.7129136755701,-2.325,0.));
#5040=CARTESIAN_POINT('',(61.7129136755701,-3.,7.3));
#5041=CARTESIAN_POINT('',(61.7129136755701,-3.,7.3));
#5042=CARTESIAN_POINT('',(61.7129136755701,-0.3,7.3));
#5043=CARTESIAN_POINT('Origin',(62.2129136755701,-3.,7.3));
#5044=CARTESIAN_POINT('',(62.2129136755701,-3.,0.));
#5045=CARTESIAN_POINT('',(62.0879136755701,-3.,0.));
#5046=CARTESIAN_POINT('',(62.2129136755701,-3.,7.3));
#5047=CARTESIAN_POINT('',(62.2129136755701,-3.,7.3));
#5048=CARTESIAN_POINT('',(61.7129136755701,-3.,7.3));
#5049=CARTESIAN_POINT('Origin',(62.2129136755701,-0.3,7.3));
#5050=CARTESIAN_POINT('',(62.2129136755701,-0.975,0.));
#5051=CARTESIAN_POINT('',(62.2129136755701,-3.,7.3));
#5052=CARTESIAN_POINT('Origin',(61.9629136755701,-1.65,7.3));
#5053=CARTESIAN_POINT('Origin',(61.9629136755701,-1.65,0.));
#5054=CARTESIAN_POINT('Origin',(65.8661010837424,-0.3,7.3));
#5055=CARTESIAN_POINT('',(65.8661010837424,-0.3,0.));
#5056=CARTESIAN_POINT('',(66.3661010837424,-0.3,0.));
#5057=CARTESIAN_POINT('',(65.9911010837424,-0.3,0.));
#5058=CARTESIAN_POINT('',(65.8661010837424,-0.3,7.3));
#5059=CARTESIAN_POINT('',(65.8661010837424,-0.3,7.3));
#5060=CARTESIAN_POINT('',(66.3661010837424,-0.3,7.3));
#5061=CARTESIAN_POINT('',(66.3661010837424,-0.3,7.3));
#5062=CARTESIAN_POINT('',(66.3661010837424,-0.3,7.3));
#5063=CARTESIAN_POINT('Origin',(65.8661010837424,-3.,7.3));
#5064=CARTESIAN_POINT('',(65.8661010837424,-3.,0.));
#5065=CARTESIAN_POINT('',(65.8661010837424,-2.325,0.));
#5066=CARTESIAN_POINT('',(65.8661010837424,-3.,7.3));
#5067=CARTESIAN_POINT('',(65.8661010837424,-3.,7.3));
#5068=CARTESIAN_POINT('',(65.8661010837424,-0.3,7.3));
#5069=CARTESIAN_POINT('Origin',(66.3661010837424,-3.,7.3));
#5070=CARTESIAN_POINT('',(66.3661010837424,-3.,0.));
#5071=CARTESIAN_POINT('',(66.2411010837424,-3.,0.));
#5072=CARTESIAN_POINT('',(66.3661010837424,-3.,7.3));
#5073=CARTESIAN_POINT('',(66.3661010837424,-3.,7.3));
#5074=CARTESIAN_POINT('',(65.8661010837424,-3.,7.3));
#5075=CARTESIAN_POINT('Origin',(66.3661010837424,-0.3,7.3));
#5076=CARTESIAN_POINT('',(66.3661010837424,-0.975,0.));
#5077=CARTESIAN_POINT('',(66.3661010837424,-3.,7.3));
#5078=CARTESIAN_POINT('Origin',(66.1161010837424,-1.65,7.3));
#5079=CARTESIAN_POINT('Origin',(66.1161010837424,-1.65,0.));
#5080=CARTESIAN_POINT('Origin',(70.0192884919147,-0.3,7.3));
#5081=CARTESIAN_POINT('',(70.0192884919147,-0.3,0.));
#5082=CARTESIAN_POINT('',(70.5192884919147,-0.3,0.));
#5083=CARTESIAN_POINT('',(70.1442884919147,-0.3,0.));
#5084=CARTESIAN_POINT('',(70.0192884919147,-0.3,7.3));
#5085=CARTESIAN_POINT('',(70.0192884919147,-0.3,7.3));
#5086=CARTESIAN_POINT('',(70.5192884919147,-0.3,7.3));
#5087=CARTESIAN_POINT('',(70.5192884919147,-0.3,7.3));
#5088=CARTESIAN_POINT('',(70.5192884919147,-0.3,7.3));
#5089=CARTESIAN_POINT('Origin',(70.0192884919147,-3.,7.3));
#5090=CARTESIAN_POINT('',(70.0192884919147,-3.,0.));
#5091=CARTESIAN_POINT('',(70.0192884919147,-2.325,0.));
#5092=CARTESIAN_POINT('',(70.0192884919147,-3.,7.3));
#5093=CARTESIAN_POINT('',(70.0192884919147,-3.,7.3));
#5094=CARTESIAN_POINT('',(70.0192884919147,-0.3,7.3));
#5095=CARTESIAN_POINT('Origin',(70.5192884919147,-3.,7.3));
#5096=CARTESIAN_POINT('',(70.5192884919147,-3.,0.));
#5097=CARTESIAN_POINT('',(70.3942884919147,-3.,0.));
#5098=CARTESIAN_POINT('',(70.5192884919147,-3.,7.3));
#5099=CARTESIAN_POINT('',(70.5192884919147,-3.,7.3));
#5100=CARTESIAN_POINT('',(70.0192884919147,-3.,7.3));
#5101=CARTESIAN_POINT('Origin',(70.5192884919147,-0.3,7.3));
#5102=CARTESIAN_POINT('',(70.5192884919147,-0.975,0.));
#5103=CARTESIAN_POINT('',(70.5192884919147,-3.,7.3));
#5104=CARTESIAN_POINT('Origin',(70.2692884919147,-1.65,7.3));
#5105=CARTESIAN_POINT('Origin',(70.2692884919147,-1.65,0.));
#5106=CARTESIAN_POINT('Origin',(74.172475900087,-0.299999999999999,7.3));
#5107=CARTESIAN_POINT('',(74.172475900087,-0.299999999999999,0.));
#5108=CARTESIAN_POINT('',(74.672475900087,-0.299999999999999,0.));
#5109=CARTESIAN_POINT('',(74.297475900087,-0.299999999999999,0.));
#5110=CARTESIAN_POINT('',(74.172475900087,-0.299999999999999,7.3));
#5111=CARTESIAN_POINT('',(74.172475900087,-0.299999999999999,7.3));
#5112=CARTESIAN_POINT('',(74.672475900087,-0.299999999999999,7.3));
#5113=CARTESIAN_POINT('',(74.672475900087,-0.299999999999999,7.3));
#5114=CARTESIAN_POINT('',(74.672475900087,-0.299999999999999,7.3));
#5115=CARTESIAN_POINT('Origin',(74.172475900087,-3.,7.3));
#5116=CARTESIAN_POINT('',(74.172475900087,-3.,0.));
#5117=CARTESIAN_POINT('',(74.172475900087,-2.325,0.));
#5118=CARTESIAN_POINT('',(74.172475900087,-3.,7.3));
#5119=CARTESIAN_POINT('',(74.172475900087,-3.,7.3));
#5120=CARTESIAN_POINT('',(74.172475900087,-0.299999999999999,7.3));
#5121=CARTESIAN_POINT('Origin',(74.672475900087,-3.,7.3));
#5122=CARTESIAN_POINT('',(74.672475900087,-3.,0.));
#5123=CARTESIAN_POINT('',(74.547475900087,-3.,0.));
#5124=CARTESIAN_POINT('',(74.672475900087,-3.,7.3));
#5125=CARTESIAN_POINT('',(74.672475900087,-3.,7.3));
#5126=CARTESIAN_POINT('',(74.172475900087,-3.,7.3));
#5127=CARTESIAN_POINT('Origin',(74.672475900087,-0.3,7.3));
#5128=CARTESIAN_POINT('',(74.672475900087,-0.975,0.));
#5129=CARTESIAN_POINT('',(74.672475900087,-3.,7.3));
#5130=CARTESIAN_POINT('Origin',(74.422475900087,-1.65,7.3));
#5131=CARTESIAN_POINT('Origin',(74.422475900087,-1.65,0.));
#5132=CARTESIAN_POINT('Origin',(78.3256633082593,-0.299999999999999,7.3));
#5133=CARTESIAN_POINT('',(78.3256633082593,-0.299999999999999,0.));
#5134=CARTESIAN_POINT('',(78.8256633082593,-0.299999999999999,0.));
#5135=CARTESIAN_POINT('',(78.4506633082593,-0.299999999999999,0.));
#5136=CARTESIAN_POINT('',(78.3256633082593,-0.299999999999999,7.3));
#5137=CARTESIAN_POINT('',(78.3256633082593,-0.299999999999999,7.3));
#5138=CARTESIAN_POINT('',(78.8256633082593,-0.299999999999999,7.3));
#5139=CARTESIAN_POINT('',(78.8256633082593,-0.299999999999999,7.3));
#5140=CARTESIAN_POINT('',(78.8256633082593,-0.299999999999999,7.3));
#5141=CARTESIAN_POINT('Origin',(78.3256633082593,-3.,7.3));
#5142=CARTESIAN_POINT('',(78.3256633082593,-3.,0.));
#5143=CARTESIAN_POINT('',(78.3256633082593,-2.325,0.));
#5144=CARTESIAN_POINT('',(78.3256633082593,-3.,7.3));
#5145=CARTESIAN_POINT('',(78.3256633082593,-3.,7.3));
#5146=CARTESIAN_POINT('',(78.3256633082593,-0.299999999999999,7.3));
#5147=CARTESIAN_POINT('Origin',(78.8256633082593,-3.,7.3));
#5148=CARTESIAN_POINT('',(78.8256633082593,-3.,0.));
#5149=CARTESIAN_POINT('',(78.7006633082593,-3.,0.));
#5150=CARTESIAN_POINT('',(78.8256633082593,-3.,7.3));
#5151=CARTESIAN_POINT('',(78.8256633082593,-3.,7.3));
#5152=CARTESIAN_POINT('',(78.3256633082593,-3.,7.3));
#5153=CARTESIAN_POINT('Origin',(78.8256633082593,-0.3,7.3));
#5154=CARTESIAN_POINT('',(78.8256633082593,-0.975,0.));
#5155=CARTESIAN_POINT('',(78.8256633082593,-3.,7.3));
#5156=CARTESIAN_POINT('Origin',(78.5756633082593,-1.65,7.3));
#5157=CARTESIAN_POINT('Origin',(78.5756633082593,-1.65,0.));
#5158=CARTESIAN_POINT('Origin',(82.4788507164316,-0.299999999999999,7.3));
#5159=CARTESIAN_POINT('',(82.4788507164316,-0.299999999999999,0.));
#5160=CARTESIAN_POINT('',(82.9788507164316,-0.299999999999999,0.));
#5161=CARTESIAN_POINT('',(82.6038507164316,-0.299999999999999,0.));
#5162=CARTESIAN_POINT('',(82.4788507164316,-0.299999999999999,7.3));
#5163=CARTESIAN_POINT('',(82.4788507164316,-0.299999999999999,7.3));
#5164=CARTESIAN_POINT('',(82.9788507164316,-0.299999999999999,7.3));
#5165=CARTESIAN_POINT('',(82.9788507164316,-0.299999999999999,7.3));
#5166=CARTESIAN_POINT('',(82.9788507164316,-0.299999999999999,7.3));
#5167=CARTESIAN_POINT('Origin',(82.4788507164316,-3.,7.3));
#5168=CARTESIAN_POINT('',(82.4788507164316,-3.,0.));
#5169=CARTESIAN_POINT('',(82.4788507164316,-2.325,0.));
#5170=CARTESIAN_POINT('',(82.4788507164316,-3.,7.3));
#5171=CARTESIAN_POINT('',(82.4788507164316,-3.,7.3));
#5172=CARTESIAN_POINT('',(82.4788507164316,-0.299999999999999,7.3));
#5173=CARTESIAN_POINT('Origin',(82.9788507164316,-3.,7.3));
#5174=CARTESIAN_POINT('',(82.9788507164316,-3.,0.));
#5175=CARTESIAN_POINT('',(82.8538507164316,-3.,0.));
#5176=CARTESIAN_POINT('',(82.9788507164316,-3.,7.3));
#5177=CARTESIAN_POINT('',(82.9788507164316,-3.,7.3));
#5178=CARTESIAN_POINT('',(82.4788507164316,-3.,7.3));
#5179=CARTESIAN_POINT('Origin',(82.9788507164316,-0.3,7.3));
#5180=CARTESIAN_POINT('',(82.9788507164316,-0.975,0.));
#5181=CARTESIAN_POINT('',(82.9788507164316,-3.,7.3));
#5182=CARTESIAN_POINT('Origin',(82.7288507164316,-1.65,7.3));
#5183=CARTESIAN_POINT('Origin',(82.7288507164316,-1.65,0.));
#5184=CARTESIAN_POINT('Origin',(86.6320381246039,-0.299999999999999,7.3));
#5185=CARTESIAN_POINT('',(86.6320381246039,-0.299999999999999,0.));
#5186=CARTESIAN_POINT('',(87.1320381246039,-0.299999999999999,0.));
#5187=CARTESIAN_POINT('',(86.7570381246039,-0.299999999999999,0.));
#5188=CARTESIAN_POINT('',(86.6320381246039,-0.299999999999999,7.3));
#5189=CARTESIAN_POINT('',(86.6320381246039,-0.299999999999999,7.3));
#5190=CARTESIAN_POINT('',(87.1320381246039,-0.299999999999999,7.3));
#5191=CARTESIAN_POINT('',(87.1320381246039,-0.299999999999999,7.3));
#5192=CARTESIAN_POINT('',(87.1320381246039,-0.299999999999999,7.3));
#5193=CARTESIAN_POINT('Origin',(86.6320381246039,-3.,7.3));
#5194=CARTESIAN_POINT('',(86.6320381246039,-3.,0.));
#5195=CARTESIAN_POINT('',(86.6320381246039,-2.325,0.));
#5196=CARTESIAN_POINT('',(86.6320381246039,-3.,7.3));
#5197=CARTESIAN_POINT('',(86.6320381246039,-3.,7.3));
#5198=CARTESIAN_POINT('',(86.6320381246039,-0.299999999999999,7.3));
#5199=CARTESIAN_POINT('Origin',(87.1320381246039,-3.,7.3));
#5200=CARTESIAN_POINT('',(87.1320381246039,-3.,0.));
#5201=CARTESIAN_POINT('',(87.0070381246039,-3.,0.));
#5202=CARTESIAN_POINT('',(87.1320381246039,-3.,7.3));
#5203=CARTESIAN_POINT('',(87.1320381246039,-3.,7.3));
#5204=CARTESIAN_POINT('',(86.6320381246039,-3.,7.3));
#5205=CARTESIAN_POINT('Origin',(87.1320381246039,-0.3,7.3));
#5206=CARTESIAN_POINT('',(87.1320381246039,-0.975,0.));
#5207=CARTESIAN_POINT('',(87.1320381246039,-3.,7.3));
#5208=CARTESIAN_POINT('Origin',(86.8820381246039,-1.65,7.3));
#5209=CARTESIAN_POINT('Origin',(86.8820381246039,-1.65,0.));
#5210=CARTESIAN_POINT('Origin',(90.7852255327761,-0.299999999999999,7.3));
#5211=CARTESIAN_POINT('',(90.7852255327761,-0.299999999999999,0.));
#5212=CARTESIAN_POINT('',(91.2852255327761,-0.299999999999999,0.));
#5213=CARTESIAN_POINT('',(90.9102255327761,-0.299999999999999,0.));
#5214=CARTESIAN_POINT('',(90.7852255327761,-0.299999999999999,7.3));
#5215=CARTESIAN_POINT('',(90.7852255327761,-0.299999999999999,7.3));
#5216=CARTESIAN_POINT('',(91.2852255327761,-0.299999999999999,7.3));
#5217=CARTESIAN_POINT('',(91.2852255327761,-0.299999999999999,7.3));
#5218=CARTESIAN_POINT('',(91.2852255327761,-0.299999999999999,7.3));
#5219=CARTESIAN_POINT('Origin',(90.7852255327761,-3.,7.3));
#5220=CARTESIAN_POINT('',(90.7852255327761,-3.,0.));
#5221=CARTESIAN_POINT('',(90.7852255327761,-2.325,0.));
#5222=CARTESIAN_POINT('',(90.7852255327761,-3.,7.3));
#5223=CARTESIAN_POINT('',(90.7852255327761,-3.,7.3));
#5224=CARTESIAN_POINT('',(90.7852255327761,-0.299999999999999,7.3));
#5225=CARTESIAN_POINT('Origin',(91.2852255327761,-3.,7.3));
#5226=CARTESIAN_POINT('',(91.2852255327761,-3.,0.));
#5227=CARTESIAN_POINT('',(91.1602255327761,-3.,0.));
#5228=CARTESIAN_POINT('',(91.2852255327761,-3.,7.3));
#5229=CARTESIAN_POINT('',(91.2852255327761,-3.,7.3));
#5230=CARTESIAN_POINT('',(90.7852255327761,-3.,7.3));
#5231=CARTESIAN_POINT('Origin',(91.2852255327761,-0.3,7.3));
#5232=CARTESIAN_POINT('',(91.2852255327761,-0.975,0.));
#5233=CARTESIAN_POINT('',(91.2852255327761,-3.,7.3));
#5234=CARTESIAN_POINT('Origin',(91.0352255327761,-1.65,7.3));
#5235=CARTESIAN_POINT('Origin',(91.0352255327761,-1.65,0.));
#5236=CARTESIAN_POINT('Origin',(94.9384129409484,-0.299999999999999,7.3));
#5237=CARTESIAN_POINT('',(94.9384129409484,-0.299999999999999,0.));
#5238=CARTESIAN_POINT('',(95.4384129409484,-0.299999999999999,0.));
#5239=CARTESIAN_POINT('',(95.0634129409484,-0.299999999999999,0.));
#5240=CARTESIAN_POINT('',(94.9384129409484,-0.299999999999999,7.3));
#5241=CARTESIAN_POINT('',(94.9384129409484,-0.299999999999999,7.3));
#5242=CARTESIAN_POINT('',(95.4384129409484,-0.299999999999999,7.3));
#5243=CARTESIAN_POINT('',(95.4384129409484,-0.299999999999999,7.3));
#5244=CARTESIAN_POINT('',(95.4384129409484,-0.299999999999999,7.3));
#5245=CARTESIAN_POINT('Origin',(94.9384129409484,-3.,7.3));
#5246=CARTESIAN_POINT('',(94.9384129409484,-3.,0.));
#5247=CARTESIAN_POINT('',(94.9384129409484,-2.325,0.));
#5248=CARTESIAN_POINT('',(94.9384129409484,-3.,7.3));
#5249=CARTESIAN_POINT('',(94.9384129409484,-3.,7.3));
#5250=CARTESIAN_POINT('',(94.9384129409484,-0.299999999999999,7.3));
#5251=CARTESIAN_POINT('Origin',(95.4384129409484,-3.,7.3));
#5252=CARTESIAN_POINT('',(95.4384129409484,-3.,0.));
#5253=CARTESIAN_POINT('',(95.3134129409484,-3.,0.));
#5254=CARTESIAN_POINT('',(95.4384129409484,-3.,7.3));
#5255=CARTESIAN_POINT('',(95.4384129409484,-3.,7.3));
#5256=CARTESIAN_POINT('',(94.9384129409484,-3.,7.3));
#5257=CARTESIAN_POINT('Origin',(95.4384129409484,-0.3,7.3));
#5258=CARTESIAN_POINT('',(95.4384129409484,-0.975,0.));
#5259=CARTESIAN_POINT('',(95.4384129409484,-3.,7.3));
#5260=CARTESIAN_POINT('Origin',(95.1884129409484,-1.65,7.3));
#5261=CARTESIAN_POINT('Origin',(95.1884129409484,-1.65,0.));
#5262=CARTESIAN_POINT('Origin',(99.0916003491207,-0.299999999999999,7.3));
#5263=CARTESIAN_POINT('',(99.0916003491207,-0.299999999999999,0.));
#5264=CARTESIAN_POINT('',(99.5916003491207,-0.299999999999999,0.));
#5265=CARTESIAN_POINT('',(99.2166003491207,-0.299999999999999,0.));
#5266=CARTESIAN_POINT('',(99.0916003491207,-0.299999999999999,7.3));
#5267=CARTESIAN_POINT('',(99.0916003491207,-0.299999999999999,7.3));
#5268=CARTESIAN_POINT('',(99.5916003491207,-0.299999999999999,7.3));
#5269=CARTESIAN_POINT('',(99.5916003491207,-0.299999999999999,7.3));
#5270=CARTESIAN_POINT('',(99.5916003491207,-0.299999999999999,7.3));
#5271=CARTESIAN_POINT('Origin',(99.0916003491207,-3.,7.3));
#5272=CARTESIAN_POINT('',(99.0916003491207,-3.,0.));
#5273=CARTESIAN_POINT('',(99.0916003491207,-2.325,0.));
#5274=CARTESIAN_POINT('',(99.0916003491207,-3.,7.3));
#5275=CARTESIAN_POINT('',(99.0916003491207,-3.,7.3));
#5276=CARTESIAN_POINT('',(99.0916003491207,-0.299999999999999,7.3));
#5277=CARTESIAN_POINT('Origin',(99.5916003491207,-3.,7.3));
#5278=CARTESIAN_POINT('',(99.5916003491207,-3.,0.));
#5279=CARTESIAN_POINT('',(99.4666003491207,-3.,0.));
#5280=CARTESIAN_POINT('',(99.5916003491207,-3.,7.3));
#5281=CARTESIAN_POINT('',(99.5916003491207,-3.,7.3));
#5282=CARTESIAN_POINT('',(99.0916003491207,-3.,7.3));
#5283=CARTESIAN_POINT('Origin',(99.5916003491207,-0.3,7.3));
#5284=CARTESIAN_POINT('',(99.5916003491207,-0.975,0.));
#5285=CARTESIAN_POINT('',(99.5916003491207,-3.,7.3));
#5286=CARTESIAN_POINT('Origin',(99.3416003491207,-1.65,7.3));
#5287=CARTESIAN_POINT('Origin',(99.3416003491207,-1.65,0.));
#5288=CARTESIAN_POINT('Origin',(103.244787757293,-0.299999999999999,7.3));
#5289=CARTESIAN_POINT('',(103.244787757293,-0.299999999999999,0.));
#5290=CARTESIAN_POINT('',(103.744787757293,-0.299999999999999,0.));
#5291=CARTESIAN_POINT('',(103.369787757293,-0.299999999999999,0.));
#5292=CARTESIAN_POINT('',(103.244787757293,-0.299999999999999,7.3));
#5293=CARTESIAN_POINT('',(103.244787757293,-0.299999999999999,7.3));
#5294=CARTESIAN_POINT('',(103.744787757293,-0.299999999999999,7.3));
#5295=CARTESIAN_POINT('',(103.744787757293,-0.299999999999999,7.3));
#5296=CARTESIAN_POINT('',(103.744787757293,-0.299999999999999,7.3));
#5297=CARTESIAN_POINT('Origin',(103.244787757293,-3.,7.3));
#5298=CARTESIAN_POINT('',(103.244787757293,-3.,0.));
#5299=CARTESIAN_POINT('',(103.244787757293,-2.325,0.));
#5300=CARTESIAN_POINT('',(103.244787757293,-3.,7.3));
#5301=CARTESIAN_POINT('',(103.244787757293,-3.,7.3));
#5302=CARTESIAN_POINT('',(103.244787757293,-0.299999999999999,7.3));
#5303=CARTESIAN_POINT('Origin',(103.744787757293,-3.,7.3));
#5304=CARTESIAN_POINT('',(103.744787757293,-3.,0.));
#5305=CARTESIAN_POINT('',(103.619787757293,-3.,0.));
#5306=CARTESIAN_POINT('',(103.744787757293,-3.,7.3));
#5307=CARTESIAN_POINT('',(103.744787757293,-3.,7.3));
#5308=CARTESIAN_POINT('',(103.244787757293,-3.,7.3));
#5309=CARTESIAN_POINT('Origin',(103.744787757293,-0.3,7.3));
#5310=CARTESIAN_POINT('',(103.744787757293,-0.975,0.));
#5311=CARTESIAN_POINT('',(103.744787757293,-3.,7.3));
#5312=CARTESIAN_POINT('Origin',(103.494787757293,-1.65,7.3));
#5313=CARTESIAN_POINT('Origin',(103.494787757293,-1.65,0.));
#5314=CARTESIAN_POINT('Origin',(107.397975165465,-0.299999999999999,7.3));
#5315=CARTESIAN_POINT('',(107.397975165465,-0.299999999999999,0.));
#5316=CARTESIAN_POINT('',(107.897975165465,-0.299999999999999,0.));
#5317=CARTESIAN_POINT('',(107.522975165465,-0.299999999999999,0.));
#5318=CARTESIAN_POINT('',(107.397975165465,-0.299999999999999,7.3));
#5319=CARTESIAN_POINT('',(107.397975165465,-0.299999999999999,7.3));
#5320=CARTESIAN_POINT('',(107.897975165465,-0.299999999999999,7.3));
#5321=CARTESIAN_POINT('',(107.897975165465,-0.299999999999999,7.3));
#5322=CARTESIAN_POINT('',(107.897975165465,-0.299999999999999,7.3));
#5323=CARTESIAN_POINT('Origin',(107.397975165465,-3.,7.3));
#5324=CARTESIAN_POINT('',(107.397975165465,-3.,0.));
#5325=CARTESIAN_POINT('',(107.397975165465,-2.325,0.));
#5326=CARTESIAN_POINT('',(107.397975165465,-3.,7.3));
#5327=CARTESIAN_POINT('',(107.397975165465,-3.,7.3));
#5328=CARTESIAN_POINT('',(107.397975165465,-0.299999999999999,7.3));
#5329=CARTESIAN_POINT('Origin',(107.897975165465,-3.,7.3));
#5330=CARTESIAN_POINT('',(107.897975165465,-3.,0.));
#5331=CARTESIAN_POINT('',(107.772975165465,-3.,0.));
#5332=CARTESIAN_POINT('',(107.897975165465,-3.,7.3));
#5333=CARTESIAN_POINT('',(107.897975165465,-3.,7.3));
#5334=CARTESIAN_POINT('',(107.397975165465,-3.,7.3));
#5335=CARTESIAN_POINT('Origin',(107.897975165465,-0.3,7.3));
#5336=CARTESIAN_POINT('',(107.897975165465,-0.975,0.));
#5337=CARTESIAN_POINT('',(107.897975165465,-3.,7.3));
#5338=CARTESIAN_POINT('Origin',(107.647975165465,-1.65,7.3));
#5339=CARTESIAN_POINT('Origin',(107.647975165465,-1.65,0.));
#5340=CARTESIAN_POINT('Origin',(111.551162573638,-0.299999999999999,7.3));
#5341=CARTESIAN_POINT('',(111.551162573638,-0.299999999999999,0.));
#5342=CARTESIAN_POINT('',(112.051162573638,-0.299999999999999,0.));
#5343=CARTESIAN_POINT('',(111.676162573638,-0.299999999999999,0.));
#5344=CARTESIAN_POINT('',(111.551162573638,-0.299999999999999,7.3));
#5345=CARTESIAN_POINT('',(111.551162573638,-0.299999999999999,7.3));
#5346=CARTESIAN_POINT('',(112.051162573638,-0.299999999999999,7.3));
#5347=CARTESIAN_POINT('',(112.051162573638,-0.299999999999999,7.3));
#5348=CARTESIAN_POINT('',(112.051162573638,-0.299999999999999,7.3));
#5349=CARTESIAN_POINT('Origin',(111.551162573638,-3.,7.3));
#5350=CARTESIAN_POINT('',(111.551162573638,-3.,0.));
#5351=CARTESIAN_POINT('',(111.551162573638,-2.325,0.));
#5352=CARTESIAN_POINT('',(111.551162573638,-3.,7.3));
#5353=CARTESIAN_POINT('',(111.551162573638,-3.,7.3));
#5354=CARTESIAN_POINT('',(111.551162573638,-0.299999999999999,7.3));
#5355=CARTESIAN_POINT('Origin',(112.051162573638,-3.,7.3));
#5356=CARTESIAN_POINT('',(112.051162573638,-3.,0.));
#5357=CARTESIAN_POINT('',(111.926162573638,-3.,0.));
#5358=CARTESIAN_POINT('',(112.051162573638,-3.,7.3));
#5359=CARTESIAN_POINT('',(112.051162573638,-3.,7.3));
#5360=CARTESIAN_POINT('',(111.551162573638,-3.,7.3));
#5361=CARTESIAN_POINT('Origin',(112.051162573638,-0.3,7.3));
#5362=CARTESIAN_POINT('',(112.051162573638,-0.975,0.));
#5363=CARTESIAN_POINT('',(112.051162573638,-3.,7.3));
#5364=CARTESIAN_POINT('Origin',(111.801162573638,-1.65,7.3));
#5365=CARTESIAN_POINT('Origin',(111.801162573638,-1.65,0.));
#5366=CARTESIAN_POINT('Origin',(115.70434998181,-0.299999999999999,7.3));
#5367=CARTESIAN_POINT('',(115.70434998181,-0.299999999999999,0.));
#5368=CARTESIAN_POINT('',(116.20434998181,-0.299999999999999,0.));
#5369=CARTESIAN_POINT('',(115.82934998181,-0.299999999999999,0.));
#5370=CARTESIAN_POINT('',(115.70434998181,-0.299999999999999,7.3));
#5371=CARTESIAN_POINT('',(115.70434998181,-0.299999999999999,7.3));
#5372=CARTESIAN_POINT('',(116.20434998181,-0.299999999999999,7.3));
#5373=CARTESIAN_POINT('',(116.20434998181,-0.299999999999999,7.3));
#5374=CARTESIAN_POINT('',(116.20434998181,-0.299999999999999,7.3));
#5375=CARTESIAN_POINT('Origin',(115.70434998181,-3.,7.3));
#5376=CARTESIAN_POINT('',(115.70434998181,-3.,0.));
#5377=CARTESIAN_POINT('',(115.70434998181,-2.325,0.));
#5378=CARTESIAN_POINT('',(115.70434998181,-3.,7.3));
#5379=CARTESIAN_POINT('',(115.70434998181,-3.,7.3));
#5380=CARTESIAN_POINT('',(115.70434998181,-0.299999999999999,7.3));
#5381=CARTESIAN_POINT('Origin',(116.20434998181,-3.,7.3));
#5382=CARTESIAN_POINT('',(116.20434998181,-3.,0.));
#5383=CARTESIAN_POINT('',(116.07934998181,-3.,0.));
#5384=CARTESIAN_POINT('',(116.20434998181,-3.,7.3));
#5385=CARTESIAN_POINT('',(116.20434998181,-3.,7.3));
#5386=CARTESIAN_POINT('',(115.70434998181,-3.,7.3));
#5387=CARTESIAN_POINT('Origin',(116.20434998181,-0.3,7.3));
#5388=CARTESIAN_POINT('',(116.20434998181,-0.975,0.));
#5389=CARTESIAN_POINT('',(116.20434998181,-3.,7.3));
#5390=CARTESIAN_POINT('Origin',(115.95434998181,-1.65,7.3));
#5391=CARTESIAN_POINT('Origin',(115.95434998181,-1.65,0.));
#5392=CARTESIAN_POINT('Origin',(119.857537389982,-0.299999999999999,7.3));
#5393=CARTESIAN_POINT('',(119.857537389982,-0.299999999999999,0.));
#5394=CARTESIAN_POINT('',(120.357537389982,-0.299999999999999,0.));
#5395=CARTESIAN_POINT('',(119.982537389982,-0.299999999999999,0.));
#5396=CARTESIAN_POINT('',(119.857537389982,-0.299999999999999,7.3));
#5397=CARTESIAN_POINT('',(119.857537389982,-0.299999999999999,7.3));
#5398=CARTESIAN_POINT('',(120.357537389982,-0.299999999999999,7.3));
#5399=CARTESIAN_POINT('',(120.357537389982,-0.299999999999999,7.3));
#5400=CARTESIAN_POINT('',(120.357537389982,-0.299999999999999,7.3));
#5401=CARTESIAN_POINT('Origin',(119.857537389982,-3.,7.3));
#5402=CARTESIAN_POINT('',(119.857537389982,-3.,0.));
#5403=CARTESIAN_POINT('',(119.857537389982,-2.325,0.));
#5404=CARTESIAN_POINT('',(119.857537389982,-3.,7.3));
#5405=CARTESIAN_POINT('',(119.857537389982,-3.,7.3));
#5406=CARTESIAN_POINT('',(119.857537389982,-0.299999999999999,7.3));
#5407=CARTESIAN_POINT('Origin',(120.357537389982,-3.,7.3));
#5408=CARTESIAN_POINT('',(120.357537389982,-3.,0.));
#5409=CARTESIAN_POINT('',(120.232537389982,-3.,0.));
#5410=CARTESIAN_POINT('',(120.357537389982,-3.,7.3));
#5411=CARTESIAN_POINT('',(120.357537389982,-3.,7.3));
#5412=CARTESIAN_POINT('',(119.857537389982,-3.,7.3));
#5413=CARTESIAN_POINT('Origin',(120.357537389982,-0.3,7.3));
#5414=CARTESIAN_POINT('',(120.357537389982,-0.975,0.));
#5415=CARTESIAN_POINT('',(120.357537389982,-3.,7.3));
#5416=CARTESIAN_POINT('Origin',(120.107537389982,-1.65,7.3));
#5417=CARTESIAN_POINT('Origin',(120.107537389982,-1.65,0.));
#5418=CARTESIAN_POINT('Origin',(124.010724798154,-0.299999999999999,7.3));
#5419=CARTESIAN_POINT('',(124.010724798154,-0.299999999999999,0.));
#5420=CARTESIAN_POINT('',(124.510724798154,-0.299999999999999,0.));
#5421=CARTESIAN_POINT('',(124.135724798154,-0.299999999999999,0.));
#5422=CARTESIAN_POINT('',(124.010724798154,-0.299999999999999,7.3));
#5423=CARTESIAN_POINT('',(124.010724798154,-0.299999999999999,7.3));
#5424=CARTESIAN_POINT('',(124.510724798154,-0.299999999999999,7.3));
#5425=CARTESIAN_POINT('',(124.510724798154,-0.299999999999999,7.3));
#5426=CARTESIAN_POINT('',(124.510724798154,-0.299999999999999,7.3));
#5427=CARTESIAN_POINT('Origin',(124.010724798154,-3.,7.3));
#5428=CARTESIAN_POINT('',(124.010724798154,-3.,0.));
#5429=CARTESIAN_POINT('',(124.010724798154,-2.325,0.));
#5430=CARTESIAN_POINT('',(124.010724798154,-3.,7.3));
#5431=CARTESIAN_POINT('',(124.010724798154,-3.,7.3));
#5432=CARTESIAN_POINT('',(124.010724798154,-0.299999999999999,7.3));
#5433=CARTESIAN_POINT('Origin',(124.510724798154,-3.,7.3));
#5434=CARTESIAN_POINT('',(124.510724798154,-3.,0.));
#5435=CARTESIAN_POINT('',(124.385724798154,-3.,0.));
#5436=CARTESIAN_POINT('',(124.510724798154,-3.,7.3));
#5437=CARTESIAN_POINT('',(124.510724798154,-3.,7.3));
#5438=CARTESIAN_POINT('',(124.010724798154,-3.,7.3));
#5439=CARTESIAN_POINT('Origin',(124.510724798154,-0.3,7.3));
#5440=CARTESIAN_POINT('',(124.510724798154,-0.975,0.));
#5441=CARTESIAN_POINT('',(124.510724798154,-3.,7.3));
#5442=CARTESIAN_POINT('Origin',(124.260724798154,-1.65,7.3));
#5443=CARTESIAN_POINT('Origin',(124.260724798154,-1.65,0.));
#5444=CARTESIAN_POINT('Origin',(128.163912206327,-0.299999999999999,7.3));
#5445=CARTESIAN_POINT('',(128.163912206327,-0.299999999999999,0.));
#5446=CARTESIAN_POINT('',(128.663912206327,-0.299999999999999,0.));
#5447=CARTESIAN_POINT('',(128.288912206327,-0.299999999999999,0.));
#5448=CARTESIAN_POINT('',(128.163912206327,-0.299999999999999,7.3));
#5449=CARTESIAN_POINT('',(128.163912206327,-0.299999999999999,7.3));
#5450=CARTESIAN_POINT('',(128.663912206327,-0.299999999999999,7.3));
#5451=CARTESIAN_POINT('',(128.663912206327,-0.299999999999999,7.3));
#5452=CARTESIAN_POINT('',(128.663912206327,-0.299999999999999,7.3));
#5453=CARTESIAN_POINT('Origin',(128.163912206327,-3.,7.3));
#5454=CARTESIAN_POINT('',(128.163912206327,-3.,0.));
#5455=CARTESIAN_POINT('',(128.163912206327,-2.325,0.));
#5456=CARTESIAN_POINT('',(128.163912206327,-3.,7.3));
#5457=CARTESIAN_POINT('',(128.163912206327,-3.,7.3));
#5458=CARTESIAN_POINT('',(128.163912206327,-0.299999999999999,7.3));
#5459=CARTESIAN_POINT('Origin',(128.663912206327,-3.,7.3));
#5460=CARTESIAN_POINT('',(128.663912206327,-3.,0.));
#5461=CARTESIAN_POINT('',(128.538912206327,-3.,0.));
#5462=CARTESIAN_POINT('',(128.663912206327,-3.,7.3));
#5463=CARTESIAN_POINT('',(128.663912206327,-3.,7.3));
#5464=CARTESIAN_POINT('',(128.163912206327,-3.,7.3));
#5465=CARTESIAN_POINT('Origin',(128.663912206327,-0.3,7.3));
#5466=CARTESIAN_POINT('',(128.663912206327,-0.975,0.));
#5467=CARTESIAN_POINT('',(128.663912206327,-3.,7.3));
#5468=CARTESIAN_POINT('Origin',(128.413912206327,-1.65,7.3));
#5469=CARTESIAN_POINT('Origin',(128.413912206327,-1.65,0.));
#5470=CARTESIAN_POINT('',(0.,0.,0.));
#5471=UNCERTAINTY_MEASURE_WITH_UNIT(LENGTH_MEASURE(0.01),#5477,
'DISTANCE_ACCURACY_VALUE',
'Maximum model space distance between geometric entities at asserted c
onnectivities');
#5472=UNCERTAINTY_MEASURE_WITH_UNIT(LENGTH_MEASURE(0.01),#5477,
'DISTANCE_ACCURACY_VALUE',
'Maximum model space distance between geometric entities at asserted c
onnectivities');
#5473=UNCERTAINTY_MEASURE_WITH_UNIT(LENGTH_MEASURE(0.01),#5477,
'DISTANCE_ACCURACY_VALUE',
'Maximum model space distance between geometric entities at asserted c
onnectivities');
#5474=(
GEOMETRIC_REPRESENTATION_CONTEXT(3)
GLOBAL_UNCERTAINTY_ASSIGNED_CONTEXT((#5471))
GLOBAL_UNIT_ASSIGNED_CONTEXT((#5477,#5479,#5480))
REPRESENTATION_CONTEXT('','3D')
);
#5475=(
GEOMETRIC_REPRESENTATION_CONTEXT(3)
GLOBAL_UNCERTAINTY_ASSIGNED_CONTEXT((#5472))
GLOBAL_UNIT_ASSIGNED_CONTEXT((#5477,#5479,#5480))
REPRESENTATION_CONTEXT('','3D')
);
#5476=(
GEOMETRIC_REPRESENTATION_CONTEXT(3)
GLOBAL_UNCERTAINTY_ASSIGNED_CONTEXT((#5473))
GLOBAL_UNIT_ASSIGNED_CONTEXT((#5477,#5479,#5480))
REPRESENTATION_CONTEXT('','3D')
);
#5477=(
LENGTH_UNIT()
NAMED_UNIT(*)
SI_UNIT(.MILLI.,.METRE.)
);
#5478=(
LENGTH_UNIT()
NAMED_UNIT(*)
SI_UNIT($,.METRE.)
);
#5479=(
NAMED_UNIT(*)
PLANE_ANGLE_UNIT()
SI_UNIT($,.RADIAN.)
);
#5480=(
NAMED_UNIT(*)
SI_UNIT($,.STERADIAN.)
SOLID_ANGLE_UNIT()
);
#5481=SHAPE_DEFINITION_REPRESENTATION(#5483,#5486);
#5482=SHAPE_DEFINITION_REPRESENTATION(#5484,#5487);
#5483=PRODUCT_DEFINITION_SHAPE('',$,#5489);
#5484=PRODUCT_DEFINITION_SHAPE('',$,#5490);
#5485=PRODUCT_DEFINITION_SHAPE($,$,#14);
#5486=SHAPE_REPRESENTATION('',(#3443,#3662),#5474);
#5487=SHAPE_REPRESENTATION('',(#3444),#5475);
#5488=PRODUCT_DEFINITION_CONTEXT('part definition',#5496,'design');
#5489=PRODUCT_DEFINITION('2020','Extrusion Handles v2',#5491,#5488);
#5490=PRODUCT_DEFINITION('Handle','Handle',#5492,#5488);
#5491=PRODUCT_DEFINITION_FORMATION('',$,#5498);
#5492=PRODUCT_DEFINITION_FORMATION('',$,#5499);
#5493=PRODUCT_RELATED_PRODUCT_CATEGORY('Extrusion Handles v2',
'Extrusion Handles v2',(#5498));
#5494=PRODUCT_RELATED_PRODUCT_CATEGORY('Handle','Handle',(#5499));
#5495=APPLICATION_PROTOCOL_DEFINITION('international standard',
'automotive_design',2009,#5496);
#5496=APPLICATION_CONTEXT(
'Core Data for Automotive Mechanical Design Process');
#5497=PRODUCT_CONTEXT('part definition',#5496,'mechanical');
#5498=PRODUCT('2020','Extrusion Handles v2',$,(#5497));
#5499=PRODUCT('Handle','Handle',$,(#5497));
#5500=PRESENTATION_STYLE_ASSIGNMENT((#5502));
#5501=PRESENTATION_STYLE_ASSIGNMENT((#5503));
#5502=SURFACE_STYLE_USAGE(.BOTH.,#5504);
#5503=SURFACE_STYLE_USAGE(.BOTH.,#5505);
#5504=SURFACE_SIDE_STYLE('',(#5506));
#5505=SURFACE_SIDE_STYLE('',(#5507));
#5506=SURFACE_STYLE_FILL_AREA(#5508);
#5507=SURFACE_STYLE_FILL_AREA(#5509);
#5508=FILL_AREA_STYLE('Steel - Satin',(#5510));
#5509=FILL_AREA_STYLE('ABS (White)',(#5511));
#5510=FILL_AREA_STYLE_COLOUR('Steel - Satin',#5512);
#5511=FILL_AREA_STYLE_COLOUR('ABS (White)',#5513);
#5512=COLOUR_RGB('Steel - Satin',0.627450980392157,0.627450980392157,0.627450980392157);
#5513=COLOUR_RGB('ABS (White)',0.,0.,0.);
ENDSEC;
END-ISO-10303-21;
